Date,Close,Open,High,Low,Adj Close,Volume
1999-03-10,50.12417853825281,50.12417853825281,50.26772688278678,50.09050419919471,50.12417853825281,71727311
1999-03-11,50.050121100850774,50.12417853825281,50.202104435834904,50.038096609569315,50.050121100850774,84849102
1999-03-12,50.33196254854051,50.050121100850774,50.408395015135596,50.00810578655984,50.33196254854051,42238823
1999-03-15,50.63693080713981,50.33196254854051,50.664201008459884,50.29190509943784,50.63693080713981,80616731
1999-03-16,50.28004783703997,50.63693080713981,50.772774416523454,50.064448027034,50.28004783703997,67442818
1999-03-17,50.36469852144713,50.28004783703997,50.48048533023957,50.08602938772764,50.36469852144713,97576412
1999-03-18,50.907292727984064,50.36469852144713,50.94769467450011,50.34638861380716,50.907292727984064,89377338
1999-03-19,50.787355310722155,50.907292727984064,50.96315228002471,50.75647864093068,50.787355310722155,68709604
1999-03-22,50.559006066614785,50.787355310722155,51.08317659197202,50.493656629247326,50.559006066614785,69333274
1999-03-23,50.90042096021525,50.559006066614785,51.26459904328301,50.52312805200883,50.90042096021525,71286703
1999-03-24,50.72963956962395,50.90042096021525,50.95327351342754,50.61290112832859,50.72963956962395,31812013
1999-03-25,50.813600177162826,50.72963956962395,50.88860322796537,50.64776441627627,50.813600177162826,88842481
1999-03-26,51.07867003706897,50.813600177162826,51.394982894524965,50.704171123356126,51.07867003706897,56609894
1999-03-29,50.61283559850481,51.07867003706897,51.102895865065825,50.4077027011693,50.61283559850481,53051358
1999-03-30,50.744978656424635,50.61283559850481,50.86977167979289,50.47866736642119,50.744978656424635,96226478
1999-03-31,51.12704069695306,50.744978656424635,51.15702251036434,50.720547046948965,51.12704069695306,75632602
1999-04-01,51.09585777164293,51.12704069695306,51.17262974171573,50.92373097835539,51.09585777164293,30150025
1999-04-02,51.52150344529039,51.09585777164293,51.77920218263954,50.84020507371302,51.52150344529039,81022591
1999-04-05,51.291492102577585,51.52150344529039,51.84979735518089,51.25491254299769,51.291492102577585,32822626
1999-04-06,51.245723324528306,51.291492102577585,51.355137087603794,51.17298912970474,51.245723324528306,60671736
1999-04-07,52.07374819874668,51.245723324528306,52.407372215662576,50.97872385854797,52.07374819874668,45554364
1999-04-08,51.721207915424884,52.07374819874668,52.11780793549029,51.668689201864005,51.721207915424884,54970939
1999-04-09,51.881918331046194,51.721207915424884,52.13882300607983,51.69810613042814,51.881918331046194,33654890
1999-04-12,51.57908023807252,51.881918331046194,51.97985253111055,51.34463553347238,51.57908023807252,60169970
1999-04-13,51.89226652844981,51.57908023807252,51.89725557977595,51.508941863505456,51.89226652844981,52038710
1999-04-14,52.147549742657446,51.89226652844981,52.1527944359137,51.81470960465573,52.147549742657446,74018810
1999-04-15,51.90296099843554,52.147549742657446,52.49447556601665,51.4840550537451,51.90296099843554,52019394
1999-04-16,52.38635833784715,51.90296099843554,52.569948084723414,51.814306403194195,52.38635833784715,60723898
1999-04-19,52.2155954617077,52.38635833784715,52.55874221072854,52.14742382476268,52.2155954617077,39505333
1999-04-20,52.38111930884659,52.2155954617077,52.51030153278613,52.07856457737214,52.38111930884659,82026215
1999-04-21,52.384297415431256,52.38111930884659,52.52135879847109,52.18030950131457,52.384297415431256,39283348
1999-04-22,53.11451896295765,52.384297415431256,53.16615208230013,52.32571462117171,53.11451896295765,36241900
1999-04-23,52.708307087378394,53.11451896295765,53.245834449785065,52.59368009389242,52.708307087378394,64647874
1999-04-26,52.51739241155104,52.708307087378394,52.73426320034025,52.40601011053111,52.51739241155104,85520094
1999-04-27,53.09884238353915,52.51739241155104,53.29030592436914,52.299914801224446,53.09884238353915,56926999
1999-04-28,52.64278505032547,53.09884238353915,53.1002423519295,52.54406236996885,52.64278505032547,98724939
1999-04-29,53.10624941121736,52.64278505032547,53.11546823882113,52.36145152321628,53.10624941121736,90881197
1999-04-30,52.61495204759635,53.10624941121736,53.14856329708881,52.525515915733116,52.61495204759635,77954986
1999-05-03,52.86690642427617,52.61495204759635,52.97546076233594,52.51426307963257,52.86690642427617,58599965
1999-05-04,53.35755327006851,52.86690642427617,53.42497568495264,52.72891424806397,53.35755327006851,59439837
1999-05-05,53.58696353618521,53.35755327006851,53.743935514001706,53.08387575841956,53.58696353618521,89265662
1999-05-06,53.52039550230121,53.58696353618521,53.76896884034842,53.32613349253301,53.52039550230121,45433918
1999-05-07,53.52835181590281,53.52039550230121,53.70482134360073,53.4498016100219,53.52835181590281,88996489
1999-05-10,53.56330566131017,53.52835181590281,53.673768209523985,53.38320036521297,53.56330566131017,53974786
1999-05-11,53.33161739750299,53.56330566131017,53.57753382380093,53.18987237005102,53.33161739750299,56169114
1999-05-12,53.61987242697854,53.33161739750299,53.692885226468036,53.207414419193384,53.61987242697854,94596029
1999-05-13,53.7741668396905,53.61987242697854,53.917753178699776,53.45811907829936,53.7741668396905,72702743
1999-05-14,54.26838426190739,53.7741668396905,54.36724954920855,53.71495786537029,54.26838426190739,70737069
1999-05-17,54.16069002912911,54.26838426190739,54.30097805770166,53.65982894573875,54.16069002912911,56342374
1999-05-18,53.6751768392895,54.16069002912911,54.38803948298081,53.61053641542424,53.6751768392895,94835646
1999-05-19,54.325175313734185,53.6751768392895,54.57601784704105,53.57149700711517,54.325175313734185,68841091
1999-05-20,54.21744163485303,54.325175313734185,54.581437739041995,54.036711282293446,54.21744163485303,39588751
1999-05-21,54.222633930425246,54.21744163485303,54.26852673860032,54.15397589957748,54.222633930425246,95754212
1999-05-24,54.658181293951145,54.222633930425246,54.859985241450055,54.03977960982194,54.658181293951145,65540954
1999-05-25,54.85761173410483,54.658181293951145,55.01378359144398,54.48049904478651,54.85761173410483,89950272
1999-05-26,54.915540541029635,54.85761173410483,55.064949725780366,54.68672159993497,54.915540541029635,34849604
1999-05-27,54.516044694914484,54.915540541029635,55.30277020202372,54.17163581914334,54.516044694914484,55796396
1999-05-28,54.7457371156035,54.516044694914484,55.02048432403407,54.391068030815255,54.7457371156035,79701762
1999-05-31,55.006211315063354,54.7457371156035,55.14878408951406,54.61593239842516,55.006211315063354,90087204
1999-06-01,55.26827490995865,55.006211315063354,55.289254622166226,54.978224538184385,55.26827490995865,98427524
1999-06-02,54.91357272681122,55.26827490995865,55.419211077919414,54.827138415094026,54.91357272681122,30302891
1999-06-03,55.039768481882604,54.91357272681122,55.15455368485683,54.7881733486589,55.039768481882604,56672343
1999-06-04,54.83136719921151,55.039768481882604,55.101792851042255,54.58362544393337,54.83136719921151,62508739
1999-06-07,54.851773899628654,54.83136719921151,55.066488462791995,54.76264894524986,54.851773899628654,50352754
1999-06-08,55.451640653229305,54.851773899628654,55.525113394627,54.56033707777306,55.451640653229305,65619490
1999-06-09,55.64754269880503,55.451640653229305,55.8868933571276,55.33458395149462,55.64754269880503,97184949
1999-06-10,55.298264473190166,55.64754269880503,55.78734141137218,55.19175253530444,55.298264473190166,66442009
1999-06-11,55.64143251582557,55.298264473190166,55.99312350129495,55.21442234344645,55.64143251582557,36696891
1999-06-14,55.50928052603024,55.64143251582557,55.879125723441184,55.50080197820595,55.50928052603024,46806004
1999-06-15,55.275671340768575,55.50928052603024,55.539010603322524,55.24741425273684,55.275671340768575,93664890
1999-06-16,55.60028728052858,55.275671340768575,55.927973584803006,54.96294404233784,55.60028728052858,52158705
1999-06-17,55.97260924641396,55.60028728052858,56.2213200190577,55.53814357103969,55.97260924641396,36458081
1999-06-18,55.58095108049285,55.97260924641396,55.97300702966508,55.467340569575185,55.58095108049285,41343316
1999-06-21,56.07161905334462,55.58095108049285,56.16306180972212,55.47105758724001,56.07161905334462,48912027
1999-06-22,54.95245732897501,56.07161905334462,56.40670921152007,54.853612372094105,54.95245732897501,37188952
1999-06-23,55.956284652355464,54.95245732897501,56.2641387638124,54.81059635255185,55.956284652355464,50712901
1999-06-24,55.797001534710965,55.956284652355464,56.1019818015011,55.695783399743256,55.797001534710965,76262753
1999-06-25,55.73473158491544,55.797001534710965,55.89026136035828,55.38576485228918,55.73473158491544,88785514
1999-06-28,55.889266816900495,55.73473158491544,56.014897375128555,55.68555295538194,55.889266816900495,89197305
1999-06-29,55.35347505341838,55.889266816900495,55.98944478284124,55.17282828773977,55.35347505341838,65203481
1999-06-30,55.89308725138,55.35347505341838,56.14385855214267,55.34032258140624,55.89308725138,48036701
1999-07-01,56.09999152002329,55.89308725138,56.10206134872896,55.7336061562538,56.09999152002329,42742418
1999-07-02,56.459600762992345,56.09999152002329,56.488877156373185,56.0823970627569,56.459600762992345,47322024
1999-07-05,55.94555785242053,56.459600762992345,56.5334100315693,55.92127427562643,55.94555785242053,90087857
1999-07-06,55.9094341819152,55.94555785242053,56.01979484423153,55.62898545353723,55.9094341819152,70764902
1999-07-07,56.04087006684762,55.9094341819152,56.167084687932224,55.82603665405857,56.04087006684762,79876811
1999-07-08,56.484625549908515,56.04087006684762,56.67983600023677,55.731585345888675,56.484625549908515,57212174
1999-07-09,56.365225880399706,56.484625549908515,56.50311008211076,56.151338644165364,56.365225880399706,72948789
1999-07-12,56.16900616080287,56.365225880399706,56.43049175475188,56.15970322381123,56.16900616080287,90312756
1999-07-13,56.508284458422864,56.16900616080287,56.70775502001227,56.01232025537725,56.508284458422864,55879271
1999-07-14,56.43647119062293,56.508284458422864,56.66561888317008,55.93389847243445,56.43647119062293,48124642
1999-07-15,56.72796751778223,56.43647119062293,57.02927490720606,56.207980295639665,56.72796751778223,51613007
1999-07-16,56.30167000097965,56.72796751778223,56.82635312230507,56.180020556199885,56.30167000097965,35604401
1999-07-19,56.452815520371,56.30167000097965,56.496511445260936,56.21367439695122,56.452815520371,83015959
1999-07-20,56.47996030667056,56.452815520371,56.5877619767808,56.349960232829275,56.47996030667056,49004816
1999-07-21,56.22192281241531,56.47996030667056,56.57570408602169,56.149788381190156,56.22192281241531,49917969
1999-07-22,56.7657413603408,56.22192281241531,57.08438015072671,56.10312133707389,56.7657413603408,81945487
1999-07-23,56.80131749538193,56.7657413603408,56.94631150726173,56.73085473078099,56.80131749538193,45834327
1999-07-26,56.77417879712419,56.80131749538193,57.217311325786184,56.617382727140374,56.77417879712419,80134563
1999-07-27,56.75153774620025,56.77417879712419,56.848631338972574,56.493382642492676,56.75153774620025,72475626
1999-07-28,56.461220727657945,56.75153774620025,56.767210557999924,56.195248292695624,56.461220727657945,54760538
1999-07-29,56.78939819452222,56.461220727657945,56.87053440371671,56.25249197976654,56.78939819452222,72662822
1999-07-30,56.85694970699817,56.78939819452222,57.288481631402846,56.78276817516218,56.85694970699817,45735120
1999-08-02,56.77135097827184,56.85694970699817,57.02642770935944,56.68798787051732,56.77135097827184,99972338
1999-08-03,56.99945146178617,56.77135097827184,57.19104108214816,56.742908033825884,56.99945146178617,91795301
1999-08-04,57.206247244581604,56.99945146178617,57.33579643141462,56.874050159366924,57.206247244581604,48680617
1999-08-05,57.67521265405037,57.206247244581604,57.68077424256002,56.97168788936141,57.67521265405037,37406996
1999-08-06,57.231731565577824,57.67521265405037,57.97381530389772,57.17796641325299,57.231731565577824,78798275
1999-08-09,57.30096725952726,57.231731565577824,57.30480743958966,57.0788033278031,57.30096725952726,64429563
1999-08-10,57.25140866957605,57.30096725952726,57.59209292605988,57.24185396072589,57.25140866957605,48446520
1999-08-11,56.7682794312518,57.25140866957605,57.27741352876482,56.458870752868826,56.7682794312518,74184536
1999-08-12,57.35603170208707,56.7682794312518,57.406393531478244,56.538763332826534,57.35603170208707,65004080
1999-08-13,57.42637971708079,57.35603170208707,57.53287586703735,57.19966250150407,57.42637971708079,79818583
1999-08-16,58.16216773413213,57.42637971708079,58.31894589954575,57.28929944222029,58.16216773413213,85351797
1999-08-17,57.444696222625424,58.16216773413213,58.30626440696438,57.324157128692086,57.444696222625424,72916940
1999-08-18,57.63221793986235,57.444696222625424,57.9514536161601,57.245003264230675,57.63221793986235,70644957
1999-08-19,57.5809136790417,57.63221793986235,57.966489370871635,57.50203437095964,57.5809136790417,56576169
1999-08-20,57.29957187461328,57.5809136790417,57.62526551576601,57.06663432034679,57.29957187461328,43253318
1999-08-23,58.01141867082263,57.29957187461328,58.01342269060896,57.287710261463026,58.01141867082263,45197126
1999-08-24,57.9443079435255,58.01141867082263,58.1907887837519,57.80218534582589,57.9443079435255,52932597
1999-08-25,58.001227637429935,57.9443079435255,58.19172660886434,57.76091060091634,58.001227637429935,93464118
1999-08-26,57.55528617215934,58.001227637429935,58.14147316703113,57.43091865336176,57.55528617215934,87005572
1999-08-27,58.269490263141286,57.55528617215934,58.361536560751226,57.12615730969677,58.269490263141286,95271069
1999-08-30,57.50319130590969,58.269490263141286,58.500647796050586,57.47970850328555,57.50319130590969,30560180
1999-08-31,58.1246006351353,57.50319130590969,58.195930843658815,57.44075873926157,58.1246006351353,80754376
1999-09-01,58.63523213148489,58.1246006351353,58.75249577356034,57.91145258517021,58.63523213148489,66836331
1999-09-02,58.04952971193111,58.63523213148489,58.87269174089361,57.72844273544243,58.04952971193111,54432879
1999-09-03,58.510780035330384,58.04952971193111,58.59068216430646,57.90689284970402,58.510780035330384,69832789
1999-09-06,59.04478943357509,58.510780035330384,59.283434405206535,58.258330198728586,59.04478943357509,76342504
1999-09-07,59.20443007126306,59.04478943357509,59.36406886280399,58.9855777600532,59.20443007126306,55477971
1999-09-08,59.22949429903565,59.20443007126306,59.32740368451769,59.0981116275658,59.22949429903565,56063548
1999-09-09,60.051348671361005,59.22949429903565,60.18348843335187,59.098259620010516,60.051348671361005,64811892
1999-09-10,60.048578479026055,60.051348671361005,60.10554368448627,59.94204941010203,60.048578479026055,76656323
1999-09-13,60.851445825483566,60.048578479026055,61.14851863984665,59.79854239813982,60.851445825483566,55794146
1999-09-14,60.76551727988925,60.851445825483566,60.88558169933444,60.65015863657311,60.76551727988925,55440352
1999-09-15,61.86032602123232,60.76551727988925,61.86854230723121,60.50916596971033,61.86032602123232,88065889
1999-09-16,61.481352907011306,61.86032602123232,61.99560699182205,61.39977290215264,61.481352907011306,62308393
1999-09-17,61.96160029566356,61.481352907011306,61.996735180753056,61.15137415752692,61.96160029566356,40799020
1999-09-20,62.65381737181934,61.96160029566356,62.687705859367746,61.822556701185235,62.65381737181934,72830557
1999-09-21,62.352348870583256,62.65381737181934,62.80698117237098,62.018463540240695,62.352348870583256,55074539
1999-09-22,63.14866044091361,62.352348870583256,63.428332447252025,62.13474875044655,63.14866044091361,70560092
1999-09-23,63.82984941793479,63.14866044091361,64.1755980503886,63.14397441484627,63.82984941793479,48412984
1999-09-24,63.241429959690635,63.82984941793479,63.95111452208122,62.818659272663766,63.241429959690635,81051713
1999-09-27,64.15147574266504,63.241429959690635,64.17009765290238,63.170141649382096,64.15147574266504,65755382
1999-09-28,64.51449147248557,64.15147574266504,64.71013290688062,64.04809610221974,64.51449147248557,83545621
1999-09-29,65.02242109924481,64.51449147248557,65.71082423671085,64.22731053194146,65.02242109924481,74413294
1999-09-30,64.70501727627415,65.02242109924481,65.26517966523573,64.37929885086398,64.70501727627415,96961393
1999-10-01,65.01405981291842,64.70501727627415,65.10179509305449,64.68419147481632,65.01405981291842,36597786
1999-10-04,65.95629401035215,65.01405981291842,66.09629659002182,64.95682831269546,65.95629401035215,61324658
1999-10-05,66.22126462504279,65.95629401035215,66.32830275105314,65.87726027548295,66.22126462504279,42803605
1999-10-06,66.54477916257648,66.22126462504279,66.68855821224086,65.92063078450657,66.54477916257648,61503817
1999-10-07,66.915713701972,66.54477916257648,67.14168571862963,66.28434640728766,66.915713701972,40601495
1999-10-08,66.91018247038704,66.915713701972,66.92400282480264,66.65226042078127,66.91018247038704,60495002
1999-10-11,67.5552819012114,66.91018247038704,67.85411323527431,66.81505970252618,67.5552819012114,33351914
1999-10-12,67.91475872786927,67.5552819012114,68.10766535019339,67.5508095319383,67.91475872786927,84991415
1999-10-13,67.9104171706264,67.91475872786927,67.92596526125936,67.49392316420608,67.9104171706264,70950837
1999-10-14,69.13126370181664,67.9104171706264,69.2188740923422,67.64188063056595,69.13126370181664,49282633
1999-10-15,68.99384065293533,69.13126370181664,69.22794832541835,68.86762072946212,68.99384065293533,31894089
1999-10-18,68.75722303665975,68.99384065293533,69.06984508210775,68.6793118014586,68.75722303665975,66725157
1999-10-19,69.73586993875443,68.75722303665975,69.79603049602392,68.39555140784285,69.73586993875443,73949950
1999-10-20,69.50576501670523,69.73586993875443,69.97939818926517,69.22573539506305,69.50576501670523,59906162
1999-10-21,70.46082153555948,69.50576501670523,70.53649443589137,69.4576577887843,70.46082153555948,71637217
1999-10-22,70.9316155487823,70.46082153555948,71.11453687464319,70.36084744540587,70.9316155487823,32436273
1999-10-25,70.57076440320554,70.9316155487823,71.12112400226003,70.50373556227048,70.57076440320554,68801882
1999-10-26,71.54296190201099,70.57076440320554,71.99579413261644,70.13573590439192,71.54296190201099,45367740
1999-10-27,71.68611010078882,71.54296190201099,71.97414344085196,71.2963501581374,71.68611010078882,33197332
1999-10-28,72.17235885134572,71.68611010078882,72.32100621511962,71.64961790847175,72.17235885134572,56232867
1999-10-29,72.9002727892752,72.17235885134572,73.15470408460901,72.12896995836762,72.9002727892752,91318470
1999-11-01,72.46482689576388,72.9002727892752,73.13401854462938,72.15072441789414,72.46482689576388,96966571
1999-11-02,72.61759985025186,72.46482689576388,72.89775848653794,72.3388298706727,72.61759985025186,84727393
1999-11-03,72.90507010115249,72.61759985025186,73.14312219345932,72.2780483732749,72.90507010115249,57499153
1999-11-04,73.26913809363809,72.90507010115249,73.83195562839269,72.42528593362904,73.26913809363809,41270615
1999-11-05,73.87920026061344,73.26913809363809,74.26727128552885,73.16775670208476,73.87920026061344,45413272
1999-11-08,74.37279995618962,73.87920026061344,74.37983231644962,73.76496051384615,74.37279995618962,46486148
1999-11-09,74.68779976885786,74.37279995618962,74.74546766197182,73.98091971002569,74.68779976885786,76327334
1999-11-10,75.23295249406196,74.68779976885786,75.3753338064539,74.34130842232288,75.23295249406196,76849952
1999-11-11,75.26643117346667,75.23295249406196,75.36405611088473,75.2255414894633,75.26643117346667,39936855
1999-11-12,76.14943588116546,75.26643117346667,76.31327487265806,74.9196867833431,76.14943588116546,99957001
1999-11-15,75.83797337470288,76.14943588116546,76.61372365915231,75.43229000022917,75.83797337470288,65037369
1999-11-16,77.31435374830396,75.83797337470288,77.62087944303325,75.82104482108957,77.31435374830396,33175400
1999-11-17,76.85506333783613,77.31435374830396,77.31924606481049,76.28512145789456,76.85506333783613,40567241
1999-11-18,76.62403830021583,76.85506333783613,77.11584806990783,76.61683384316822,76.62403830021583,89196710
1999-11-19,76.87844892998008,76.62403830021583,76.89396549143156,76.57472591567162,76.87844892998008,45933967
1999-11-22,77.81804275440902,76.87844892998008,78.06892681054826,76.67874810523602,77.81804275440902,77598539
1999-11-23,77.88211466184373,77.81804275440902,78.06490879553905,77.73544884768258,77.88211466184373,65639979
1999-11-24,78.58725096268682,77.88211466184373,78.78839471083008,77.8621753352327,78.58725096268682,78195769
1999-11-25,78.83224544129385,78.58725096268682,78.89077378311438,78.25496023229181,78.83224544129385,62220703
1999-11-26,78.95585356633997,78.83224544129385,78.95814275424203,78.82770024546858,78.95585356633997,76948926
1999-11-29,78.98722550689534,78.95585356633997,79.19550628355545,78.55435883637647,78.98722550689534,30836908
1999-11-30,79.05816315927513,78.98722550689534,79.17215125704095,78.90018488893205,79.05816315927513,79123636
1999-12-01,79.8213940191732,79.05816315927513,80.16779411450713,78.89302008513668,79.8213940191732,48323249
1999-12-02,80.87259723676996,79.8213940191732,80.98416727549039,79.6141925692337,80.87259723676996,81015732
1999-12-03,81.14232299241277,80.87259723676996,81.24690773300232,80.70368922530477,81.14232299241277,95385147
1999-12-06,81.07517572318373,81.14232299241277,81.45904807743861,80.71729359782347,81.07517572318373,84561157
1999-12-07,82.18221150233556,81.07517572318373,82.28797525447214,80.85444070090003,82.18221150233556,59476170
1999-12-08,82.79809988954074,82.18221150233556,83.03774323177736,81.91341544340916,82.79809988954074,67273301
1999-12-09,82.7991292827797,82.79809988954074,83.12204275028543,82.63190006839578,82.7991292827797,82590062
1999-12-10,83.75877413114081,82.7991292827797,84.00007608215302,82.59942113733517,83.75877413114081,89886920
1999-12-13,84.24673456032339,83.75877413114081,84.70019897811784,83.26414893033977,84.24673456032339,72372778
1999-12-14,84.26566633629427,84.24673456032339,84.53948219554574,84.07268504214964,84.26566633629427,53533689
1999-12-15,85.43033433281516,84.26566633629427,85.90153011480487,83.8106978971443,85.43033433281516,36335945
1999-12-16,86.04614769471549,85.43033433281516,86.27798630247132,85.28954084694388,86.04614769471549,66641365
1999-12-17,86.800850453304,86.04614769471549,86.89662248237379,85.82622116396583,86.800850453304,46385837
1999-12-20,87.31878319676571,86.800850453304,87.5028162591494,86.72371910214045,87.31878319676571,48407044
1999-12-21,86.78692391227875,87.31878319676571,87.66782650199778,86.60052892384101,86.78692391227875,96190637
1999-12-22,87.50441440953732,86.78692391227875,87.81186142316338,86.54953994637017,87.50441440953732,97060370
1999-12-23,88.67220448483228,87.50441440953732,89.06191210558745,87.25193903724474,88.67220448483228,79103525
1999-12-24,89.20078561121831,88.67220448483228,89.37966572079965,88.5566095997505,89.20078561121831,63386810
1999-12-27,89.73048383962197,89.20078561121831,89.9991623812243,89.01732959215123,89.73048383962197,53416557
1999-12-28,91.76204205016832,89.73048383962197,92.24497233146633,89.32967869631157,91.76204205016832,55215251
1999-12-29,90.81404209234162,91.76204205016832,91.78806417806418,90.56101519578719,90.81404209234162,80234932
1999-12-30,91.60048885196557,90.81404209234162,92.0968047902778,90.60946520001842,91.60048885196557,63378789
1999-12-31,92.04809691888897,91.60048885196557,92.78454757002177,91.45715373695224,92.04809691888897,93320630
2000-01-03,92.43898121952519,92.04809691888897,92.4659241654587,91.72991969410073,92.43898121952519,63194229
2000-01-04,92.52059191664998,92.43898121952519,92.83053995430443,92.03043605955062,92.52059191664998,32390950
2000-01-05,93.54810301871596,92.52059191664998,93.61323905801305,92.42290097589793,93.54810301871596,82142968
2000-01-06,93.3600677397431,93.54810301871596,93.68811174821143,93.03049787274469,93.3600677397431,83107214
2000-01-07,94.13839923157377,93.3600677397431,94.23502721052286,93.1838733705442,94.13839923157377,80667520
2000-01-10,94.54776938538987,94.13839923157377,94.60310164986166,93.96253065142905,94.54776938538987,35703816
2000-01-11,95.3445708572548,94.54776938538987,95.49830788656163,94.24956694475716,95.3445708572548,47477782
2000-01-12,96.94244056319772,95.3445708572548,97.11067245685211,95.11583984711802,96.94244056319772,30802713
2000-01-13,95.4614523676249,96.94244056319772,96.96497802288181,95.29336691459537,95.4614523676249,87970363
2000-01-14,97.2213438255592,95.4614523676249,97.23838578962567,95.37096523454908,97.2213438255592,34455441
2000-01-17,96.63113964440805,97.2213438255592,97.46237594871751,95.98757941782188,96.63113964440805,97019880
2000-01-18,97.71332892239256,96.63113964440805,98.02582557907688,96.3567406340491,97.71332892239256,79607654
2000-01-19,99.0083791480902,97.71332892239256,99.02368847968607,97.47268780935998,99.0083791480902,77572032
2000-01-20,99.03181860945224,99.0083791480902,99.59986674582676,99.0067580311424,99.03181860945224,63061196
2000-01-21,98.99145006398324,99.03181860945224,99.3776555910964,98.53779770655851,98.99145006398324,60738803
2000-01-24,99.69770500545079,98.99145006398324,100.10123516989772,98.6322984381051,99.69770500545079,93577316
2000-01-25,100.92511436790173,99.69770500545079,100.93251172669429,99.49843021380279,100.92511436790173,73076164
2000-01-26,100.74187020285412,100.92511436790173,101.02230451538223,100.60485517957596,100.74187020285412,37352013
2000-01-27,101.74889194156674,100.74187020285412,102.05482119984411,100.04311127616695,101.74889194156674,73614893
2000-01-28,102.18994628155087,101.74889194156674,102.66827356779565,101.53410925601328,102.18994628155087,47369796
2000-01-31,102.35986576595852,102.18994628155087,102.95916320253197,101.96240709298088,102.35986576595852,78108447
2000-02-01,104.32873558832404,102.35986576595852,104.74045057323951,102.18725870047393,104.32873558832404,66398898
2000-02-02,104.07884549282745,104.32873558832404,104.73857353059282,103.95701947869237,104.07884549282745,99199556
2000-02-03,103.2218909346788,104.07884549282745,104.16530046626048,103.13456504693755,103.2218909346788,32380515
2000-02-04,104.90326279578126,103.2218909346788,105.11465990322405,103.10533631742564,104.90326279578126,57111694
2000-02-07,104.98479246188866,104.90326279578126,105.37979595468926,104.81768042995243,104.98479246188866,76023366
2000-02-08,106.3123088109595,104.98479246188866,106.48932413186888,104.96844054752546,106.3123088109595,78226628
2000-02-09,105.9673118849726,106.3123088109595,106.75957615993856,105.48687205449518,105.9673118849726,72121037
2000-02-10,106.8553304773325,105.9673118849726,107.52566418604877,105.55001455183665,106.8553304773325,70782370
2000-02-11,107.71573483265227,106.8553304773325,107.72298498012977,106.52788574751257,107.71573483265227,30035723
2000-02-14,108.43960978329713,107.71573483265227,108.45846218570355,107.44999721769096,108.43960978329713,39068755
2000-02-15,107.84883919917225,108.43960978329713,108.63092219883069,107.62287459557295,107.84883919917225,40839597
2000-02-16,108.84542814573948,107.84883919917225,109.15966876165788,107.4874443951312,108.84542814573948,37258052
2000-02-17,109.29539106844184,108.84542814573948,109.60553471637479,108.8151910832674,109.29539106844184,98980783
2000-02-18,109.72373003490424,109.29539106844184,110.07713544790283,108.68258031089901,109.72373003490424,66019676
2000-02-21,111.58750538677769,109.72373003490424,111.798688830669,109.69993337407018,111.58750538677769,61296437
2000-02-22,111.36393497577149,111.58750538677769,111.68722002788569,111.03278511057178,111.36393497577149,91164451
2000-02-23,110.96267312549628,111.36393497577149,111.62086214958444,110.71904596266418,110.96267312549628,99351475
2000-02-24,112.70933950057697,110.96267312549628,112.88766451896865,110.54908650103982,112.70933950057697,31510933
2000-02-25,113.91829303437184,112.70933950057697,113.92003825078294,112.54793582944937,113.91829303437184,89556261
2000-02-28,113.83463345378709,113.91829303437184,114.05457249647354,113.63088413524373,113.83463345378709,73631202
2000-02-29,112.91342508603505,113.83463345378709,114.10277722190165,112.10804642740018,112.91342508603505,44197181
2000-03-01,114.02880233196603,112.91342508603505,114.63692282516826,112.67623172306553,114.02880233196603,36824896
2000-03-02,115.56075148482466,114.02880233196603,115.8085411180897,113.26926040518669,115.56075148482466,96289794
2000-03-03,114.95292343184518,115.56075148482466,115.64177946812096,114.74385721878863,114.95292343184518,46217735
2000-03-06,116.14605759086473,114.95292343184518,116.3925628629522,114.88294332573128,116.14605759086473,69041397
2000-03-07,116.86756823860031,116.14605759086473,117.13996259131935,116.12698185678941,116.86756823860031,70745510
2000-03-08,116.40244759925781,116.86756823860031,117.43130760798196,116.25543624293353,116.40244759925781,39017873
2000-03-09,117.43725934294649,116.40244759925781,117.91409700401952,116.37100441701433,117.43725934294649,79708136
2000-03-10,116.08765226935925,117.43725934294649,117.91167239964396,116.07476372109149,116.08765226935925,83508831
2000-03-13,117.00777747091368,116.08765226935925,117.51453943725278,115.79474625616994,117.00777747091368,99956724
2000-03-14,117.0723083614377,117.00777747091368,117.17464559251896,116.4170443805465,117.0723083614377,69126016
2000-03-15,116.10161275650138,117.0723083614377,117.08361230874036,115.58362974095068,116.10161275650138,39585177
2000-03-16,117.39107336084831,116.10161275650138,117.69845616357429,115.85141440452523,117.39107336084831,33248623
2000-03-17,115.22100186314437,117.39107336084831,117.64889266687555,115.18602158712727,115.22100186314437,61096101
2000-03-20,115.40653698498133,115.22100186314437,115.51354177722416,114.56395462482872,115.40653698498133,89543380
2000-03-21,115.34653954797649,115.40653698498133,115.54669478808438,115.22858689204342,115.34653954797649,68324788
2000-03-22,115.7092330807873,115.34653954797649,115.72141603655376,115.22199797314177,115.7092330807873,55285388
2000-03-23,113.66955518379517,115.7092330807873,116.00565684660837,113.58508488260954,113.66955518379517,87238263
2000-03-24,114.76528969317859,113.66955518379517,115.20958999564377,113.65594665515042,114.76528969317859,63963410
2000-03-27,113.71768250901528,114.76528969317859,114.78429456435802,113.3278159807317,113.71768250901528,64228722
2000-03-28,112.7659011151774,113.71768250901528,114.41660557462306,112.50647091606433,112.7659011151774,94148421
2000-03-29,113.19313520754373,112.7659011151774,113.74511890650238,112.16205866979934,113.19313520754373,61645254
2000-03-30,112.65438613378033,113.19313520754373,113.38220581228919,112.34245394607436,112.65438613378033,89561563
2000-03-31,111.815963129139,112.65438613378033,112.66541685811491,111.78446239806621,111.815963129139,53776207
2000-04-03,111.80171821596817,111.815963129139,112.19749521776775,111.70103795714145,111.80171821596817,38604880
2000-04-04,111.15831392839165,111.80171821596817,111.93570230266289,110.49825707357905,111.15831392839165,97090773
2000-04-05,111.04604335395807,111.15831392839165,111.26184881201794,111.00033290378332,111.04604335395807,89171887
2000-04-06,110.95935615688558,111.04604335395807,111.421577905896,110.77180934069877,110.95935615688558,70589870
2000-04-07,111.07731197784551,110.95935615688558,111.46284179940592,110.90512626062417,111.07731197784551,70335102
2000-04-10,109.13391469348312,111.07731197784551,111.18478083014152,108.9264111854771,109.13391469348312,74865764
2000-04-11,110.59075114125261,109.13391469348312,111.0433236607306,108.99897241575215,110.59075114125261,82800809
2000-04-12,107.96967959200609,110.59075114125261,110.76721342101206,107.79452145349012,107.96967959200609,55079534
2000-04-13,108.56161504583237,107.96967959200609,108.72475622858238,107.76343680864608,108.56161504583237,52653259
2000-04-14,108.57267644049297,108.56161504583237,108.89263716661361,108.50500335793174,108.57267644049297,63081776
2000-04-17,108.01595188527675,108.57267644049297,109.09556982091294,107.26815046355688,108.01595188527675,78734606
2000-04-18,107.13995443600149,108.01595188527675,108.41256583308628,106.90091451036766,107.13995443600149,35002939
2000-04-19,106.9733121713765,107.13995443600149,107.64504003706685,106.87121385790036,106.9733121713765,88699086
2000-04-20,106.43191178951886,106.9733121713765,107.27252869154607,106.41540485794901,106.43191178951886,93794384
2000-04-21,105.9918223935971,106.43191178951886,107.16175071568858,105.77326054621324,105.9918223935971,53967130
2000-04-24,106.3651833478207,105.9918223935971,106.61490476911226,105.64261035089707,106.3651833478207,77755850
2000-04-25,105.7137947809846,106.3651833478207,106.60973450029955,104.96188891157574,105.7137947809846,66952820
2000-04-26,104.77134591361002,105.7137947809846,105.8450579959502,104.60442656148899,104.77134591361002,72522118
2000-04-27,105.21690908730318,104.77134591361002,105.36236007237085,104.51413841900852,105.21690908730318,50764428
2000-04-28,104.51627484322348,105.21690908730318,105.69743502200457,104.42406191852736,104.51627484322348,39776565
2000-05-01,104.38865222347104,104.51627484322348,104.76647904630141,104.13159340565035,104.38865222347104,90570636
2000-05-02,103.90234422483009,104.38865222347104,104.56249353589179,103.76495724477275,103.90234422483009,51647113
2000-05-03,102.75873545538191,103.90234422483009,103.90613760038309,102.47933140110806,102.75873545538191,44272241
2000-05-04,102.50868660942419,102.75873545538191,102.7873664543395,102.44391072089704,102.50868660942419,79439099
2000-05-05,102.78941931882666,102.50868660942419,103.18152452112135,102.26229046911673,102.78941931882666,86408484
2000-05-08,102.32828971420712,102.78941931882666,103.14499392548217,102.18824219797489,102.32828971420712,43350067
2000-05-09,101.61649780021956,102.32828971420712,102.62538797263109,101.4939332747087,101.61649780021956,33450493
2000-05-10,101.29667766614435,101.61649780021956,101.73813035730478,101.07022280001563,101.29667766614435,78450546
2000-05-11,101.49170390931705,101.29667766614435,101.81141770856385,100.84593007468006,101.49170390931705,87346465
2000-05-12,100.16048782867543,101.49170390931705,101.59055426184509,99.37756031190096,100.16048782867543,63231203
2000-05-15,100.3415307574939,100.16048782867543,100.38457445503613,100.12711411178391,100.3415307574939,47645245
2000-05-16,99.57719533991833,100.3415307574939,100.86110240023605,99.05867678802565,99.57719533991833,36033722
2000-05-17,99.18006978910975,99.57719533991833,99.65796241204872,98.45353950219997,99.18006978910975,56757652
2000-05-18,99.44164092638518,99.18006978910975,99.44981035165497,99.04078391731404,99.44164092638518,52134224
2000-05-19,98.91502710341682,99.44164092638518,100.02430148048926,98.69354451508356,98.91502710341682,37599566
2000-05-22,98.51774637989895,98.91502710341682,99.11887810506556,98.50730836764944,98.51774637989895,66445248
2000-05-23,98.3667280340722,98.51774637989895,98.97173423766995,98.12973762645235,98.3667280340722,51474091
2000-05-24,97.34920551377093,98.3667280340722,98.54306152108975,97.0799221190181,97.34920551377093,92768022
2000-05-25,97.27972635557687,97.34920551377093,97.55693992583966,96.81696304743593,97.27972635557687,89685710
2000-05-26,96.40952629556669,97.27972635557687,97.31390779066689,96.13304168891761,96.40952629556669,79573597
2000-05-29,96.32536609186604,96.40952629556669,96.47784892507512,95.76371674562513,96.32536609186604,31936655
2000-05-30,95.71733572879391,96.32536609186604,96.59675960409218,95.7014121922982,95.71733572879391,48991542
2000-05-31,95.43609265177787,95.71733572879391,95.82771333551968,95.35365888082937,95.43609265177787,48688529
2000-06-01,95.28269958708253,95.43609265177787,95.49500544539762,95.20632338603492,95.28269958708253,88721075
2000-06-02,94.46044988810291,95.28269958708253,95.74166296355463,94.37909614591958,94.46044988810291,94435036
2000-06-05,95.68768336916926,94.46044988810291,96.28498709087029,94.16519856297987,95.68768336916926,94034741
2000-06-06,94.06988269238197,95.68768336916926,96.03382928289584,94.04617420596631,94.06988269238197,86158704
2000-06-07,93.82087916229791,94.06988269238197,94.33425534596022,93.5987357340737,93.82087916229791,47363748
2000-06-08,94.78814012372504,93.82087916229791,95.17831062651632,93.69649831153659,94.78814012372504,80285477
2000-06-09,94.46335040375075,94.78814012372504,95.12367368360496,94.41517119908751,94.46335040375075,53324514
2000-06-12,94.23254112619117,94.46335040375075,94.6707630350725,94.15121409615534,94.23254112619117,84201311
2000-06-13,94.08253475017771,94.23254112619117,94.5871905818383,93.60973333789181,94.08253475017771,98866887
2000-06-14,93.63062991998531,94.08253475017771,94.30853095659118,93.62003525379778,93.63062991998531,80899578
2000-06-15,93.06545003999489,93.63062991998531,94.20922367513593,92.85417462276098,93.06545003999489,74752163
2000-06-16,93.36870879382373,93.06545003999489,93.52521076350725,92.49267608538558,93.36870879382373,94335713
2000-06-19,92.86632238440913,93.36870879382373,93.41253906551593,92.50230021843875,92.86632238440913,92381307
2000-06-20,93.48388145175645,92.86632238440913,93.58005571816902,92.54505049746722,93.48388145175645,89237784
2000-06-21,92.81049532207514,93.48388145175645,93.83261441350609,92.72510366649944,92.81049532207514,79675230
2000-06-22,92.34454220875985,92.81049532207514,93.02749795201274,92.28092336024636,92.34454220875985,43547305
2000-06-23,92.42699488693184,92.34454220875985,92.60775119498527,91.97933534668336,92.42699488693184,51213550
2000-06-26,92.61506680841524,92.42699488693184,92.70090986559458,92.28865541057097,92.61506680841524,71722111
2000-06-27,92.01264526313815,92.61506680841524,93.19981503794972,91.93688384225324,92.01264526313815,62235020
2000-06-28,91.74249242386031,92.01264526313815,92.05076014197483,91.7360561948579,91.74249242386031,50187575
2000-06-29,92.08175616467848,91.74249242386031,92.60279029491574,91.45978019362572,92.08175616467848,70955509
2000-06-30,91.93064374400899,92.08175616467848,92.09641354882567,91.59754919323915,91.93064374400899,97463602
2000-07-03,91.43431771128824,91.93064374400899,92.16928367692883,90.9858700032461,91.43431771128824,77301297
2000-07-04,91.29961580561101,91.43431771128824,91.56512633272287,91.05262349694297,91.29961580561101,96643616
2000-07-05,91.4696409941111,91.29961580561101,91.92985655376566,91.28026923999587,91.4696409941111,50024414
2000-07-06,90.55170698971108,91.4696409941111,91.87041547293525,90.51130383554086,90.55170698971108,30847727
2000-07-07,90.41978353909067,90.55170698971108,90.87531905428555,90.28941325294296,90.41978353909067,93046823
2000-07-10,90.58252535397615,90.41978353909067,90.76599221256433,90.00723842149557,90.58252535397615,48218917
2000-07-11,90.66071602736712,90.58252535397615,91.12744643642296,90.55491370271295,90.66071602736712,30473459
2000-07-12,90.74691115471788,90.66071602736712,91.48489978295912,90.6215421932566,90.74691115471788,32398849
2000-07-13,91.121808834484,90.74691115471788,91.13923459164337,90.74197856707976,91.121808834484,41267094
2000-07-14,90.6902766177488,91.121808834484,91.36168262845054,90.20543983858761,90.6902766177488,38745057
2000-07-17,90.07942164747861,90.6902766177488,91.07310399850955,89.97973531777433,90.07942164747861,45211165
2000-07-18,89.99144270644379,90.07942164747861,90.13887893752943,89.9834764123322,89.99144270644379,54335881
2000-07-19,89.39810612634074,89.99144270644379,90.02583929121506,89.00562099855465,89.39810612634074,51185045
2000-07-20,89.68866683597918,89.39810612634074,89.71628525781335,89.3586786560256,89.68866683597918,81798432
2000-07-21,89.41621420030167,89.68866683597918,89.76879365670099,89.11119970453713,89.41621420030167,76312152
2000-07-24,89.5381848110602,89.41621420030167,89.70827834559259,89.17176456200818,89.5381848110602,82958031
2000-07-25,88.87330376836947,89.5381848110602,89.64230782584606,88.81856869446126,88.87330376836947,48010781
2000-07-26,89.3222543563438,88.87330376836947,89.84076042749545,88.47752409670225,89.3222543563438,52150353
2000-07-27,89.62099828934281,89.3222543563438,89.66115606838115,89.14101779197563,89.62099828934281,85666583
2000-07-28,88.73959587348808,89.62099828934281,90.25752542151189,88.69931722655245,88.73959587348808,82521092
2000-07-31,88.8143949677484,88.73959587348808,88.90865474136832,88.67126144252008,88.8143949677484,34608740
2000-08-01,88.79018491754492,88.8143949677484,89.07532284008138,88.52670327985106,88.79018491754492,68189750
2000-08-02,88.15612762491708,88.79018491754492,88.83369930590844,88.04668793202794,88.15612762491708,42087318
2000-08-03,88.28062259425279,88.15612762491708,88.62864466676635,88.12633878382228,88.28062259425279,61439977
2000-08-04,88.03584559458653,88.28062259425279,88.53189097076402,88.02351659676422,88.03584559458653,32282144
2000-08-07,87.92170616451388,88.03584559458653,88.31613137091851,87.58399396202432,87.92170616451388,78486236
2000-08-08,87.38820252662703,87.92170616451388,88.03601921492472,86.98408700604264,87.38820252662703,70655185
2000-08-09,87.58649006115279,87.38820252662703,88.04715859847192,87.16376737210383,87.58649006115279,61712099
2000-08-10,87.64192804094593,87.58649006115279,87.73793607809559,87.55725320400823,87.64192804094593,97215753
2000-08-11,87.90595357431056,87.64192804094593,88.127606586401,87.46465077575985,87.90595357431056,34914973
2000-08-14,87.53907630681744,87.90595357431056,88.08719062825536,87.1408573372687,87.53907630681744,60468109
2000-08-15,87.90600509894821,87.53907630681744,88.02093070153131,87.35038837592978,87.90600509894821,95342802
2000-08-16,86.48508321701904,87.90600509894821,88.1279104947868,86.40960420778207,86.48508321701904,82023292
2000-08-17,87.04467227591229,86.48508321701904,87.16945251552694,86.31214525798045,87.04467227591229,70941961
2000-08-18,86.59446082217924,87.04467227591229,87.056320558838,86.41942687539483,86.59446082217924,58362971
2000-08-21,87.30923308479855,86.59446082217924,87.66078723856047,86.35345606536706,87.30923308479855,31762023
2000-08-22,85.86369566335827,87.30923308479855,87.8158242381229,85.81403241282621,85.86369566335827,52932261
2000-08-23,85.69927120730404,85.86369566335827,85.86964103538577,85.32412410597574,85.69927120730404,74177037
2000-08-24,85.65162452275246,85.69927120730404,85.85993255521406,85.59834319046917,85.65162452275246,89690746
2000-08-25,84.8468750151823,85.65162452275246,85.70133207688143,84.81392558587824,84.8468750151823,41374493
2000-08-28,85.38102152481089,84.8468750151823,85.7165344034889,84.78514472653612,85.38102152481089,71917579
2000-08-29,85.1301887718816,85.38102152481089,85.40006456541204,84.53925088492373,85.1301887718816,73983835
2000-08-30,85.36717553165613,85.1301887718816,85.41443943773525,85.1249302348571,85.36717553165613,76011889
2000-08-31,85.2970203472627,85.36717553165613,85.51887203289354,85.2197944899141,85.2970203472627,33607181
2000-09-01,85.79737260666674,85.2970203472627,85.82293519982585,85.16587786969329,85.79737260666674,35099136
2000-09-04,84.94019838391019,85.79737260666674,85.89786073862818,84.6459731094112,84.94019838391019,83996336
2000-09-05,83.83440165552346,84.94019838391019,85.0717225152616,83.61292630857412,83.83440165552346,76937617
2000-09-06,83.23977817394012,83.83440165552346,83.99851461259883,83.04894575098893,83.23977817394012,39790194
2000-09-07,83.35837100938407,83.23977817394012,83.51121120475554,82.74720060028704,83.35837100938407,62424611
2000-09-08,82.14644203940493,83.35837100938407,83.49040917405529,81.80575609846883,82.14644203940493,51705823
2000-09-11,82.98378054642241,82.14644203940493,83.32062892917655,81.81514231590478,82.98378054642241,93369243
2000-09-12,82.25144032627952,82.98378054642241,83.78565688968709,82.04055734457461,82.25144032627952,91920485
2000-09-13,81.11695435989435,82.25144032627952,82.34905604813147,80.95557322337919,81.11695435989435,56306222
2000-09-14,80.15365215766364,81.11695435989435,81.12529443545928,80.01363966289006,80.15365215766364,83811872
2000-09-15,80.9287679350011,80.15365215766364,81.33686026097455,80.04256506350829,80.9287679350011,73477199
2000-09-18,79.8773050387625,80.9287679350011,81.00396535489696,79.70810886336832,79.8773050387625,58168564
2000-09-19,79.95333240394946,79.8773050387625,80.0674462753837,79.64743731508224,79.95333240394946,33354441
2000-09-20,78.37020107477623,79.95333240394946,80.09476326833885,78.34715293047292,78.37020107477623,64608647
2000-09-21,78.30309157752468,78.37020107477623,78.99367397032594,78.28404730855246,78.30309157752468,75315706
2000-09-22,78.07897013662075,78.30309157752468,78.62406912326568,77.97022243178988,78.07897013662075,47640800
2000-09-25,77.63361669965717,78.07897013662075,78.25177530302209,77.50133028855039,77.63361669965717,73876352
2000-09-26,76.98022474311783,77.63361669965717,77.79351891152652,76.70858638535312,76.98022474311783,73509766
2000-09-27,76.93114668559633,76.98022474311783,77.15136882168228,76.63472205905603,76.93114668559633,91255997
2000-09-28,75.82384159787763,76.93114668559633,77.13348262187418,75.81928594835485,75.82384159787763,83704534
2000-09-29,75.71529084894387,75.82384159787763,75.97407743030418,75.47269352018078,75.71529084894387,69215289
2000-10-02,75.3529882397869,75.71529084894387,75.8028540475118,75.34147228092138,75.3529882397869,83236054
2000-10-03,75.03867268674581,75.3529882397869,75.82124162049139,74.9877570065995,75.03867268674581,89331272
2000-10-04,74.64928137965845,75.03867268674581,75.30155009914262,74.63881194024226,74.64928137965845,61755271
2000-10-05,73.50739190374762,74.64928137965845,74.82285102823671,73.33103086205189,73.50739190374762,84549055
2000-10-06,72.89804652574904,73.50739190374762,73.69582666128164,72.57278496412151,72.89804652574904,90675970
2000-10-09,73.46635203999296,72.89804652574904,73.55518737686243,72.44000531294583,73.46635203999296,81605689
2000-10-10,72.65898927434489,73.46635203999296,73.52635275729631,72.63039502207968,72.65898927434489,82384707
2000-10-11,71.80718004432559,72.65898927434489,72.67147290484186,71.71433312230805,71.80718004432559,55313840
2000-10-12,72.1708163420044,71.80718004432559,72.2894796541029,71.66156851153967,72.1708163420044,67239422
2000-10-13,71.19499962950805,72.1708163420044,72.46083246519584,70.91252311754413,71.19499962950805,58358445
2000-10-16,71.10914388929027,71.19499962950805,71.35356222161134,70.92580214822394,71.10914388929027,69291200
2000-10-17,70.25447860520285,71.10914388929027,71.13388924680962,69.95586178607061,70.25447860520285,37861936
2000-10-18,70.48811475687229,70.25447860520285,70.8894502487139,69.91223171843298,70.48811475687229,66992156
2000-10-19,69.9159854227082,70.48811475687229,70.51218205067774,69.5067880369166,69.9159854227082,49619546
2000-10-20,68.760452725812,69.9159854227082,70.1436085746079,68.74139615297928,68.760452725812,72281957
2000-10-23,68.71681791361478,68.760452725812,68.7684059383936,68.63442030067031,68.71681791361478,61512658
2000-10-24,68.14225652441681,68.71681791361478,68.81652436117821,67.54700585036761,68.14225652441681,81566191
2000-10-25,67.92318841382917,68.14225652441681,68.19269360141334,67.6288144937615,67.92318841382917,53258481
2000-10-26,66.67675064070566,67.92318841382917,67.95750722532738,66.52173997597721,66.67675064070566,63098268
2000-10-27,66.7667055818841,66.67675064070566,66.88761589387094,66.27284970550488,66.7667055818841,71105887
2000-10-30,66.42661024392454,66.7667055818841,67.04204037925956,66.24672469644216,66.42661024392454,45617637
2000-10-31,65.03838277618503,66.42661024392454,66.49828738236893,64.97523717830673,65.03838277618503,70122727
2000-11-01,64.76837693837388,65.03838277618503,65.26999961355025,64.76423194717044,64.76837693837388,46175317
2000-11-02,64.03269451480914,64.76837693837388,64.9558405345531,63.70945819365396,64.03269451480914,85561370
2000-11-03,64.14424818970723,64.03269451480914,64.2240366765004,63.62002188111806,64.14424818970723,54380795
2000-11-06,63.9980163577134,64.14424818970723,64.28362771426318,63.885346055502616,63.9980163577134,59109414
2000-11-07,63.783246097644245,63.9980163577134,64.0583878479246,63.40054919273948,63.783246097644245,78399214
2000-11-08,62.86943670600114,63.783246097644245,63.851932690706384,62.47370111424278,62.86943670600114,79988081
2000-11-09,62.89261815671473,62.86943670600114,63.03031014872472,62.62011896589277,62.89261815671473,82882404
2000-11-10,61.49577627928346,62.89261815671473,63.06827756217357,61.487094574796984,61.49577627928346,41856572
2000-11-13,60.938075934982784,61.49577627928346,61.503714948608796,60.90457670662077,60.938075934982784,72019244
2000-11-14,60.98305795183653,60.938075934982784,61.10871803921234,60.61071945643724,60.98305795183653,53474120
2000-11-15,60.65471519550586,60.98305795183653,61.360903388291696,60.51766181852507,60.65471519550586,60024580
2000-11-16,60.06710207759174,60.65471519550586,61.04077602359381,60.0138560489601,60.06710207759174,77444177
2000-11-17,58.999127835565034,60.06710207759174,60.11812641710937,58.962340985517336,58.999127835565034,90704453
2000-11-20,59.12748718831333,58.999127835565034,59.48669375296846,58.9285780875907,59.12748718831333,68762966
2000-11-21,58.309496065813384,59.12748718831333,59.15553027320128,58.128038162176935,58.309496065813384,75107070
2000-11-22,58.42574696902474,58.309496065813384,58.431608847817444,58.172252947907815,58.42574696902474,40037234
2000-11-23,57.875121262622585,58.42574696902474,58.440101189922004,57.66532569252665,57.875121262622585,85877606
2000-11-24,57.038380599686974,57.875121262622585,58.04721718018777,56.99649424479329,57.038380599686974,55766551
2000-11-27,56.700097056956984,57.038380599686974,57.16627975195971,56.595969005851614,56.700097056956984,65346313
2000-11-28,56.08599864940592,56.700097056956984,56.75076588378302,55.93475594337737,56.08599864940592,53018021
2000-11-29,55.90555088318553,56.08599864940592,56.161740934238594,55.41014549569649,55.90555088318553,42916691
2000-11-30,55.726406774262074,55.90555088318553,55.92305353300099,55.638954604089626,55.726406774262074,59802693
2000-12-01,54.72892533725773,55.726406774262074,56.02323195012827,54.58664591173987,54.72892533725773,78342959
2000-12-04,54.98196900542716,54.72892533725773,55.22595633433006,54.67162213808313,54.98196900542716,78755208
2000-12-05,54.542507682476284,54.98196900542716,55.00500397749704,54.00487284978832,54.542507682476284,90606129
2000-12-06,54.31506826682847,54.542507682476284,54.55314750181478,54.20179429771733,54.31506826682847,55178578
2000-12-07,54.345901120887355,54.31506826682847,54.47849649048198,53.86925667833176,54.345901120887355,95965828
2000-12-08,53.93810227665662,54.345901120887355,54.48348111903639,53.84606720265938,53.93810227665662,61924362
2000-12-11,53.91284167214834,53.93810227665662,54.22025345015183,53.810964801155166,53.91284167214834,82282358
2000-12-12,53.58338447426316,53.91284167214834,53.93820599546069,53.52745691132698,53.58338447426316,43041905
2000-12-13,54.27801987947127,53.58338447426316,54.32381378221334,53.29714654620658,54.27801987947127,65568282
2000-12-14,53.60319952994242,54.27801987947127,54.520577398546614,53.30898830323304,53.60319952994242,55100422
2000-12-15,53.250542090833235,53.60319952994242,53.80748594067571,53.158631010633016,53.250542090833235,77541435
2000-12-18,53.33825558559404,53.250542090833235,53.523023639350725,53.21009558369959,53.33825558559404,54071857
2000-12-19,53.09516286180087,53.33825558559404,53.71707684287049,52.86750138855352,53.09516286180087,54373686
2000-12-20,52.91022758262363,53.09516286180087,53.155335326480305,52.77932736878561,52.91022758262363,33975244
2000-12-21,52.97467839423022,52.91022758262363,53.17984014093978,52.66366253069287,52.97467839423022,93446027
2000-12-22,52.8556875767859,52.97467839423022,53.03935640275019,52.84937669424845,52.8556875767859,46036597
2000-12-25,52.36074344875224,52.8556875767859,52.85790830332561,52.25590927299582,52.36074344875224,56430188
2000-12-26,52.19304756983128,52.36074344875224,52.449304505600495,52.13665857421709,52.19304756983128,84628768
2000-12-27,52.11572869777449,52.19304756983128,52.28564764963224,52.05046015291162,52.11572869777449,95376462
2000-12-28,51.43239082198676,52.11572869777449,52.35887961240489,51.41987055816931,51.43239082198676,79477972
2000-12-29,51.48199731824225,51.43239082198676,51.65413236719927,51.40481558362482,51.48199731824225,83593707
2001-01-01,52.07221514259698,51.48199731824225,52.34390793718015,51.455152311245044,52.07221514259698,87429284
2001-01-02,51.98659323863704,52.07221514259698,52.24510173253911,51.831264327423874,51.98659323863704,92137870
2001-01-03,51.34223995545778,51.98659323863704,52.34134263360114,51.22884125700339,51.34223995545778,49926355
2001-01-04,51.39774272178304,51.34223995545778,51.42921814981017,51.19081580241286,51.39774272178304,82016579
2001-01-05,51.17326468791854,51.39774272178304,51.87846803948582,51.018119026638864,51.17326468791854,45852999
2001-01-08,51.721652455903445,51.17326468791854,51.72352119328503,51.134213179801534,51.721652455903445,46591083
2001-01-09,51.06551706735644,51.721652455903445,51.89555632064284,50.952636161145875,51.06551706735644,71843076
2001-01-10,50.592620859656435,51.06551706735644,51.07431016085633,50.57014902183712,50.592620859656435,34802294
2001-01-11,50.227625341942236,50.592620859656435,50.600331294770434,50.13071358842777,50.227625341942236,79674986
2001-01-12,49.9083783475602,50.227625341942236,50.25183253698802,49.869222440349255,49.9083783475602,49052102
2001-01-15,50.20727486493232,49.9083783475602,50.307026123666795,49.858847697851196,50.20727486493232,55359317
2001-01-16,49.81091231367893,50.20727486493232,50.3637876850687,49.67933881208811,49.81091231367893,93929491
2001-01-17,49.489297708311206,49.81091231367893,50.06308723829249,49.439849224169315,49.489297708311206,89388141
2001-01-18,49.526867049071,49.489297708311206,49.56328627679285,49.44248902007194,49.526867049071,48298826
2001-01-19,49.26339787722987,49.526867049071,49.6348545453956,49.22918167307976,49.26339787722987,69175504
2001-01-22,49.791513091158535,49.26339787722987,49.88534261834195,49.069046669877814,49.791513091158535,90196894
2001-01-23,49.43571603393678,49.791513091158535,49.983665830201865,49.351235821811166,49.43571603393678,65091346
2001-01-24,49.060544211427015,49.43571603393678,49.473838743600545,49.00128049947659,49.060544211427015,30368241
2001-01-25,49.268142590212946,49.060544211427015,49.309166080646165,49.05017374348127,49.268142590212946,36305372
2001-01-26,48.7688585249891,49.268142590212946,49.40605980000089,48.70638800437685,48.7688585249891,44723005
2001-01-29,48.38448485420852,48.7688585249891,48.91471617733037,48.289472491700316,48.38448485420852,74059876
2001-01-30,48.80638161246374,48.38448485420852,48.907148044907125,48.36846928492478,48.80638161246374,31937316
2001-01-31,48.411346252733246,48.80638161246374,48.87133414518673,48.25045260319749,48.411346252733246,72615366
2001-02-01,47.875412644115194,48.411346252733246,48.5353504281165,47.740833856482475,47.875412644115194,59843915
2001-02-02,47.923098457678385,47.875412644115194,48.01556847355729,47.68447519043655,47.923098457678385,51178296
2001-02-05,47.60317251130021,47.923098457678385,48.02358644829802,47.41874036521936,47.60317251130021,88288977
2001-02-06,47.32675475160615,47.60317251130021,47.693005104769256,47.160543776215114,47.32675475160615,35540190
2001-02-07,47.71996716753876,47.32675475160615,47.73681063595822,47.242230593874105,47.71996716753876,75319382
2001-02-08,47.79574472036129,47.71996716753876,47.79789950791063,47.51870443338377,47.79574472036129,93498653
2001-02-09,46.85752546305205,47.79574472036129,48.07066807404815,46.815649546947114,46.85752546305205,51894387
2001-02-12,47.163635734565524,46.85752546305205,47.37178674427314,46.77061094273181,47.163635734565524,82686456
2001-02-13,46.72250564786207,47.163635734565524,47.21121599818771,46.66410358193293,46.72250564786207,65192422
2001-02-14,46.60496055488621,46.72250564786207,46.82581322332936,46.55105367172801,46.60496055488621,46556451
2001-02-15,46.42458328951314,46.60496055488621,46.75270642330898,46.39799262545271,46.42458328951314,85928610
2001-02-16,46.20577714172273,46.42458328951314,46.55923414032166,46.190924942039835,46.20577714172273,50671554
2001-02-19,46.26122062646225,46.20577714172273,46.361029487487976,46.17469345886841,46.26122062646225,89330153
2001-02-20,45.90224196535839,46.26122062646225,46.51377521889029,45.87320860654725,45.90224196535839,62979191
2001-02-21,45.9996205521713,45.90224196535839,46.01108678481567,45.59440857233975,45.9996205521713,41834203
2001-02-22,45.76975018275891,45.9996205521713,46.08916551929552,45.658624309079556,45.76975018275891,41623628
2001-02-23,45.5704899768086,45.76975018275891,45.849993842875,45.23135654349126,45.5704899768086,70597927
2001-02-26,45.262421073707735,45.5704899768086,45.90575707241004,45.19493980996666,45.262421073707735,95018961
2001-02-27,45.18182524541811,45.262421073707735,45.53177325860534,45.17030840762122,45.18182524541811,67752532
2001-02-28,45.326803175205974,45.18182524541811,45.32841868155705,45.001261624823165,45.326803175205974,71830886
2001-03-01,45.11270636721548,45.326803175205974,45.37937132906545,45.00314111893354,45.11270636721548,89863154
2001-03-02,44.82528244372833,45.11270636721548,45.2966711476129,44.569521061511615,44.82528244372833,58309880
2001-03-05,45.1133040106786,44.82528244372833,45.13321785831658,44.75508144026592,45.1133040106786,85169155
2001-03-06,45.30593804852459,45.1133040106786,45.39518495694305,44.853548648352316,45.30593804852459,97498137
2001-03-07,44.80468435240122,45.30593804852459,45.42472882506708,44.63755899152486,44.80468435240122,38598423
2001-03-08,45.35014622532228,44.80468435240122,45.36081791916137,44.66308330976117,45.35014622532228,56411959
2001-03-09,45.12273334911135,45.35014622532228,45.37504270047178,45.07654149292145,45.12273334911135,55481141
2001-03-12,45.4474742892244,45.12273334911135,45.561220865467355,45.114103636960486,45.4474742892244,31440549
2001-03-13,45.190515309493314,45.4474742892244,45.68166587162459,45.06537093822892,45.190515309493314,33081909
2001-03-14,44.999300632144575,45.190515309493314,45.2225295010599,44.93844757158745,44.999300632144575,94984857
2001-03-15,45.08464944593564,44.999300632144575,45.20704913514357,44.94309894587566,45.08464944593564,49541118
2001-03-16,45.51093932536547,45.08464944593564,45.54176935713485,45.06661795672823,45.51093932536547,31790666
2001-03-19,45.60460044243749,45.51093932536547,45.801123825347105,45.46737676581558,45.60460044243749,67698677
2001-03-20,45.38476600568643,45.60460044243749,45.70090591073394,45.26023196842447,45.38476600568643,64544066
2001-03-21,45.78207882468465,45.38476600568643,45.92693851216664,45.26386603538827,45.78207882468465,69253491
2001-03-22,45.30231189486811,45.78207882468465,45.79131265435504,45.16261534494383,45.30231189486811,56914453
2001-03-23,45.712164482400176,45.30231189486811,45.723490938568624,45.05385160158747,45.712164482400176,69996560
2001-03-26,45.495569701554366,45.712164482400176,45.81775529427948,45.274821735498286,45.495569701554366,50379246
2001-03-27,45.66885209166715,45.495569701554366,45.77502707943331,45.448755548460014,45.66885209166715,49936956
2001-03-28,45.87450574076324,45.66885209166715,46.06278768152525,45.56301334781256,45.87450574076324,84425582
2001-03-29,45.71158693205982,45.87450574076324,46.145199771227816,45.61014021868329,45.71158693205982,96301914
2001-03-30,45.86618507835992,45.71158693205982,45.87157123991685,45.50791211106228,45.86618507835992,73788394
2001-04-02,46.231447346119324,45.86618507835992,46.40477511058526,45.71240046911136,46.231447346119324,70253532
2001-04-03,45.9126383036757,46.231447346119324,46.37797751219515,45.84351424880304,45.9126383036757,80720778
2001-04-04,46.28349813673501,45.9126383036757,46.43279317932863,45.762935992808494,46.28349813673501,98266431
2001-04-05,45.87576080511875,46.28349813673501,46.42891298384764,45.6395239083039,45.87576080511875,85113208
2001-04-06,46.30415478290043,45.87576080511875,46.42409698330215,45.80394268581241,46.30415478290043,39851257
2001-04-09,46.560471656183886,46.30415478290043,46.56264553045857,46.17758190442163,46.560471656183886,48979498
2001-04-10,45.70087861337964,46.560471656183886,46.97312532846592,45.53297741537812,45.70087861337964,87175032
2001-04-11,46.13362812151718,45.70087861337964,46.22244372571937,45.64830276619843,46.13362812151718,85066454
2001-04-12,46.49741217493731,46.13362812151718,46.58472260012084,46.016623106410954,46.49741217493731,76309948
2001-04-13,46.3619751501932,46.49741217493731,46.63387114413881,46.28744499143806,46.3619751501932,97429936
2001-04-16,46.54075251876943,46.3619751501932,46.55782036303475,46.242040391954426,46.54075251876943,94813451
2001-04-17,46.35957344408857,46.54075251876943,46.599249140866675,46.27794004735655,46.35957344408857,86665878
2001-04-18,46.56560635053915,46.35957344408857,46.68080202525508,46.17963093530681,46.56560635053915,33706825
2001-04-19,46.55464337130071,46.56560635053915,46.71351736326075,46.446336416850315,46.55464337130071,71836028
2001-04-20,46.908669180741576,46.55464337130071,47.00936046653353,46.53720387011688,46.908669180741576,67758827
2001-04-23,46.74120231956144,46.908669180741576,47.06649328728697,46.631471557798655,46.74120231956144,68188235
2001-04-24,46.806148985593936,46.74120231956144,46.898969097164255,46.697178811499526,46.806148985593936,94530713
2001-04-25,46.67640422769545,46.806148985593936,46.87845587902923,46.66994020702541,46.67640422769545,52548102
2001-04-26,46.7040376339103,46.67640422769545,46.76802650170839,46.56678004662253,46.7040376339103,41969568
2001-04-27,46.76228011553591,46.7040376339103,46.80983644448622,46.569467381857585,46.76228011553591,71928785
2001-04-30,47.001607866121454,46.76228011553591,47.06594124476826,46.72211973364392,47.001607866121454,91679074
2001-05-01,46.855709779843785,47.001607866121454,47.43091912435504,46.7369674672443,46.855709779843785,83773918
2001-05-02,47.06809709137065,46.855709779843785,47.21235636767986,46.74175797436182,47.06809709137065,63838020
2001-05-03,47.533645415135915,47.06809709137065,47.73847284161205,46.935498757745485,47.533645415135915,56524595
2001-05-04,47.29601936198983,47.533645415135915,47.683402998596016,47.28496514058661,47.29601936198983,95245678
2001-05-07,47.05952581753226,47.29601936198983,47.433976871815645,46.926295363248,47.05952581753226,71280681
2001-05-08,47.46519546618322,47.05952581753226,47.529309561363846,46.8468362477661,47.46519546618322,76100352
2001-05-09,47.130911292597865,47.46519546618322,47.5728471018534,47.02827174984787,47.130911292597865,93824574
2001-05-10,46.790988746230695,47.130911292597865,47.16257292549389,46.48914324183572,46.790988746230695,88172422
2001-05-11,47.07967776143977,46.790988746230695,47.35460311114858,46.64995534473885,47.07967776143977,70498555
2001-05-14,46.92059882233888,47.07967776143977,47.237572776080725,46.76807658563607,46.92059882233888,98096825
2001-05-15,47.32576623548748,46.92059882233888,47.54429729614486,46.81901153296779,47.32576623548748,83993301
2001-05-16,47.4589156336077,47.32576623548748,47.5910725729671,47.202114902250734,47.4589156336077,96308529
2001-05-17,47.898153861665385,47.4589156336077,48.07682761860695,47.352879674770385,47.898153861665385,88237490
2001-05-18,47.62317409839939,47.898153861665385,47.949213992361294,47.61568092060504,47.62317409839939,39115753
2001-05-21,47.53877312416753,47.62317409839939,47.88166331248674,47.456059627796236,47.53877312416753,94422681
2001-05-22,47.833912965700065,47.53877312416753,47.925083809985686,47.44323901013626,47.833912965700065,87699359
2001-05-23,47.15466342292061,47.833912965700065,47.85079842817607,47.02112353589558,47.15466342292061,96937789
2001-05-24,47.783498928639546,47.15466342292061,47.84879035742257,47.01466227110273,47.783498928639546,59429259
2001-05-25,47.956858936085276,47.783498928639546,47.99210105437321,47.65209831657268,47.956858936085276,87719975
2001-05-28,47.464665288509,47.956858936085276,48.02514472942628,47.448809090196114,47.464665288509,38307542
2001-05-29,48.13735750170384,47.464665288509,48.23954230320286,47.43474039227473,48.13735750170384,97290657
2001-05-30,47.99017618488615,48.13735750170384,48.30751143735329,47.8533789213923,47.99017618488615,52808784
2001-05-31,47.854970738826054,47.99017618488615,48.048935727970985,47.816265108154624,47.854970738826054,42332869
2001-06-01,48.1518676478655,47.854970738826054,48.350585699590894,47.53014524647365,48.1518676478655,32716384
2001-06-04,48.48272914960912,48.1518676478655,48.55162002291786,48.07895867151115,48.48272914960912,83848238
2001-06-05,47.9204590604417,48.48272914960912,48.91079019554822,47.85813680400109,47.9204590604417,73065113
2001-06-06,47.87472842940165,47.9204590604417,48.024612893037734,47.7943474923267,47.87472842940165,95442950
2001-06-07,47.64416490521747,47.87472842940165,48.21501538769439,47.56429189855179,47.64416490521747,53077101
2001-06-08,47.48965249651224,47.64416490521747,47.84361777979745,47.39434582420432,47.48965249651224,64747863
2001-06-11,47.82851689907854,47.48965249651224,47.86321200247545,47.38728246616572,47.82851689907854,45264984
2001-06-12,47.365614523868445,47.82851689907854,47.87176445847012,47.10527611058606,47.365614523868445,50733666
2001-06-13,47.5246920415795,47.365614523868445,47.52990740696955,47.31662308852059,47.5246920415795,47757209
2001-06-14,47.332838802628956,47.5246920415795,47.77245792916912,47.24479646372122,47.332838802628956,52409402
2001-06-15,47.4980967587153,47.332838802628956,47.500668389147194,47.24924545468268,47.4980967587153,54958833
2001-06-18,47.40202651045098,47.4980967587153,47.67061096983519,47.32896106195419,47.40202651045098,43480565
2001-06-19,47.5067171314431,47.40202651045098,47.59217791428711,47.206813162235754,47.5067171314431,53051379
2001-06-20,47.07963612987028,47.5067171314431,47.565428735236736,46.90043912253846,47.07963612987028,82997109
2001-06-21,47.074854092173936,47.07963612987028,47.199913919586606,46.98052432213704,47.074854092173936,56837806
2001-06-22,46.84653715613124,47.074854092173936,47.20332331402736,46.76760159968382,46.84653715613124,77018597
2001-06-25,46.91094152286211,46.84653715613124,46.97445464969709,46.84433237537849,46.91094152286211,76072994
2001-06-26,47.04242470036715,46.91094152286211,47.18607977429438,46.872787490048005,47.04242470036715,83954737
2001-06-27,47.069792407964236,47.04242470036715,47.185889901259756,46.831971781459316,47.069792407964236,36955992
2001-06-28,46.61484067332333,47.069792407964236,47.25161434817908,46.55892766124318,46.61484067332333,61971607
2001-06-29,46.972584769009316,46.61484067332333,47.09947394405592,46.600919055616565,46.972584769009316,91956893
2001-07-02,47.024285887640914,46.972584769009316,47.224532556856936,46.884074632604765,47.024285887640914,73737631
2001-07-03,46.74257958665955,47.024285887640914,47.153434848259444,46.64627461279462,46.74257958665955,59284090
2001-07-04,47.021764440032754,46.74257958665955,47.039603446862586,46.61365302169857,47.021764440032754,43636529
2001-07-05,46.34308165091621,47.021764440032754,47.09270176827086,46.33218360723849,46.34308165091621,49061805
2001-07-06,46.17239559969227,46.34308165091621,46.50697849204297,46.140461627641514,46.17239559969227,57041359
2001-07-09,45.98733690225421,46.17239559969227,46.35401411245483,45.689193271609994,45.98733690225421,51242914
2001-07-10,46.68508349740041,45.98733690225421,46.80610103519167,45.92924071709257,46.68508349740041,61287484
2001-07-11,46.42833322263946,46.68508349740041,46.72795924891953,46.288376633636645,46.42833322263946,63711192
2001-07-12,46.202540280660386,46.42833322263946,46.46051635015161,46.14384874328845,46.202540280660386,71569614
2001-07-13,46.218454298381495,46.202540280660386,46.38371411801668,46.10035019375773,46.218454298381495,55953202
2001-07-16,45.8329257549457,46.218454298381495,46.48793500069068,45.519746312626786,45.8329257549457,81679166
2001-07-17,46.593668455616424,45.8329257549457,46.69985631378794,45.58280486554342,46.593668455616424,42184097
2001-07-18,45.998931760903226,46.593668455616424,46.68643360921271,45.93440792142609,45.998931760903226,75859608
2001-07-19,45.93280262054623,45.998931760903226,46.14514841431714,45.77586255158755,45.93280262054623,52152304
2001-07-20,46.01252188763216,45.93280262054623,46.089171455685054,45.62607226394877,46.01252188763216,40184018
2001-07-23,45.89472949797296,46.01252188763216,46.155806610030446,45.78629611697278,45.89472949797296,30852522
2001-07-24,45.77426025539674,45.89472949797296,45.999949572711,45.70972433340964,45.77426025539674,54148141
2001-07-25,45.48106706278757,45.77426025539674,46.01154905433477,45.44886918268141,45.48106706278757,79319243
2001-07-26,45.70749478542701,45.48106706278757,45.77185273892728,45.41421753216278,45.70749478542701,54791246
2001-07-27,45.9669840391974,45.70749478542701,46.14430591147402,45.357828845160455,45.9669840391974,63932630
2001-07-30,45.78285089664878,45.9669840391974,46.03669155775889,45.72983097396647,45.78285089664878,53266228
2001-07-31,45.777160532449194,45.78285089664878,45.811536628440045,45.70249970553591,45.777160532449194,52773694
2001-08-01,45.23791816814469,45.777160532449194,45.785154972507605,45.020518468801896,45.23791816814469,66085863
2001-08-02,45.06820026224298,45.23791816814469,45.29131310221243,44.96161722280261,45.06820026224298,37363785
2001-08-03,45.20232203499285,45.06820026224298,45.461222510100086,44.95055019987603,45.20232203499285,47808489
2001-08-06,45.181816026344585,45.20232203499285,45.2661228067019,44.81855632834967,45.181816026344585,95252611
2001-08-07,45.35447457939668,45.181816026344585,45.622838522011726,45.14202437793773,45.35447457939668,61703921
2001-08-08,44.6649587357073,45.35447457939668,45.41764219233039,44.544214374155096,44.6649587357073,71775527
2001-08-09,45.32864654877714,44.6649587357073,45.41148041470759,44.582984976745294,45.32864654877714,57938054
2001-08-10,44.887585918165335,45.32864654877714,45.40649106163077,44.59894372780566,44.887585918165335,33541142
2001-08-13,44.76578575384872,44.887585918165335,44.94105331768893,44.73132574551523,44.76578575384872,70362195
2001-08-14,44.57328861994172,44.76578575384872,44.89090603104963,44.55363283140422,44.57328861994172,81516513
2001-08-15,44.36828283063187,44.57328861994172,44.626157935554374,44.186847201612224,44.36828283063187,59850140
2001-08-16,44.86080672121734,44.36828283063187,44.902887571439194,44.33005241010352,44.86080672121734,90064114
2001-08-17,44.63174016191125,44.86080672121734,44.96793283514974,44.36671870156767,44.63174016191125,43141700
2001-08-20,44.266482556488455,44.63174016191125,44.66507654438019,44.174359851213275,44.266482556488455,65110042
2001-08-21,44.20420247624554,44.266482556488455,44.30819878011379,44.10813416690012,44.20420247624554,96589835
2001-08-22,44.35617336834232,44.20420247624554,44.39823406020937,44.023943296208756,44.35617336834232,45284004
2001-08-23,44.73949677530266,44.35617336834232,44.7816868388036,44.22044764038248,44.73949677530266,40011425
2001-08-24,44.25018283908253,44.73949677530266,44.798438843274354,44.22886812980745,44.25018283908253,81422173
2001-08-27,43.913612374371716,44.25018283908253,44.360787865596926,43.83933470885427,43.913612374371716,94913823
2001-08-28,44.13032507076502,43.913612374371716,44.300155547687034,43.8553458210939,44.13032507076502,53361864
2001-08-29,44.062909907843355,44.13032507076502,44.14065254897123,43.94852709583259,44.062909907843355,69222649
2001-08-30,43.46739358881656,44.062909907843355,44.23578323075243,43.15547393406459,43.46739358881656,95825685
2001-08-31,43.98805512936608,43.46739358881656,44.03359650347484,43.42214920946345,43.98805512936608,67260553
2001-09-03,43.887726998594154,43.98805512936608,43.99386980929875,43.867648405847035,43.887726998594154,31463434
2001-09-04,44.02966004249598,43.887726998594154,44.272144865249324,43.81311734574808,44.02966004249598,95242708
2001-09-05,44.22044822756956,44.02966004249598,44.40467033011952,43.92875127852969,44.22044822756956,99133823
2001-09-06,44.000303918771834,44.22044822756956,44.23933627289632,43.99437449877978,44.000303918771834,99257960
2001-09-07,43.63356585529417,44.000303918771834,44.05064284063728,43.46088230266141,43.63356585529417,66731187
2001-09-10,43.38937634790835,43.63356585529417,43.81231422178354,43.13796281709948,43.38937634790835,68237968
2001-09-11,44.129827304831046,43.38937634790835,44.21325158764573,43.242421311926876,44.129827304831046,94691418
2001-09-12,43.52057459472254,44.129827304831046,44.205824418657976,43.20813878448108,43.52057459472254,35083933
2001-09-13,43.44917971695094,43.52057459472254,43.53491864401676,43.35496754311341,43.44917971695094,51848356
2001-09-14,43.37938209648845,43.44917971695094,43.47317498705645,43.354836435936505,43.37938209648845,30049028
2001-09-17,43.365985129717096,43.37938209648845,43.47987378241614,43.34235141451612,43.365985129717096,59413573
2001-09-18,43.23031219397461,43.365985129717096,43.58267670230731,43.19822757188908,43.23031219397461,81344768
2001-09-19,43.076089006513875,43.23031219397461,43.27901114585856,42.92525429231221,43.076089006513875,96367624
2001-09-20,43.02050827144323,43.076089006513875,43.16647955898233,42.95719123692575,43.02050827144323,90195434
2001-09-21,43.06986852641502,43.02050827144323,43.31213749140844,42.946050043543806,43.06986852641502,55215935
2001-09-24,42.89850648768539,43.06986852641502,43.22233437892427,42.853665371627166,42.89850648768539,34402382
2001-09-25,42.80074881344349,42.89850648768539,43.033921348986105,42.551628343469766,42.80074881344349,34111492
2001-09-26,42.915132882677305,42.80074881344349,42.92767707604944,42.7054373015636,42.915132882677305,99789861
2001-09-27,42.77616487897695,42.915132882677305,42.9443506809504,42.61632444796383,42.77616487897695,64008566
2001-09-28,43.09085388525075,42.77616487897695,43.14256291063873,42.7011684523401,43.09085388525075,35647539
2001-10-01,42.14160829322315,43.09085388525075,43.386731717076515,42.00783362049296,42.14160829322315,89664714
2001-10-02,42.87889669180993,42.14160829322315,43.105713624576396,42.102090746956286,42.87889669180993,47570883
2001-10-03,42.84993567791026,42.87889669180993,42.9794941064958,42.8357907225267,42.84993567791026,67267297
2001-10-04,42.08224226135568,42.84993567791026,42.96712390619075,41.87582284480406,42.08224226135568,77197513
2001-10-05,42.38878324925678,42.08224226135568,42.39131619900705,41.95059532366811,42.38878324925678,62022496
2001-10-08,42.321254536408894,42.38878324925678,42.42030525917506,42.295449439497325,42.321254536408894,55193709
2001-10-09,42.04050213970281,42.321254536408894,42.37563543444144,41.985260256678934,42.04050213970281,64779058
2001-10-10,42.112504595576944,42.04050213970281,42.113826733962924,41.974918403851674,42.112504595576944,60596246
2001-10-11,41.98096768308013,42.112504595576944,42.25579295827998,41.92419457537036,41.98096768308013,97566187
2001-10-12,42.52317084730621,41.98096768308013,42.65446289386074,41.71821752569695,42.52317084730621,75473083
2001-10-15,42.28923200643473,42.52317084730621,42.752048860460064,42.12494698163968,42.28923200643473,31118244
2001-10-16,42.297991424578775,42.28923200643473,42.3664842887835,42.1041465784227,42.297991424578775,48578371
2001-10-17,42.12067087620846,42.297991424578775,42.339426856649744,41.96713274081008,42.12067087620846,43401213
2001-10-18,41.671112536554176,42.12067087620846,42.268631302426925,41.43347608454103,41.671112536554176,43495909
2001-10-19,41.736408067363,41.671112536554176,41.76174833218707,41.4725629660626,41.736408067363,34716763
2001-10-22,41.886857023715,41.736408067363,42.08250438640038,41.627622350801985,41.886857023715,31071099
2001-10-23,41.468122260175775,41.886857023715,41.89184748523171,41.28251802862817,41.468122260175775,94855046
2001-10-24,41.810061519146686,41.468122260175775,41.988533232296014,41.234610392721734,41.810061519146686,94492200
2001-10-25,41.55001231718311,41.810061519146686,41.86791896181387,41.34976715580728,41.55001231718311,58723492
2001-10-26,41.46061413997047,41.55001231718311,41.665233492976576,41.3998775177913,41.46061413997047,65839514
2001-10-29,41.62436523648282,41.46061413997047,41.68068225553571,41.43673359880845,41.62436523648282,39058068
2001-10-30,41.50738129496312,41.62436523648282,41.66107160653718,41.30911401524509,41.50738129496312,96159708
2001-10-31,41.279209457406026,41.50738129496312,41.60357989497107,41.25626656588284,41.279209457406026,71921204
2001-11-01,41.53166470709459,41.279209457406026,41.53888673129251,41.20388656382657,41.53166470709459,58988630
2001-11-02,41.00790386784863,41.53166470709459,41.72028040949781,40.969595521957224,41.00790386784863,32798526
2001-11-05,41.296018744937136,41.00790386784863,41.374176697192624,40.95013236551778,41.296018744937136,61311985
2001-11-06,41.22959742779165,41.296018744937136,41.5146704857288,41.17502100708008,41.22959742779165,77860920
2001-11-07,40.98262539230078,41.22959742779165,41.574962370466366,40.960742366044386,40.98262539230078,42982508
2001-11-08,41.05144756701946,40.98262539230078,41.062675320197435,40.74225170685159,41.05144756701946,88980132
2001-11-09,40.66707983744731,41.05144756701946,41.148518329893584,40.55512954937999,40.66707983744731,47648913
2001-11-12,41.05032428946257,40.66707983744731,41.26961007339556,40.49380500460114,41.05032428946257,62758612
2001-11-13,40.76227996416563,41.05032428946257,41.23538748370983,40.73940389489842,40.76227996416563,65366004
2001-11-14,40.63198688012812,40.76227996416563,40.85720249504282,40.59267273659179,40.63198688012812,42672573
2001-11-15,40.89027541485482,40.63198688012812,40.94963993039436,40.4956866507662,40.89027541485482,55302551
2001-11-16,40.47234866592055,40.89027541485482,41.04204140584019,40.335133242785375,40.47234866592055,68725691
2001-11-19,40.26825354021428,40.47234866592055,40.50324639942393,40.241030412864774,40.26825354021428,82103568
2001-11-20,40.17715015502193,40.26825354021428,40.32358516280658,40.160545934632545,40.17715015502193,83819241
2001-11-21,40.553276473241255,40.17715015502193,40.611105639186,40.12395028434718,40.553276473241255,40634043
2001-11-22,40.11078102915767,40.553276473241255,40.68264400030331,40.09865600258181,40.11078102915767,68503668
2001-11-23,40.66135082744607,40.11078102915767,40.785972756323886,40.088195378606386,40.66135082744607,46170576
2001-11-26,39.82720558992124,40.66135082744607,40.79016474408497,39.660009820156255,39.82720558992124,31249928
2001-11-27,40.52547261799797,39.82720558992124,40.653134517895104,39.80552231918638,40.52547261799797,66740663
2001-11-28,40.16541027342034,40.52547261799797,40.63606944383102,40.0053488893397,40.16541027342034,36923869
2001-11-29,40.04216608128381,40.16541027342034,40.256927165248875,40.02227131624972,40.04216608128381,36460381
2001-11-30,39.89101618263821,40.04216608128381,40.11625714566625,39.726569159443265,39.89101618263821,84757592
2001-12-03,40.01816595021984,39.89101618263821,40.17999890721685,39.857385279907504,40.01816595021984,37436998
2001-12-04,39.86941929625499,40.01816595021984,40.09088055847032,39.72930023993308,39.86941929625499,96776630
2001-12-05,40.03502655928145,39.86941929625499,40.038875010765096,39.854230505144436,40.03502655928145,58362485
2001-12-06,39.77655109570329,40.03502655928145,40.176867353529296,39.677272271831384,39.77655109570329,58765946
2001-12-07,39.7221368111209,39.77655109570329,39.91398080314167,39.651291307306984,39.7221368111209,48410555
2001-12-10,39.55871807241055,39.7221368111209,39.97373241661666,39.54115533698711,39.55871807241055,72381986
2001-12-11,39.55796429659919,39.55871807241055,39.660846664987574,39.35506003560423,39.55796429659919,90150498
2001-12-12,39.568494995578064,39.55796429659919,39.60684189663453,39.419947793889826,39.568494995578064,67035136
2001-12-13,39.10885601855603,39.568494995578064,39.61208804186302,39.090895608329,39.10885601855603,72115628
2001-12-14,39.11912656303149,39.10885601855603,39.1685758939056,39.02489606254124,39.11912656303149,39193668
2001-12-17,39.46921407879401,39.11912656303149,39.54278628128501,39.07297736845379,39.46921407879401,79515173
2001-12-18,39.2950806613925,39.46921407879401,39.581481450062455,39.29107764576777,39.2950806613925,63248502
2001-12-19,39.16393926607488,39.2950806613925,39.33114817358973,39.12147370533124,39.16393926607488,45340311
2001-12-20,39.14206891736295,39.16393926607488,39.30921534763465,39.05206690135527,39.14206891736295,44216451
2001-12-21,39.1448351947399,39.14206891736295,39.294498452793974,38.97379853970873,39.1448351947399,81328346
2001-12-24,38.91008995774888,39.1448351947399,39.15603152864644,38.81686353698967,38.91008995774888,63603780
2001-12-25,38.80225634117549,38.91008995774888,39.11207089016472,38.69493668017533,38.80225634117549,95082474
2001-12-26,38.93039206191438,38.80225634117549,39.19265668011714,38.6948090010462,38.93039206191438,75462247
2001-12-27,38.64081439302305,38.93039206191438,38.953213433958545,38.57691145968908,38.64081439302305,75012580
2001-12-28,38.848368995723106,38.64081439302305,39.07197317617097,38.5087455579673,38.848368995723106,91756575
2001-12-31,38.378176896287506,38.848368995723106,38.889540202182474,38.182336338684365,38.378176896287506,55970270
2002-01-01,38.84501838161246,38.378176896287506,38.87129627013556,38.17042690258568,38.84501838161246,90198094
2002-01-02,38.675790345068606,38.84501838161246,38.87945585288789,38.648653909557396,38.675790345068606,65145718
2002-01-03,38.572392188824765,38.675790345068606,38.74062595487929,38.52949607271687,38.572392188824765,39327928
2002-01-04,38.6505174969126,38.572392188824765,38.68670272192289,38.50152564145299,38.6505174969126,99495215
2002-01-07,38.71977109333682,38.6505174969126,38.759011462693714,38.58664989354125,38.71977109333682,84186909
2002-01-08,38.532908477078855,38.71977109333682,38.79265185498542,38.50956376892516,38.532908477078855,90805354
2002-01-09,37.92460807018822,38.532908477078855,38.674962728019864,37.7823878709907,37.92460807018822,69148453
2002-01-10,37.970886985740655,37.92460807018822,38.023409611308466,37.8898272766509,37.970886985740655,87323998
2002-01-11,38.034649994408824,37.970886985740655,38.063247665669124,37.90807138232804,38.034649994408824,68267307
2002-01-14,38.097277033870924,38.034649994408824,38.18969009482407,37.95183093443624,38.097277033870924,76600857
2002-01-15,38.12920408450767,38.097277033870924,38.15944311705311,38.057355723328,38.12920408450767,69775338
2002-01-16,37.831451097625944,38.12920408450767,38.21776341068662,37.80068105919471,37.831451097625944,94338730
2002-01-17,37.94309179289781,37.831451097625944,38.01168808081768,37.718637478980376,37.94309179289781,49420652
2002-01-18,37.70321215280083,37.94309179289781,37.94329475517472,37.695764053179815,37.70321215280083,53850056
2002-01-21,37.6690855596809,37.70321215280083,37.82301920406737,37.61654588526059,37.6690855596809,75033145
2002-01-22,37.4577589992714,37.6690855596809,37.72561868478883,37.437458386730185,37.4577589992714,79323636
2002-01-23,37.48768653950158,37.4577589992714,37.54573059616647,37.26155873755548,37.48768653950158,58474955
2002-01-24,37.34588329414413,37.48768653950158,37.72662063343971,37.32546534845288,37.34588329414413,59227810
2002-01-25,37.35529763559503,37.34588329414413,37.666147683596904,37.26875248436413,37.35529763559503,70152412
2002-01-28,37.67435933973359,37.35529763559503,37.69466051351981,37.31721954782443,37.67435933973359,95196626
2002-01-29,37.23777399248928,37.67435933973359,37.86940256391615,37.067895546113434,37.23777399248928,90750954
2002-01-30,37.84549412718655,37.23777399248928,37.85932791904181,37.20839619124785,37.84549412718655,40302298
2002-01-31,37.38429250705656,37.84549412718655,37.93103449688358,37.32963893356619,37.38429250705656,60189370
2002-02-01,37.265177186103195,37.38429250705656,37.395488315547325,37.17655237670546,37.265177186103195,89724648
2002-02-04,37.009708277160165,37.265177186103195,37.33978207618289,36.74958291392471,37.009708277160165,89435660
2002-02-05,37.23762672531803,37.009708277160165,37.48807761147439,36.99363509137557,37.23762672531803,42732374
2002-02-06,36.93952800880149,37.23762672531803,37.26057877186539,36.823812664181254,36.93952800880149,93217960
2002-02-07,37.00717781495442,36.93952800880149,37.09328684954733,36.84556174499939,37.00717781495442,62744142
2002-02-08,37.39570791475732,37.00717781495442,37.485495242005705,36.800041902904766,37.39570791475732,95563712
2002-02-11,36.8438338830969,37.39570791475732,37.45168785979066,36.80818208980051,36.8438338830969,89250238
2002-02-12,37.01146629203656,36.8438338830969,37.20520592944312,36.75086787762524,37.01146629203656,64265006
2002-02-13,36.60929343821533,37.01146629203656,37.27848598293543,36.474344840426404,36.60929343821533,86360970
2002-02-14,36.6705067260504,36.60929343821533,36.69440210145265,36.497591285380025,36.6705067260504,41965200
2002-02-15,36.939577347139426,36.6705067260504,36.991082261587735,36.65669384212176,36.939577347139426,85165338
2002-02-18,36.43925586697663,36.939577347139426,37.07003608604703,36.36290027500094,36.43925586697663,80014814
2002-02-19,36.82300984458221,36.43925586697663,36.874769021525786,36.43037056823617,36.82300984458221,41974810
2002-02-20,36.55968896793527,36.82300984458221,37.019965695971685,36.509390098072316,36.55968896793527,48199757
2002-02-21,36.26694834936815,36.55968896793527,36.58681703079182,36.16813297125525,36.26694834936815,89174002
2002-02-22,36.42249863570546,36.26694834936815,36.6824455758515,36.23061484594623,36.42249863570546,54276346
2002-02-25,36.4224106371785,36.42249863570546,36.495713285478125,36.380899145293476,36.4224106371785,60858948
2002-02-26,36.29711515624114,36.4224106371785,36.53008253597507,36.236639118237036,36.29711515624114,73293614
2002-02-27,35.83947018136132,36.29711515624114,36.46980002172846,35.74699520194491,35.83947018136132,83686290
2002-02-28,35.93043003537435,35.83947018136132,35.949453493214705,35.79865511146909,35.93043003537435,85771448
2002-03-01,35.95544664560073,35.93043003537435,36.00411874444559,35.840296347528145,35.95544664560073,63626639
2002-03-04,35.8838554257648,35.95544664560073,35.96333246269109,35.86432678199534,35.8838554257648,99753388
2002-03-05,35.90551340066898,35.8838554257648,35.99069250816522,35.781821034633836,35.90551340066898,46625306
2002-03-06,35.72335777533364,35.90551340066898,36.014946643453676,35.57513965535933,35.72335777533364,94784828
2002-03-07,35.35124383725312,35.72335777533364,35.76658801228733,35.129254497260135,35.35124383725312,46033689
2002-03-08,35.553534598450014,35.35124383725312,35.71194545131209,35.191306023566455,35.553534598450014,68289638
2002-03-11,35.49131380519474,35.553534598450014,35.77213278455471,35.436861407292504,35.49131380519474,98074482
2002-03-12,35.37925478131997,35.49131380519474,35.62556142312101,35.314857815292086,35.37925478131997,55275774
2002-03-13,35.36781853592059,35.37925478131997,35.44470611713407,35.25356453396167,35.36781853592059,40132844
2002-03-14,35.221185542815356,35.36781853592059,35.377152833273065,35.14325570451619,35.221185542815356,89469421
2002-03-15,35.05244447613243,35.221185542815356,35.26770652683831,35.023500058118074,35.05244447613243,78815214
2002-03-18,34.857133918858175,35.05244447613243,35.10807253875788,34.69145856320097,34.857133918858175,43651329
2002-03-19,34.47785260369888,34.857133918858175,34.96962520810663,34.330533902829195,34.47785260369888,82729096
2002-03-20,34.738258463038065,34.47785260369888,34.78322251612624,34.46143942297171,34.738258463038065,79047798
2002-03-21,34.59690214215286,34.738258463038065,34.95920287596715,34.55579230750929,34.59690214215286,57757491
2002-03-22,34.50501847535527,34.59690214215286,34.67329870872119,34.46589084584913,34.50501847535527,90214838
2002-03-25,34.13612672312263,34.50501847535527,34.537205189594395,33.92975111210547,34.13612672312263,35288756
2002-03-26,34.06751292683018,34.13612672312263,34.198583550853016,34.00687241999647,34.06751292683018,40734804
2002-03-27,34.32969860087567,34.06751292683018,34.333810591237096,34.0407504554517,34.32969860087567,93398058
2002-03-28,34.040354918453716,34.32969860087567,34.41156701360632,34.020535248692,34.040354918453716,48248844
2002-03-29,34.05996913101737,34.040354918453716,34.197823631118574,33.909794647794776,34.05996913101737,76671463
2002-04-01,33.84631067165932,34.05996913101737,34.16809285321041,33.70579510481119,33.84631067165932,50742760
2002-04-02,33.74375384961813,33.84631067165932,33.89408573906467,33.6833418189778,33.74375384961813,77022319
2002-04-03,33.793749700037445,33.74375384961813,33.79495235327047,33.657706441661794,33.793749700037445,76438710
2002-04-04,33.4466414930117,33.793749700037445,33.89318321343282,33.418667225796284,33.4466414930117,39611072
2002-04-05,33.44644651720893,33.4466414930117,33.52088742324581,33.43967661943509,33.44644651720893,48797335
2002-04-08,33.25056231885281,33.44644651720893,33.61499126015461,33.20766774443849,33.25056231885281,57981682
2002-04-09,33.1526298532965,33.25056231885281,33.28468797342596,33.11812060591736,33.1526298532965,38393607
2002-04-10,33.07082328195234,33.1526298532965,33.34331640193836,32.9837786525342,33.07082328195234,66068826
2002-04-11,33.05591394847987,33.07082328195234,33.22217901903605,32.88871644653542,33.05591394847987,90556994
2002-04-12,32.83766215722951,33.05591394847987,33.17036972506914,32.600084279641266,32.83766215722951,40816864
2002-04-15,33.01970072716467,32.83766215722951,33.10441622070647,32.823546559260826,33.01970072716467,50673556
2002-04-16,32.5645690882213,33.01970072716467,33.045881078097814,32.49063640858191,32.5645690882213,54738298
2002-04-17,32.57763361834016,32.5645690882213,32.706033361548144,32.42042650426081,32.57763361834016,87357031
2002-04-18,32.4338484696732,32.57763361834016,32.579145706669365,32.29307676739596,32.4338484696732,89796840
2002-04-19,32.63696037901068,32.4338484696732,32.72194461743572,32.40127450781771,32.63696037901068,37566124
2002-04-22,32.33149018304614,32.63696037901068,32.65787348155989,32.263970678210576,32.33149018304614,76511659
2002-04-23,32.36307332258297,32.33149018304614,32.51188041377703,32.21902164624729,32.36307332258297,37200215
2002-04-24,31.85578802580931,32.36307332258297,32.472647310696836,31.829026847991173,31.85578802580931,38584804
2002-04-25,32.03410895429979,31.85578802580931,32.12756308524357,31.773201378093344,32.03410895429979,56061012
2002-04-26,32.030453031666745,32.03410895429979,32.117985855686975,32.02923704700808,32.030453031666745,81786257
2002-04-29,31.79890010631581,32.030453031666745,32.06533460675107,31.79630749419584,31.79890010631581,35158282
2002-04-30,31.851826250605917,31.79890010631581,32.01628463709029,31.73962711008833,31.851826250605917,86277018
2002-05-01,31.49857266349061,31.851826250605917,31.88607367585041,31.46356073783421,31.49857266349061,56192741
2002-05-02,31.699281801674577,31.49857266349061,31.81577665170754,31.47675842452119,31.699281801674577,98791744
2002-05-03,31.735319549949537,31.699281801674577,31.84733252625983,31.622267186152374,31.735319549949537,66694676
2002-05-06,31.2151654805826,31.735319549949537,31.7908933752605,31.201265735633392,31.2151654805826,39437372
2002-05-07,31.099684329835675,31.2151654805826,31.316840863969226,31.022740438421536,31.099684329835675,61422141
2002-05-08,31.292085716400088,31.099684329835675,31.294882868859087,31.04502853324107,31.292085716400088,62743902
2002-05-09,31.208090064374353,31.292085716400088,31.3521810208051,31.154580919984053,31.208090064374353,76275162
2002-05-10,30.78008020593673,31.208090064374353,31.347004505120665,30.651926175094523,30.78008020593673,30931835
2002-05-13,30.69335420613134,30.78008020593673,30.847932821023626,30.590280623829877,30.69335420613134,76476278
2002-05-14,30.611999069977596,30.69335420613134,30.82219523185817,30.56854382754699,30.611999069977596,44493673
2002-05-15,30.347024080287802,30.611999069977596,30.809714029603928,30.1864914668275,30.347024080287802,31129695
2002-05-16,30.309757238588187,30.347024080287802,30.349826916478065,30.286359636589154,30.309757238588187,62409102
2002-05-17,30.19447296998662,30.309757238588187,30.360853134596443,29.939469441500528,30.19447296998662,62356581
2002-05-20,30.127944090737216,30.19447296998662,30.323908034540647,30.10959903405357,30.127944090737216,76164836
2002-05-21,30.13603859073102,30.127944090737216,30.24355431431959,30.11574773887605,30.13603859073102,84755152
2002-05-22,30.073658286639148,30.13603859073102,30.196362967268232,29.837539789865826,30.073658286639148,65918961
2002-05-23,30.167772761105432,30.073658286639148,30.17032657278417,29.953309312808067,30.167772761105432,48361527
2002-05-24,29.68399235422702,30.167772761105432,30.29124881342391,29.62043484826551,29.68399235422702,59895414
2002-05-27,29.876446729800886,29.68399235422702,29.93582939732611,29.654733159229696,29.876446729800886,55059623
2002-05-28,29.59564216903542,29.876446729800886,29.950198761324938,29.575577962176993,29.59564216903542,91630916
2002-05-29,29.517254991459385,29.59564216903542,29.68791133336037,29.403169199381622,29.517254991459385,65237571
2002-05-30,29.521044078609663,29.517254991459385,29.593487086297596,29.42245960671799,29.521044078609663,45861141
2002-05-31,29.154401978079584,29.521044078609663,29.556147577789194,29.072616635391547,29.154401978079584,78485502
2002-06-03,29.272065334618514,29.154401978079584,29.286971937881844,29.05944563230964,29.272065334618514,41020429
2002-06-04,29.13764768486087,29.272065334618514,29.34640155159208,29.124750937626093,29.13764768486087,50187075
2002-06-05,29.082064525626862,29.13764768486087,29.19079017091572,29.036533745748688,29.082064525626862,89525954
2002-06-06,28.9496443174345,29.082064525626862,29.147978927431886,28.868474530648328,28.9496443174345,69118509
2002-06-07,29.158688670783622,28.9496443174345,29.16761006211324,28.845759947044296,29.158688670783622,51610358
2002-06-10,28.610755527880368,29.158688670783622,29.285261652449154,28.485079813925015,28.610755527880368,87411083
2002-06-11,28.523562450616904,28.610755527880368,28.667476428176023,28.42218310086866,28.523562450616904,78288953
2002-06-12,28.40792158995516,28.523562450616904,28.658164222541703,28.365954225999186,28.40792158995516,69301120
2002-06-13,28.315063174966408,28.40792158995516,28.497623624244277,28.29044350712969,28.315063174966408,99357275
2002-06-14,28.200977200662656,28.315063174966408,28.399524077243772,28.09810529661617,28.200977200662656,36090343
2002-06-17,28.35593652739195,28.200977200662656,28.377605947281264,28.18018018189906,28.35593652739195,93833535
2002-06-18,28.285047975017093,28.35593652739195,28.36689984370169,28.227018919037516,28.285047975017093,43688643
2002-06-19,27.90292945653074,28.285047975017093,28.328247203138154,27.75011804973361,27.90292945653074,40109265
2002-06-20,27.763969633109273,27.90292945653074,27.943558346315193,27.67592646893752,27.763969633109273,91283211
2002-06-21,27.84268824664141,27.763969633109273,27.913612331605904,27.70601262860494,27.84268824664141,42516145
2002-06-24,27.598018088781608,27.84268824664141,27.86821990004775,27.499001209598013,27.598018088781608,67317641
2002-06-25,27.658900428364706,27.598018088781608,27.71957752028446,27.52501472942793,27.658900428364706,82399444
2002-06-26,27.496731080516973,27.658900428364706,27.733385243032437,27.450807307043437,27.496731080516973,53398744
2002-06-27,27.158676106512985,27.496731080516973,27.54931754220475,27.108740746525413,27.158676106512985,35782897
2002-06-28,27.474241563457262,27.158676106512985,27.505183668065527,27.108542775231744,27.474241563457262,77350736
2002-07-01,27.404391063646052,27.474241563457262,27.478266251581104,27.251651307395182,27.404391063646052,62876741
2002-07-02,26.974818190301786,27.404391063646052,27.42374863170833,26.971328288323775,26.974818190301786,57168740
2002-07-03,26.902684353810756,26.974818190301786,27.27329713976889,26.878316035347268,26.902684353810756,96077543
2002-07-04,26.89053240320586,26.902684353810756,26.96786825788048,26.838170378666078,26.89053240320586,77958557
2002-07-05,26.7940996258608,26.89053240320586,26.922120978698505,26.719250421564603,26.7940996258608,90568008
2002-07-08,26.73432204921001,26.7940996258608,26.915079972477518,26.69604149357307,26.73432204921001,64801165
2002-07-09,26.810589779089337,26.73432204921001,26.89745629977038,26.71687682165858,26.810589779089337,36729139
2002-07-10,26.417619338817808,26.810589779089337,26.823683799125238,26.35506090783798,26.417619338817808,60691693
2002-07-11,26.23309917451544,26.417619338817808,26.536104763685596,26.11989600220872,26.23309917451544,41483536
2002-07-12,26.05450778278589,26.23309917451544,26.336428875492814,25.955246119898945,26.05450778278589,90721725
2002-07-15,26.037152503236758,26.05450778278589,26.085302274551413,25.943720755218262,26.037152503236758,86887777
2002-07-16,26.025561963168432,26.037152503236758,26.09981912550437,25.977681137711457,26.025561963168432,41577453
2002-07-17,26.15972691128935,26.025561963168432,26.199330153954875,25.99910110710243,26.15972691128935,54769355
2002-07-18,25.757469040291795,26.15972691128935,26.2227543915765,25.64539775735317,25.757469040291795,57895862
2002-07-19,25.75029981757787,25.757469040291795,25.814021416182094,25.663612677381654,25.75029981757787,41708367
2002-07-22,25.61663050817065,25.75029981757787,25.96056997923497,25.560761034675412,25.61663050817065,84106367
2002-07-23,25.66756428005606,25.61663050817065,25.732589656190267,25.55755086078812,25.66756428005606,46484885
2002-07-24,25.734251304777274,25.66756428005606,25.819308501798858,25.542968649806472,25.734251304777274,60824869
2002-07-25,25.243197295643693,25.734251304777274,25.77223455686897,25.092239176670443,25.243197295643693,48246577
2002-07-26,25.145906980643623,25.243197295643693,25.364838466694984,25.089210763775515,25.145906980643623,87007041
2002-07-29,25.235877429384406,25.145906980643623,25.265778762170918,25.086810222432703,25.235877429384406,82353836
2002-07-30,25.087268657889265,25.235877429384406,25.317106390110595,25.043590092268715,25.087268657889265,72486646
2002-07-31,25.129148555570623,25.087268657889265,25.193484162051746,24.94070919914088,25.129148555570623,34212999
2002-08-01,24.86885244308853,25.129148555570623,25.20192206724186,24.848880547140894,24.86885244308853,49385067
2002-08-02,24.64930968286662,24.86885244308853,24.92140054290809,24.586223945560455,24.64930968286662,39736424
2002-08-05,24.663509704208188,24.64930968286662,24.80054312706172,24.641506332181528,24.663509704208188,61169191
2002-08-06,24.62385149359826,24.663509704208188,24.694421690358336,24.604051509720858,24.62385149359826,95393197
2002-08-07,24.485355043869994,24.62385149359826,24.70493372307416,24.36319450333248,24.485355043869994,88825891
2002-08-08,24.344121134136312,24.485355043869994,24.511918821825486,24.304703838220778,24.344121134136312,98285505
2002-08-09,24.308706455193242,24.344121134136312,24.448964276598996,24.20286327507495,24.308706455193242,30322555
2002-08-12,24.217727452954108,24.308706455193242,24.44204500070825,24.19917704873096,24.217727452954108,39415596
2002-08-13,24.139857838143385,24.217727452954108,24.36800153099396,24.07841949539171,24.139857838143385,86841137
2002-08-14,23.948820446481776,24.139857838143385,24.146331806117814,23.90690932100708,23.948820446481776,55506102
2002-08-15,23.74874677457136,23.948820446481776,23.980618920994328,23.741410888161738,23.74874677457136,84733481
2002-08-16,23.68318328532631,23.74874677457136,23.74929735790575,23.63867072699176,23.68318328532631,81082797
2002-08-19,23.705183057656708,23.68318328532631,23.77240942340782,23.604498650760448,23.705183057656708,40702337
2002-08-20,23.364425576254373,23.705183057656708,23.7444793301621,23.280214319778676,23.364425576254373,51411968
2002-08-21,23.40052473015599,23.364425576254373,23.532012687955245,23.326233847598917,23.40052473015599,50458252
2002-08-22,23.208948696271975,23.40052473015599,23.544050553874808,23.199326771090917,23.208948696271975,38816965
2002-08-23,23.155226220325808,23.208948696271975,23.27838255675689,23.134655099530093,23.155226220325808,71054997
2002-08-26,23.19644983718889,23.155226220325808,23.270147541618314,23.11436976431884,23.19644983718889,96378426
2002-08-27,22.968254224464793,23.19644983718889,23.273256994986742,22.868287231552102,22.968254224464793,69244778
2002-08-28,22.848848180523074,22.968254224464793,22.994747356100664,22.772271973029415,22.848848180523074,53954146
2002-08-29,22.586138686430807,22.848848180523074,22.853193335839062,22.568411372969482,22.586138686430807,31074930
2002-08-30,22.72244303022045,22.586138686430807,22.755353543488994,22.569462140482585,22.72244303022045,89061169
2002-09-02,22.60792041632923,22.72244303022045,22.796307996207226,22.60424066509791,22.60792041632923,82564462
2002-09-03,22.675040094332473,22.60792041632923,22.69772379809581,22.51995892488587,22.675040094332473,71119778
2002-09-04,22.29525739762111,22.675040094332473,22.778435012359175,22.237012093225623,22.29525739762111,81337159
2002-09-05,22.251190534389348,22.29525739762111,22.438112019753138,22.20155854161945,22.251190534389348,95244806
2002-09-06,22.15163751913859,22.251190534389348,22.301909046114467,22.10674267164452,22.15163751913859,32241329
2002-09-09,22.19495341276829,22.15163751913859,22.2508532378851,22.104621518648266,22.19495341276829,38364041
2002-09-10,21.908037346072156,22.19495341276829,22.286325906593667,21.883396871293737,21.908037346072156,43243353
2002-09-11,21.84613144673251,21.908037346072156,21.917373093313227,21.762202182952986,21.84613144673251,91062838
2002-09-12,21.7789074076612,21.84613144673251,21.89023258173536,21.72311449137168,21.7789074076612,67463753
2002-09-13,21.630289816142568,21.7789074076612,21.822215272033933,21.55642574350667,21.630289816142568,36408722
2002-09-16,21.459333770518327,21.630289816142568,21.688249584574052,21.439414174945437,21.459333770518327,40840158
2002-09-17,21.425329013569073,21.459333770518327,21.500657631201598,21.389057884737117,21.425329013569073,39103935
2002-09-18,21.416123446451525,21.425329013569073,21.49151375572359,21.360967769468058,21.416123446451525,57333057
2002-09-19,21.0901819175804,21.416123446451525,21.447220757860585,21.057572670696057,21.0901819175804,67229787
2002-09-20,21.110228307527418,21.0901819175804,21.110486243091895,21.062059455149114,21.110228307527418,76654304
2002-09-23,20.919928077901247,21.110228307527418,21.112841309589417,20.866835620503746,20.919928077901247,30419592
2002-09-24,21.015459313576738,20.919928077901247,21.062728050180578,20.810615338022064,21.015459313576738,61157628
2002-09-25,20.62952921123341,21.015459313576738,21.14249153819459,20.558975399054415,20.62952921123341,46861852
2002-09-26,20.627256622211178,20.62952921123341,20.65022024044746,20.56719209265783,20.627256622211178,80726673
2002-09-27,20.62109788030728,20.627256622211178,20.64520118165204,20.542330104412247,20.62109788030728,93697745
2002-09-30,20.639799368127704,20.62109788030728,20.691718821604354,20.612665214603247,20.639799368127704,62076021
2002-10-01,20.37000999112248,20.639799368127704,20.68577370250766,20.314874187511464,20.37000999112248,55564870
2002-10-02,20.217643685447285,20.37000999112248,20.38312039423159,20.20177886669033,20.217643685447285,84151117
2002-10-03,20.360864646411077,20.217643685447285,20.5808282655874,20.196732581847677,20.360864646411077,86344348
2002-10-04,19.9230581495114,20.360864646411077,20.403701232497557,19.897486851637108,19.9230581495114,92701053
2002-10-07,19.74606755321154,19.9230581495114,19.9754048785503,19.627416567928503,19.74606755321154,75486396
2002-10-08,19.90648437180036,19.74606755321154,19.938301893690177,19.719983451066447,19.90648437180036,74887144
2002-10-09,19.710397042633964,19.90648437180036,19.954589984749752,19.66260343991216,19.710397042633964,64781813
2002-10-10,19.711366148532687,19.710397042633964,19.724086709168976,19.665304694375788,19.711366148532687,75512462
2002-10-11,19.935422109822145,19.711366148532687,20.027659916569768,19.649643339237578,19.935422109822145,72211929
2002-10-14,19.941876187821233,19.935422109822145,20.001363892507225,19.836616037769385,19.941876187821233,40654802
2002-10-15,19.913805140944994,19.941876187821233,19.995855141457685,19.868244968483246,19.913805140944994,95678954
2002-10-16,19.894485439806196,19.913805140944994,19.94366822746859,19.80813405202646,19.894485439806196,87319754
2002-10-17,20.162766879875043,19.894485439806196,20.195613979641735,19.8799235008123,20.162766879875043,49212184
2002-10-18,20.19316067545801,20.162766879875043,20.207330083056597,20.15115784393506,20.19316067545801,96671335
2002-10-21,20.170250538380028,20.19316067545801,20.20503990058971,20.041232753523172,20.170250538380028,74060534
2002-10-22,20.41960278953321,20.170250538380028,20.444699625497204,20.155343838588262,20.41960278953321,41609748
2002-10-23,20.176786818747956,20.41960278953321,20.45617390536357,20.133920055130737,20.176786818747956,75671370
2002-10-24,20.182724535665997,20.176786818747956,20.27312314682961,20.159712592818792,20.182724535665997,50841194
2002-10-25,20.31984490206689,20.182724535665997,20.329606360869217,20.11397618309982,20.31984490206689,89455204
2002-10-28,20.43825889886042,20.31984490206689,20.476173538898603,20.24328356448725,20.43825889886042,30096537
2002-10-29,20.52038740214321,20.43825889886042,20.609995859354523,20.40302977545125,20.52038740214321,86108026
2002-10-30,20.523198260740827,20.52038740214321,20.586716765596968,20.451167160269648,20.523198260740827,37368719
2002-10-31,20.636777633880623,20.523198260740827,20.724004284559676,20.448515331782694,20.636777633880623,65598903
2002-11-01,20.523806696233645,20.636777633880623,20.66432128684726,20.498303150235888,20.523806696233645,34209777
2002-11-04,20.85504931235818,20.523806696233645,20.908274697125545,20.465636921502607,20.85504931235818,85770179
2002-11-05,20.74958507134205,20.85504931235818,20.910848854279273,20.74636599453488,20.74958507134205,97401293
2002-11-06,20.92690200454659,20.74958507134205,20.996795440233644,20.695256781086204,20.92690200454659,47475078
2002-11-07,20.898927661712094,20.92690200454659,20.96815114060238,20.88858539629267,20.898927661712094,97909515
2002-11-08,20.963474739658697,20.898927661712094,21.026022929014964,20.827948829256254,20.963474739658697,52989463
2002-11-11,21.02797542970606,20.963474739658697,21.076030264780176,20.952900365990637,21.02797542970606,83386269
2002-11-12,21.067828431193032,21.02797542970606,21.086770266502956,21.018513150510593,21.067828431193032,88715067
2002-11-13,21.141026183879195,21.067828431193032,21.240973079132864,21.061897061168192,21.141026183879195,63658265
2002-11-14,21.26623420777085,21.141026183879195,21.26928373793177,21.090114729996913,21.26623420777085,66215856
2002-11-15,21.19917908805069,21.26623420777085,21.312601454864826,21.156709772345597,21.19917908805069,81425604
2002-11-18,21.306165231502984,21.19917908805069,21.36226121274905,21.059490515077137,21.306165231502984,86464681
2002-11-19,21.27388405799575,21.306165231502984,21.327432150538552,21.243832429433134,21.27388405799575,57508485
2002-11-20,21.489597122549778,21.27388405799575,21.57554356337049,21.210838833153538,21.489597122549778,52921481
2002-11-21,21.31616277757171,21.489597122549778,21.505542573203936,21.287617819388743,21.31616277757171,56232908
2002-11-22,21.634100132556192,21.31616277757171,21.655727560839793,21.275221005202024,21.634100132556192,77923631
2002-11-25,21.48924654470329,21.634100132556192,21.718417944470954,21.416074880275865,21.48924654470329,94609149
2002-11-26,21.391956343376457,21.48924654470329,21.532281860541833,21.3602215345412,21.391956343376457,97662882
2002-11-27,21.612461006565457,21.391956343376457,21.658759120121072,21.382876808622402,21.612461006565457,59962675
2002-11-28,21.57743101035415,21.612461006565457,21.688866631216143,21.569288165119424,21.57743101035415,56033265
2002-11-29,21.794916326212316,21.57743101035415,21.814500041757686,21.459458779197107,21.794916326212316,63162301
2002-12-02,21.685230011247217,21.794916326212316,21.87571245812116,21.62363527779624,21.685230011247217,65874862
2002-12-03,21.76010183809281,21.685230011247217,21.771332750586755,21.56975375300233,21.76010183809281,83889461
2002-12-04,21.654748587330413,21.76010183809281,21.85398596292483,21.652683769923122,21.654748587330413,67082390
2002-12-05,21.86426094674721,21.654748587330413,21.875099501467627,21.53550213575752,21.86426094674721,71887850
2002-12-06,21.700132999691434,21.86426094674721,21.86508229067495,21.688466835393566,21.700132999691434,83498838
2002-12-09,21.844505256531953,21.700132999691434,21.951797491668252,21.637669422266764,21.844505256531953,48762728
2002-12-10,22.155333451229055,21.844505256531953,22.250469882999628,21.82058191678286,22.155333451229055,73374950
2002-12-11,22.210873509052064,22.155333451229055,22.296536346968793,22.057310820185496,22.210873509052064,66520735
2002-12-12,22.223656443704947,22.210873509052064,22.331386494214563,22.199911474683685,22.223656443704947,38048366
2002-12-13,22.1215382498567,22.223656443704947,22.248501259517056,22.064652335489402,22.1215382498567,44702457
2002-12-16,22.276229650717884,22.1215382498567,22.287356168122532,22.088899176600208,22.276229650717884,89204879
2002-12-17,22.333674956287105,22.276229650717884,22.43703987399731,22.22454435497425,22.333674956287105,70768655
2002-12-18,22.256950152617954,22.333674956287105,22.34998803598529,22.18642207917915,22.256950152617954,82928946
2002-12-19,22.607816468006337,22.256950152617954,22.635227800663554,22.20982301560128,22.607816468006337,40376642
2002-12-20,22.590340552049344,22.607816468006337,22.607938202476173,22.53906211916062,22.590340552049344,98680283
2002-12-23,22.51929869930703,22.590340552049344,22.598317704054953,22.461276986789414,22.51929869930703,44099347
2002-12-24,22.599775858749783,22.51929869930703,22.713120148949447,22.446190372405244,22.599775858749783,72881568
2002-12-25,22.672868979071364,22.599775858749783,22.857221961856872,22.51986139259391,22.672868979071364,97327028
2002-12-26,22.470047265638893,22.672868979071364,22.708229881509684,22.446316292821397,22.470047265638893,77789631
2002-12-27,22.726212979408746,22.470047265638893,22.74053106001545,22.449206899928612,22.726212979408746,85255123
2002-12-30,22.72909733274978,22.726212979408746,22.77104369897259,22.679575652086406,22.72909733274978,84408285
2002-12-31,22.74491698365874,22.72909733274978,22.793323465240956,22.728750573359058,22.74491698365874,62107934
2003-01-01,22.87972857743421,22.74491698365874,22.889376054230933,22.640713485756745,22.87972857743421,53463253
2003-01-02,23.170878052638287,22.87972857743421,23.214757286807213,22.812869881409064,23.170878052638287,64075342
2003-01-03,23.09074709509143,23.170878052638287,23.212547448892277,22.95554551015331,23.09074709509143,66495909
2003-01-06,23.003643748800847,23.09074709509143,23.117466149503073,22.972238559532894,23.003643748800847,42085962
2003-01-07,23.188256553210074,23.003643748800847,23.244596371402842,22.996024861669312,23.188256553210074,41603725
2003-01-08,23.336739733129285,23.188256553210074,23.436086727332842,23.138863821593223,23.336739733129285,32955080
2003-01-09,23.3345073717002,23.336739733129285,23.357277373494846,23.28885945838371,23.3345073717002,82453527
2003-01-10,23.286597525049487,23.3345073717002,23.385597297566733,23.227969430519074,23.286597525049487,72423333
2003-01-13,23.25671658587299,23.286597525049487,23.38383682954382,23.102644697719498,23.25671658587299,74099748
2003-01-14,23.46635981707055,23.25671658587299,23.46790076993083,23.211184732007425,23.46635981707055,98996009
2003-01-15,23.483364301964425,23.46635981707055,23.505693600303164,23.30320880778105,23.483364301964425,89813886
2003-01-16,23.59492489090983,23.483364301964425,23.652262486466256,23.44226337144469,23.59492489090983,44878239
2003-01-17,23.61708467798443,23.59492489090983,23.668441994772074,23.547067047217556,23.61708467798443,71979999
2003-01-20,23.71866997870686,23.61708467798443,23.722516079365395,23.533983647494143,23.71866997870686,33483126
2003-01-21,23.584097416779727,23.71866997870686,23.727603515186075,23.582889758270827,23.584097416779727,63774580
2003-01-22,23.85602479446262,23.584097416779727,23.92444806400437,23.52773018625371,23.85602479446262,81468661
2003-01-23,23.77591372197943,23.85602479446262,24.021893596548104,23.72469597837552,23.77591372197943,81474282
2003-01-24,24.051986243469283,23.77591372197943,24.153530851099493,23.737465109621347,24.051986243469283,34384422
2003-01-27,23.77529920078978,24.051986243469283,24.145652175171517,23.752331407946787,23.77529920078978,70802911
2003-01-28,24.117577763647763,23.77529920078978,24.21266564856351,23.763026943711512,24.117577763647763,72741144
2003-01-29,23.98628736736248,24.117577763647763,24.169184526457077,23.943949538690358,23.98628736736248,93588023
2003-01-30,23.936887929880157,23.98628736736248,24.060114628185172,23.935967726163234,23.936887929880157,70902525
2003-01-31,24.009409535949004,23.936887929880157,24.053151487959784,23.852977823286363,24.009409535949004,72946478
2003-02-03,24.08153751347528,24.009409535949004,24.187581800141405,23.95246229036275,24.08153751347528,52782545
2003-02-04,24.22397005171594,24.08153751347528,24.22616932591865,24.061141989390915,24.22397005171594,62413824
2003-02-05,24.28856511707096,24.22397005171594,24.477930154779546,24.15538917539013,24.28856511707096,58275488
2003-02-06,24.208127461667825,24.28856511707096,24.41419007974833,24.171450894286195,24.208127461667825,49116486
2003-02-07,24.32733765645185,24.208127461667825,24.377974288759837,24.196222438849098,24.32733765645185,92448491
2003-02-10,24.644005715908705,24.32733765645185,24.730249508865505,24.29797974079647,24.644005715908705,85122490
2003-02-11,24.646430544772066,24.644005715908705,24.712335881459325,24.57382520879051,24.646430544772066,41367495
2003-02-12,24.541320241106988,24.646430544772066,24.66154046244166,24.507174598764557,24.541320241106988,54679413
2003-02-13,24.54509229287312,24.541320241106988,24.566479031818048,24.443024551203678,24.54509229287312,54374431
2003-02-14,24.607721002298454,24.54509229287312,24.640509203662354,24.475977406217194,24.607721002298454,43890646
2003-02-17,24.721095828467966,24.607721002298454,24.781594862979052,24.570507201172088,24.721095828467966,95489296
2003-02-18,24.57172096550658,24.721095828467966,24.765777239125295,24.560394694911572,24.57172096550658,86442384
2003-02-19,24.71870687540481,24.57172096550658,24.795833533812733,24.548196920664566,24.71870687540481,33906358
2003-02-20,24.596159922896405,24.71870687540481,24.794262318843476,24.50856922308106,24.596159922896405,71191429
2003-02-21,24.90523701337621,24.596159922896405,24.92225508403574,24.505873839926878,24.90523701337621,38068691
2003-02-24,24.988756788748045,24.90523701337621,25.059226277264212,24.805495519364335,24.988756788748045,73777273
2003-02-25,24.9003833657747,24.988756788748045,25.017702223511982,24.89729620390361,24.9003833657747,95103263
2003-02-26,25.210071261274575,24.9003833657747,25.286852634360294,24.85892668028305,25.210071261274575,98635244
2003-02-27,24.912127388048376,25.210071261274575,25.218238108284236,24.811715582874168,24.912127388048376,85284847
2003-02-28,24.93437034658968,24.912127388048376,25.12937152203581,24.86551310810096,24.93437034658968,80710300
2003-03-03,25.199063627156455,24.93437034658968,25.21368460521459,24.91055177532406,25.199063627156455,62930064
2003-03-04,25.355404261982486,25.199063627156455,25.35994479727226,25.197851300481524,25.355404261982486,80790055
2003-03-05,25.488693598170585,25.355404261982486,25.496812989867497,25.286975192957375,25.488693598170585,80843966
2003-03-06,25.270297968776692,25.488693598170585,25.537464329210255,25.200917949952537,25.270297968776692,97806282
2003-03-07,25.517833896255635,25.270297968776692,25.522261491458952,25.252795954135888,25.517833896255635,67951916
2003-03-10,25.428579373599547,25.517833896255635,25.604170018893697,25.313493987836175,25.428579373599547,50504011
2003-03-11,25.46401067945063,25.428579373599547,25.472717130381678,25.409799049695437,25.46401067945063,86134478
2003-03-12,25.651377699244975,25.46401067945063,25.71243770490612,25.393858643666505,25.651377699244975,89936089
2003-03-13,25.67454117325265,25.651377699244975,25.745794542784314,25.536720950245957,25.67454117325265,80151672
2003-03-14,25.4414832600366,25.67454117325265,25.7092173542642,25.34501895857087,25.4414832600366,88596994
2003-03-17,25.885844257121864,25.4414832600366,25.89158030920023,25.41657240919411,25.885844257121864,50498274
2003-03-18,25.926347108878254,25.885844257121864,26.019183125347976,25.780149453662172,25.926347108878254,84730440
2003-03-19,25.72050036949762,25.926347108878254,26.03060903031298,25.717499210239943,25.72050036949762,61623235
2003-03-20,25.904898901741294,25.72050036949762,25.929754103925777,25.704189920879845,25.904898901741294,81025427
2003-03-21,25.970258481743187,25.904898901741294,25.98150178726189,25.81297058033225,25.970258481743187,38324878
2003-03-24,25.99263217178561,25.970258481743187,26.13562069037343,25.849928802136297,25.99263217178561,47563228
2003-03-25,25.939759626017132,25.99263217178561,26.057634412430144,25.899279871998836,25.939759626017132,53439303
2003-03-26,25.976337164835115,25.939759626017132,26.029320206663197,25.938857717359088,25.976337164835115,59802335
2003-03-27,26.113057948745247,25.976337164835115,26.175413610238774,25.93222486661924,26.113057948745247,33979296
2003-03-28,26.322372339332002,26.113057948745247,26.337525303488256,26.075182218792943,26.322372339332002,84558500
2003-03-31,26.292729173916527,26.322372339332002,26.335051268803895,26.228211762941235,26.292729173916527,57005482
2003-04-01,26.225303827409054,26.292729173916527,26.336529135245712,26.214249161293015,26.225303827409054,98333347
2003-04-02,26.428104326759954,26.225303827409054,26.462035049587417,26.095552196837136,26.428104326759954,43123425
2003-04-03,26.0033464703856,26.428104326759954,26.56471712196223,25.936186839200857,26.0033464703856,78956184
2003-04-04,26.583406491237845,26.0033464703856,26.71413755822171,25.96374133737509,26.583406491237845,44386241
2003-04-07,26.25374622776644,26.583406491237845,26.736747962057677,26.14812960917289,26.25374622776644,44481928
2003-04-08,26.488562514198854,26.25374622776644,26.534419952049017,26.12126452495375,26.488562514198854,61514853
2003-04-09,26.44032900204336,26.488562514198854,26.50270925734237,26.335934694524354,26.44032900204336,78810716
2003-04-10,26.469254052485685,26.44032900204336,26.481574591049394,26.36457093227635,26.469254052485685,63755234
2003-04-11,26.849185923155915,26.469254052485685,26.881266648808783,26.44340576080752,26.849185923155915,90502286
2003-04-14,26.684233607584215,26.849185923155915,26.858657400114787,26.578467088584635,26.684233607584215,64039558
2003-04-15,26.845743635160048,26.684233607584215,26.857937567578297,26.555036437211353,26.845743635160048,41293033
2003-04-16,26.84554597288957,26.845743635160048,26.892370806524788,26.725364006411098,26.84554597288957,49149987
2003-04-17,26.968550115331123,26.84554597288957,27.04107131473696,26.825118623492905,26.968550115331123,80862607
2003-04-18,26.967264275211885,26.968550115331123,27.004852131340893,26.87434182579946,26.967264275211885,86021531
2003-04-21,26.836177539372027,26.967264275211885,26.986216269692456,26.816263679185536,26.836177539372027,73915081
2003-04-22,27.196778983991738,26.836177539372027,27.24565129734276,26.77800233282682,27.196778983991738,33463762
2003-04-23,27.04756660750415,27.196778983991738,27.26640401459054,27.011797298885725,27.04756660750415,85947024
2003-04-24,26.955600023777592,27.04756660750415,27.08766652020115,26.903187627826643,26.955600023777592,55555776
2003-04-25,27.161305260745248,26.955600023777592,27.184434027562588,26.801011635299282,27.161305260745248,70696204
2003-04-28,27.47674738226624,27.161305260745248,27.55608670398787,27.14333296176675,27.47674738226624,38655907
2003-04-29,27.440795187815652,27.47674738226624,27.572827651718043,27.329121162987132,27.440795187815652,53822649
2003-04-30,27.329441842765416,27.440795187815652,27.44563844871727,27.312689997605077,27.329441842765416,40738153
2003-05-01,27.381799401304214,27.329441842765416,27.399947925825256,27.232111014637656,27.381799401304214,77251688
2003-05-02,27.438035514558727,27.381799401304214,27.453767735105814,27.341711395259036,27.438035514558727,44276199
2003-05-05,27.820677776037186,27.438035514558727,27.916634699457724,27.423005962589055,27.820677776037186,38266757
2003-05-06,27.639978969469357,27.820677776037186,27.836836819499872,27.622361905393873,27.639978969469357,52064662
2003-05-07,27.6992597126876,27.639978969469357,27.761133188777123,27.619213306202955,27.6992597126876,80241284
2003-05-08,27.835015419230015,27.6992597126876,27.888621243969204,27.642729360040324,27.835015419230015,61706384
2003-05-09,27.778018601842845,27.835015419230015,27.85758412803438,27.681523290290333,27.778018601842845,98161219
2003-05-12,27.761421369741385,27.778018601842845,27.796161942562122,27.756058067960012,27.761421369741385,55800790
2003-05-13,27.82261540719514,27.761421369741385,27.8914471949851,27.484126096117052,27.82261540719514,89630448
2003-05-14,27.892500003523534,27.82261540719514,27.95136646776407,27.80197102920483,27.892500003523534,93908769
2003-05-15,27.949818717125503,27.892500003523534,27.956344002222465,27.86732862912591,27.949818717125503,92578240
2003-05-16,28.109449265465333,27.949818717125503,28.132719795458883,27.867356989305673,28.109449265465333,65776957
2003-05-19,28.067373866983008,28.109449265465333,28.139952838921666,28.040789621795014,28.067373866983008,96259025
2003-05-20,28.215600178956667,28.067373866983008,28.22092394356313,27.968630242987732,28.215600178956667,56233862
2003-05-21,28.15378324157444,28.215600178956667,28.253511588632144,28.113578140119312,28.15378324157444,88461029
2003-05-22,28.228776917563845,28.15378324157444,28.28451263639334,28.07398293448915,28.228776917563845,51213661
2003-05-23,27.987766781523913,28.228776917563845,28.262252030852242,27.973910715849332,27.987766781523913,42250425
2003-05-26,28.452511364611517,27.987766781523913,28.588482851748427,27.87562483783007,28.452511364611517,69552555
2003-05-27,28.42443750577449,28.452511364611517,28.57757812011707,28.368124598784192,28.42443750577449,36600877
2003-05-28,28.569667373486595,28.42443750577449,28.646080676349015,28.32019922422221,28.569667373486595,32897933
2003-05-29,28.067911609672468,28.569667373486595,28.575641656862917,28.06267588629348,28.067911609672468,40546475
2003-05-30,28.8308122141059,28.067911609672468,28.88708909070273,27.909653471820445,28.8308122141059,61619144
2003-06-02,28.56545659314668,28.8308122141059,28.85906475776936,28.41146093245086,28.56545659314668,85058142
2003-06-03,28.796620278761274,28.56545659314668,28.969609709025864,28.551566437693666,28.796620278761274,96139857
2003-06-04,28.541295143044575,28.796620278761274,28.82319133068313,28.467453911177035,28.541295143044575,82268804
2003-06-05,28.831069106761216,28.541295143044575,28.862226212068318,28.402788108603463,28.831069106761216,67589593
2003-06-06,28.643868149293244,28.831069106761216,28.87788972167076,28.60522362339063,28.643868149293244,49629451
2003-06-09,28.758096020467534,28.643868149293244,28.84442460719185,28.52954959722783,28.758096020467534,56218317
2003-06-10,29.177184139311642,28.758096020467534,29.252031973652226,28.595222330321082,29.177184139311642,63372030
2003-06-11,28.92552878261499,29.177184139311642,29.282749149731753,28.896786402193637,28.92552878261499,84391138
2003-06-12,29.03719916170532,28.92552878261499,29.11437748766022,28.881550183507493,29.03719916170532,71627182
2003-06-13,29.184610424349614,29.03719916170532,29.434141479663882,28.85137405848426,29.184610424349614,60875810
2003-06-16,29.18287792080989,29.184610424349614,29.232290699982972,28.99904745399366,29.18287792080989,78784830
2003-06-17,29.1851953321289,29.18287792080989,29.365051477650244,29.132494538909675,29.1851953321289,46406386
2003-06-18,29.269107118731082,29.1851953321289,29.282086861866773,29.103464717842268,29.269107118731082,76017543
2003-06-19,29.620045936734854,29.269107118731082,29.74589578275216,29.24669815167227,29.620045936734854,53112470
2003-06-20,29.31241120616262,29.620045936734854,29.677163134700486,29.17947882798454,29.31241120616262,97756445
2003-06-23,29.40292536213985,29.31241120616262,29.443402327013906,29.118241745039402,29.40292536213985,94734616
2003-06-24,29.580505122233546,29.40292536213985,29.670807137377547,29.39186321601267,29.580505122233546,50521628
2003-06-25,29.641400917596634,29.580505122233546,29.717891972937714,29.491933620293178,29.641400917596634,38808469
2003-06-26,29.706258007812778,29.641400917596634,29.778467389607684,29.63755903201158,29.706258007812778,78840082
2003-06-27,29.67799875260168,29.706258007812778,29.80923045512099,29.585599674340614,29.67799875260168,69065256
2003-06-30,29.46668073984149,29.67799875260168,29.742555615599628,29.33613653699639,29.46668073984149,33038885
2003-07-01,29.931055034738215,29.46668073984149,30.06815237632201,29.411684644312057,29.931055034738215,79603740
2003-07-02,29.57064792396795,29.931055034738215,30.101891757780773,29.434428004340557,29.57064792396795,80754581
2003-07-03,29.838731141391676,29.57064792396795,30.09521401505151,29.455451798535982,29.838731141391676,96720467
2003-07-04,29.73361899259291,29.838731141391676,29.91947408986642,29.678846431632493,29.73361899259291,36086096
2003-07-07,29.88912417644409,29.73361899259291,30.14236460152262,29.570472876944297,29.88912417644409,65111163
2003-07-08,30.000478852082413,29.88912417644409,30.032357935885603,29.688955573072047,30.000478852082413,42521676
2003-07-09,30.05198647490015,30.000478852082413,30.105400766455976,29.984706697668678,30.05198647490015,38435543
2003-07-10,30.119715915716746,30.05198647490015,30.149269896762345,29.97906886517726,30.119715915716746,98074797
2003-07-11,30.351776083444275,30.119715915716746,30.404775869281938,29.95126208205153,30.351776083444275,66383551
2003-07-14,30.22976947762488,30.351776083444275,30.388111178657216,30.026200796228366,30.22976947762488,79681468
2003-07-15,30.177020951772864,30.22976947762488,30.34948636485879,30.137216072187115,30.177020951772864,60512429
2003-07-16,30.412335189651138,30.177020951772864,30.434118262135204,30.074264858719484,30.412335189651138,89749982
2003-07-17,30.499287557174252,30.412335189651138,30.616915583906824,30.344705269557657,30.499287557174252,41548652
2003-07-18,30.18508067896382,30.499287557174252,30.50450854338148,30.045782661534,30.18508067896382,52699981
2003-07-21,30.514910935947462,30.18508067896382,30.52787328441128,30.121681360982688,30.514910935947462,46432669
2003-07-22,30.583413212233037,30.514910935947462,30.627018303105256,30.405815326278468,30.583413212233037,43784250
2003-07-23,30.48367698460986,30.583413212233037,30.69082169725642,30.464608856538636,30.48367698460986,37708613
2003-07-24,30.791987691252963,30.48367698460986,30.944890668144946,30.435045548520723,30.791987691252963,89475155
2003-07-25,30.611178953500062,30.791987691252963,30.845983663481217,30.556418635172,30.611178953500062,51183769
2003-07-28,30.705962910779434,30.611178953500062,30.73066332217289,30.606459175559284,30.705962910779434,91804107
2003-07-29,30.712626996936507,30.705962910779434,30.72798065950331,30.648140291441077,30.712626996936507,64952440
2003-07-30,30.794158188096397,30.712626996936507,30.89207900769388,30.685812895083604,30.794158188096397,45148900
2003-07-31,30.675222701877868,30.794158188096397,30.90448010604547,30.61401575169788,30.675222701877868,87482544
2003-08-01,30.674359040734743,30.675222701877868,30.768411983155126,30.62065800343023,30.674359040734743,91229577
2003-08-04,31.196100749183007,30.674359040734743,31.37723435323166,30.486177480013346,31.196100749183007,92584532
2003-08-05,30.870601405967886,31.196100749183007,31.247495602206744,30.849747919676922,30.870601405967886,70587248
2003-08-06,30.900485025855925,30.870601405967886,31.0238180400621,30.686881608611145,30.900485025855925,80000232
2003-08-07,30.772025766691186,30.900485025855925,30.911663633691127,30.724002111192966,30.772025766691186,58133276
2003-08-08,31.05993638364581,30.772025766691186,31.18480896566134,30.763083474549394,31.05993638364581,74921158
2003-08-11,31.00553566065286,31.05993638364581,31.10519183637398,30.833882843777364,31.00553566065286,52951137
2003-08-12,31.521233676311926,31.00553566065286,31.66193138561322,30.909849596494084,31.521233676311926,49270120
2003-08-13,31.47520416572709,31.521233676311926,31.62763543843795,31.388170394467707,31.47520416572709,97897821
2003-08-14,31.261678681310187,31.47520416572709,31.51191862947923,31.034873099794346,31.261678681310187,96200536
2003-08-15,31.776027755532525,31.261678681310187,31.887930849727063,31.25875630537414,31.776027755532525,39127245
2003-08-18,31.62918187500862,31.776027755532525,31.88209305122422,31.510920698196415,31.62918187500862,81450647
2003-08-19,31.476005163728907,31.62918187500862,31.635930304849648,31.366940003443975,31.476005163728907,57352618
2003-08-20,31.185089545010797,31.476005163728907,31.48408770175894,30.960728752403977,31.185089545010797,58301150
2003-08-21,31.994613301751436,31.185089545010797,32.02133260810827,31.053323358575344,31.994613301751436,77255933
2003-08-22,31.464665190767594,31.994613301751436,32.06879420495734,31.15785322700707,31.464665190767594,83601702
2003-08-25,31.476236166223245,31.464665190767594,31.55018894297399,31.265296640162575,31.476236166223245,31328475
2003-08-26,31.952408156495984,31.476236166223245,31.98452553671671,31.45597809976235,31.952408156495984,38670360
2003-08-27,32.230841335478644,31.952408156495984,32.28545221966019,31.863774347265245,32.230841335478644,53185234
2003-08-28,32.11569208446818,32.230841335478644,32.25134882097894,32.07208308253756,32.11569208446818,82219169
2003-08-29,32.03754515346525,32.11569208446818,32.16793175891967,32.019347760265624,32.03754515346525,78185055
2003-09-01,32.09516069466645,32.03754515346525,32.127693419163414,31.97786560836742,32.09516069466645,46142549
2003-09-02,32.213797803081306,32.09516069466645,32.214013470156644,31.978700380612306,32.213797803081306,91425204
2003-09-03,32.27585851943495,32.213797803081306,32.30245160782833,32.185779418874155,32.27585851943495,78672657
2003-09-04,32.27608431024737,32.27585851943495,32.32035598261719,32.19066581254429,32.27608431024737,64779764
2003-09-05,32.3245247937153,32.27608431024737,32.3913504278886,32.195932282420365,32.3245247937153,33646910
2003-09-08,32.374480112751655,32.3245247937153,32.419903784650586,32.24671971640068,32.374480112751655,37515978
2003-09-09,32.33916420903779,32.374480112751655,32.50177066793176,32.32939107351609,32.33916420903779,93958057
2003-09-10,32.49279786249437,32.33916420903779,32.606955001419855,32.12790336159231,32.49279786249437,32306442
2003-09-11,32.33930242722352,32.49279786249437,32.61528583288005,32.296825841101864,32.33930242722352,78314615
2003-09-12,32.67623294562009,32.33930242722352,32.80261184328602,32.25200008996474,32.67623294562009,31030742
2003-09-15,32.60725391859758,32.67623294562009,32.707421609557585,32.56635547858389,32.60725391859758,34074336
2003-09-16,32.66491052367264,32.60725391859758,32.723779194237686,32.54123030835862,32.66491052367264,39943812
2003-09-17,32.95269026795911,32.66491052367264,33.042276967418196,32.61635251490006,32.95269026795911,75722149
2003-09-18,33.22968037724686,32.95269026795911,33.24383421872092,32.870340678823126,33.22968037724686,78749314
2003-09-19,33.22879851560808,33.22968037724686,33.26095514053065,33.18889980507716,33.22879851560808,58145164
2003-09-22,32.89350547686092,33.22879851560808,33.376793416126084,32.706916367723636,32.89350547686092,54187298
2003-09-23,33.06633870961601,32.89350547686092,33.12667821406084,32.853481907039345,33.06633870961601,51084246
2003-09-24,33.464366893999575,33.06633870961601,33.599489482752915,32.987093422416486,33.464366893999575,46992566
2003-09-25,33.22061556584784,33.464366893999575,33.48190034279429,33.1039435558757,33.22061556584784,31145004
2003-09-26,33.423955607596646,33.22061556584784,33.56034220526764,33.11586678412568,33.423955607596646,69251650
2003-09-29,33.630701044297965,33.423955607596646,33.649839619803004,33.354472896307584,33.630701044297965,41758931
2003-09-30,33.452628258932535,33.630701044297965,33.716417414424434,33.39476580443371,33.452628258932535,34363759
2003-10-01,33.71005941218921,33.452628258932535,33.93442378827614,33.35845127338223,33.71005941218921,65702004
2003-10-02,33.543985695281116,33.71005941218921,33.95467084012583,33.42116676746956,33.543985695281116,69467512
2003-10-03,33.74438393717749,33.543985695281116,33.89577388874598,33.468791299927496,33.74438393717749,41635016
2003-10-06,33.97731685882956,33.74438393717749,34.006329291661956,33.684048100704096,33.97731685882956,67220207
2003-10-07,33.72919106529962,33.97731685882956,34.17833574002586,33.68202670774103,33.72919106529962,53093443
2003-10-08,34.151973195737106,33.72919106529962,34.18148340707905,33.66790624155225,34.151973195737106,88617917
2003-10-09,34.15049262202944,34.151973195737106,34.29991191547801,34.02722169429622,34.15049262202944,35000216
2003-10-10,34.32533001142909,34.15049262202944,34.37113924487932,34.09418996200582,34.32533001142909,93000115
2003-10-13,34.34610219376648,34.32533001142909,34.38850922851608,34.29668161772174,34.34610219376648,47313145
2003-10-14,34.61914260469166,34.34610219376648,34.71691431636023,34.33007154871813,34.61914260469166,96599808
2003-10-15,34.4831156066101,34.61914260469166,34.73556335642865,34.37234676577341,34.4831156066101,93430203
2003-10-16,34.46430650462876,34.4831156066101,34.566451783429976,34.364419343791965,34.46430650462876,47533384
2003-10-17,34.63655149090943,34.46430650462876,34.73794895671352,34.406377427283445,34.63655149090943,39755501
2003-10-20,34.786549004267464,34.63655149090943,34.787473391095695,34.43015671974755,34.786549004267464,69671635
2003-10-21,34.77772490453354,34.786549004267464,34.93427259622871,34.74878067926558,34.77772490453354,96987860
2003-10-22,34.85322616773668,34.77772490453354,34.955472178136276,34.697078132177666,34.85322616773668,69168215
2003-10-23,34.80049837451374,34.85322616773668,34.881496114306785,34.68596207226114,34.80049837451374,94533256
2003-10-24,34.88399233942859,34.80049837451374,35.029435579034455,34.6495964705025,34.88399233942859,30268966
2003-10-27,34.83092769079206,34.88399233942859,35.02548593208435,34.793678420238756,34.83092769079206,37067382
2003-10-28,35.46136791216786,34.83092769079206,35.684711499614195,34.79309873791875,35.46136791216786,73642805
2003-10-29,35.01165793776569,35.46136791216786,35.465756057400114,35.005950306393494,35.01165793776569,30088106
2003-10-30,35.185367890081416,35.01165793776569,35.41327630651333,34.9315206372511,35.185367890081416,57858479
2003-10-31,35.25751256070699,35.185367890081416,35.267171151279975,35.02508918151104,35.25751256070699,75896405
2003-11-03,35.62021543760438,35.25751256070699,35.660871201417116,35.08278538926305,35.62021543760438,34407184
2003-11-04,35.48605124947273,35.62021543760438,35.68758663549202,35.430145318647284,35.48605124947273,82757892
2003-11-05,35.83757868447998,35.48605124947273,36.01358589330823,35.34129815889856,35.83757868447998,95210569
2003-11-06,35.57211551936571,35.83757868447998,35.92145408768333,35.478819802490804,35.57211551936571,82613226
2003-11-07,35.81912780209002,35.57211551936571,35.89813791823887,35.57087653036795,35.81912780209002,55850212
2003-11-10,35.69643395122344,35.81912780209002,35.8792140847009,35.55891006137523,35.69643395122344,88128978
2003-11-11,36.308378708719296,35.69643395122344,36.3585176854925,35.6360834344861,36.308378708719296,66164891
2003-11-12,35.78623228457469,36.308378708719296,36.42059879687886,35.6155788365921,35.78623228457469,48952699
2003-11-13,36.13280996657557,35.78623228457469,36.174005364017376,35.63749348976415,36.13280996657557,32485981
2003-11-14,36.268413513091566,36.13280996657557,36.31245737171858,36.06564630156643,36.268413513091566,56327145
2003-11-17,36.305730528807565,36.268413513091566,36.429112435039755,35.96176723731847,36.305730528807565,99877029
2003-11-18,36.27405547115758,36.305730528807565,36.47971455583302,36.250910113496595,36.27405547115758,55007169
2003-11-19,36.36099800347158,36.27405547115758,36.431322697421805,36.24274701958796,36.36099800347158,35263554
2003-11-20,36.46952562989157,36.36099800347158,36.54116305923296,36.33375205912841,36.46952562989157,79263803
2003-11-21,36.51160540354864,36.46952562989157,36.5675348116748,36.41169890798879,36.51160540354864,43586478
2003-11-24,36.79184863830553,36.51160540354864,36.800669329167775,36.41562961971119,36.79184863830553,34357990
2003-11-25,37.09785364298426,36.79184863830553,37.13357109238512,36.68254378517513,37.09785364298426,77991320
2003-11-26,36.66673804875625,37.09785364298426,37.20779675784404,36.61770994789441,36.66673804875625,68647270
2003-11-27,36.59379398953139,36.66673804875625,36.74627237694592,36.39610289326577,36.59379398953139,71538382
2003-11-28,36.90677869876592,36.59379398953139,36.91624676336433,36.556336611349,36.90677869876592,76330564
2003-12-01,37.47724622746605,36.90677869876592,37.67014629680238,36.651669103535305,37.47724622746605,41905635
2003-12-02,36.83611437855674,37.47724622746605,37.58168704699723,36.79476030722008,36.83611437855674,56336433
2003-12-03,37.27245201102159,36.83611437855674,37.32882234640977,36.79546724747514,37.27245201102159,37708786
2003-12-04,37.26418891759329,37.27245201102159,37.28059876515448,37.22400106167443,37.26418891759329,66104410
2003-12-05,36.836686507571564,37.26418891759329,37.47539624345428,36.7907828807639,36.836686507571564,85028392
2003-12-08,37.02870882267249,36.836686507571564,37.05516635050737,36.57332863859045,37.02870882267249,67730295
2003-12-09,37.20890449132925,37.02870882267249,37.302757094179945,37.00210099411194,37.20890449132925,55978281
2003-12-10,36.82319372625219,37.20890449132925,37.233532782905186,36.81900772099416,36.82319372625219,99035306
2003-12-11,36.84032455268495,36.82319372625219,36.87923763334662,36.68162746621417,36.84032455268495,86607461
2003-12-12,36.75538407887565,36.84032455268495,36.876217149521665,36.750127372219666,36.75538407887565,53897794
2003-12-15,36.66037287255517,36.75538407887565,36.819401043837985,36.47928770843996,36.66037287255517,92871845
2003-12-16,36.71248991775025,36.66037287255517,36.845671521583576,36.61307118605408,36.71248991775025,93633319
2003-12-17,36.59148611043533,36.71248991775025,36.71516477093252,36.50324669508114,36.59148611043533,80632469
2003-12-18,36.8077983358961,36.59148611043533,36.98877792163727,36.45791412578031,36.8077983358961,64154366
2003-12-19,36.644637366394214,36.8077983358961,36.90806528103727,36.55293499907574,36.644637366394214,91463990
2003-12-22,36.813975066301374,36.644637366394214,36.89210605159227,36.58499775409684,36.813975066301374,97618986
2003-12-23,36.469784826852276,36.813975066301374,37.05803578043834,36.33206457216498,36.469784826852276,84756668
2003-12-24,36.80124147166595,36.469784826852276,36.83734288379424,36.416947773291064,36.80124147166595,70755017
2003-12-25,36.878248390622154,36.80124147166595,36.970642177305905,36.73146375386186,36.878248390622154,98669983
2003-12-26,36.34397424789595,36.878248390622154,37.06111800483628,36.29239721225361,36.34397424789595,95160579
2003-12-29,36.76328587523883,36.34397424789595,36.992443669288264,36.33292635097666,36.76328587523883,74133340
2003-12-30,36.90454005758909,36.76328587523883,36.90819640409264,36.686421494733786,36.90454005758909,99445870
2003-12-31,36.44237000714604,36.90454005758909,36.96030100121623,36.177932275540584,36.44237000714604,79115712
2004-01-01,36.955344275923956,36.44237000714604,36.9744548036157,36.430225038740836,36.955344275923956,81258456
2004-01-02,36.71033863457815,36.955344275923956,37.03458374708998,36.59525997897196,36.71033863457815,70953753
2004-01-05,36.489238859844534,36.71033863457815,36.85107028617601,36.361938570623664,36.489238859844534,76755623
2004-01-06,36.59284684246685,36.489238859844534,36.65547410903842,36.47313010459988,36.59284684246685,76998145
2004-01-07,36.68992598823346,36.59284684246685,36.7011226392038,36.58944940650469,36.68992598823346,67518489
2004-01-08,36.586417627109036,36.68992598823346,36.85481181117938,36.421222062658245,36.586417627109036,36658637
2004-01-09,36.65572910106205,36.586417627109036,36.690130848089375,36.47481102842433,36.65572910106205,63428267
2004-01-12,36.37376853091332,36.65572910106205,36.76909640103872,36.305313667393996,36.37376853091332,86700318
2004-01-13,36.55764853217605,36.37376853091332,36.589241227788015,36.31299365084521,36.55764853217605,72798233
2004-01-14,36.25336654814136,36.55764853217605,36.60492008960084,36.16494210172628,36.25336654814136,35637110
2004-01-15,36.47588657254549,36.25336654814136,36.48831345824205,36.16922540151699,36.47588657254549,91278181
2004-01-16,36.316039136696176,36.47588657254549,36.48199834618331,36.291678397080375,36.316039136696176,89165300
2004-01-19,36.33154097191789,36.316039136696176,36.372674073082166,36.24037484235535,36.33154097191789,64581368
2004-01-20,36.675662019527856,36.33154097191789,36.823632255267405,36.28413997744216,36.675662019527856,95768482
2004-01-21,36.633924549831924,36.675662019527856,36.75630366250479,36.39643642208631,36.633924549831924,33646223
2004-01-22,36.53077091507054,36.633924549831924,36.71527738729959,36.47733977956761,36.53077091507054,41733528
2004-01-23,36.20575421470521,36.53077091507054,36.76321550526922,36.010595771644255,36.20575421470521,31053518
2004-01-26,36.331743546576526,36.20575421470521,36.43832426741652,36.15801846709743,36.331743546576526,48451427
2004-01-27,36.59467215803056,36.331743546576526,36.85651951962046,36.31356383264173,36.59467215803056,73523274
2004-01-28,36.38454189540714,36.59467215803056,36.65672853276816,36.16784722123011,36.38454189540714,73398504
2004-01-29,36.76497434884934,36.38454189540714,36.96482757339691,36.129564088480116,36.76497434884934,34183780
2004-01-30,36.39968700754495,36.76497434884934,36.86983070572065,36.31065579936877,36.39968700754495,90477126
2004-02-02,36.3478464750818,36.39968700754495,36.74240986210347,36.30410113251202,36.3478464750818,66596023
2004-02-03,36.241608824912866,36.3478464750818,36.36278430349792,36.14828473604998,36.241608824912866,90601985
2004-02-04,36.30666869925306,36.241608824912866,36.431049009159395,36.14640323876937,36.30666869925306,92999961
2004-02-05,36.239527320891455,36.30666869925306,36.31319358018862,36.1453762995207,36.239527320891455,50378390
2004-02-06,36.38025985135856,36.239527320891455,36.5576268524229,36.13103114212459,36.38025985135856,75100319
2004-02-09,36.409979614420756,36.38025985135856,36.41903607107212,36.3362417632474,36.409979614420756,38050316
2004-02-10,36.07902595457595,36.409979614420756,36.455300894104916,35.94788162207178,36.07902595457595,89299032
2004-02-11,35.96511305730059,36.07902595457595,36.24159295461672,35.853695723143325,35.96511305730059,84186010
2004-02-12,35.85857062313425,35.96511305730059,36.11739188459123,35.845305290082955,35.85857062313425,43749136
2004-02-13,36.267456904512926,35.85857062313425,36.352904367949904,35.805840525247504,36.267456904512926,31711833
2004-02-16,35.96081497658605,36.267456904512926,36.30299325815658,35.84688783818146,35.96081497658605,67009908
2004-02-17,35.75595660467061,35.96081497658605,36.17500266774234,35.69987897719078,35.75595660467061,55394829
2004-02-18,36.199967272337595,35.75595660467061,36.36862675102936,35.751403241386775,36.199967272337595,42953924
2004-02-19,36.564671019731854,36.199967272337595,36.71863299837256,36.14492760431164,36.564671019731854,57381732
2004-02-20,36.09814086485984,36.564671019731854,36.573861524185226,36.039092412275735,36.09814086485984,53209526
2004-02-23,36.23524984316156,36.09814086485984,36.48027674525985,36.00208884436478,36.23524984316156,65157694
2004-02-24,36.08345968393654,36.23524984316156,36.25724524569185,36.060605346815876,36.08345968393654,99521692
2004-02-25,36.03560855602971,36.08345968393654,36.103296050973384,35.990392993459686,36.03560855602971,48300547
2004-02-26,36.20377710214448,36.03560855602971,36.36038490554631,35.997803734728855,36.20377710214448,89765647
2004-02-27,35.97061810786159,36.20377710214448,36.306515773722836,35.96784776072276,35.97061810786159,71852401
2004-03-01,36.05577441013272,35.97061810786159,36.158876934130305,35.94368412094319,36.05577441013272,61084097
2004-03-02,36.0502597387868,36.05577441013272,36.141126562495636,36.034343010393435,36.0502597387868,69241494
2004-03-03,35.85691945389238,36.0502597387868,36.11831044485429,35.85485372733598,35.85691945389238,77320899
2004-03-04,36.140210362926204,35.85691945389238,36.21683195674792,35.69370730548346,36.140210362926204,48824115
2004-03-05,35.91511887426417,36.140210362926204,36.280411493390055,35.84321444114649,35.91511887426417,90890629
2004-03-08,35.795523188330804,35.91511887426417,35.92415574687725,35.776074160920906,35.795523188330804,42197969
2004-03-09,36.012377053969416,35.795523188330804,36.12910116231097,35.68793576147197,36.012377053969416,75919866
2004-03-10,35.73948492678003,36.012377053969416,36.13958175537923,35.739467717423864,35.73948492678003,44493473
2004-03-11,35.89055265728214,35.73948492678003,35.9361721392392,35.55309662461704,35.89055265728214,92372327
2004-03-12,35.868593505143856,35.89055265728214,35.9432209136714,35.830022623170734,35.868593505143856,91453621
2004-03-15,36.04963555239355,35.868593505143856,36.10781734209069,35.84707988971831,36.04963555239355,50805591
2004-03-16,35.92475985509051,36.04963555239355,36.10008102555798,35.84469398656074,35.92475985509051,66708433
2004-03-17,35.81994459857287,35.92475985509051,35.93327917501847,35.597473347567785,35.81994459857287,47612893
2004-03-18,35.95557792784537,35.81994459857287,35.98666037767663,35.81551945452575,35.95557792784537,64430970
2004-03-19,36.04269783195962,35.95557792784537,36.06248667098304,35.900169460092194,36.04269783195962,95713472
2004-03-22,35.87841438572027,36.04269783195962,36.14990976056388,35.80721497634248,35.87841438572027,76104918
2004-03-23,35.76521000091475,35.87841438572027,35.88974607600404,35.7572027415856,35.76521000091475,55454398
2004-03-24,35.513613394042146,35.76521000091475,35.7813689902645,35.44680839753245,35.513613394042146,57946911
2004-03-25,35.542526829890996,35.513613394042146,35.702793079866886,35.435884080762705,35.542526829890996,80914369
2004-03-26,35.66304784764597,35.542526829890996,35.7695762696571,35.498978009447534,35.66304784764597,68060655
2004-03-29,35.59348516910309,35.66304784764597,35.75735168485808,35.51759715442206,35.59348516910309,88884266
2004-03-30,35.653660654906226,35.59348516910309,35.66332027971038,35.52048809436139,35.653660654906226,70920822
2004-03-31,35.68185973660474,35.653660654906226,35.806504865809046,35.5750494804631,35.68185973660474,39013398
2004-04-01,35.750923467771,35.68185973660474,35.85020486453377,35.58520721192596,35.750923467771,55080557
2004-04-02,35.62865806126878,35.750923467771,35.754605818812344,35.43969128342616,35.62865806126878,70937243
2004-04-05,35.71261462487545,35.62865806126878,35.75145198645094,35.525968429167605,35.71261462487545,95239074
2004-04-06,35.622166913934706,35.71261462487545,35.81412900780577,35.42323349499694,35.622166913934706,95331570
2004-04-07,35.24383203820961,35.622166913934706,35.69426920528118,35.16297194274247,35.24383203820961,40308074
2004-04-08,35.41304418814545,35.24383203820961,35.47873875148313,35.21819606545697,35.41304418814545,61046896
2004-04-09,35.539263209079884,35.41304418814545,35.62401301271194,35.37864873063943,35.539263209079884,84372358
2004-04-12,35.33459738864843,35.539263209079884,35.760213137874864,35.17659949268403,35.33459738864843,48631929
2004-04-13,35.640941535806576,35.33459738864843,35.65741105539887,35.211785052936655,35.640941535806576,48064498
2004-04-14,35.79093830621738,35.640941535806576,35.79981779588743,35.55270620997266,35.79093830621738,87111888
2004-04-15,35.72017028138337,35.79093830621738,35.912934372399036,35.668529456317295,35.72017028138337,41348648
2004-04-16,35.45067572874219,35.72017028138337,35.75864680862192,35.30638490341365,35.45067572874219,75462965
2004-04-19,35.73768718923442,35.45067572874219,35.880733985974686,35.40257377115623,35.73768718923442,63503319
2004-04-20,35.4843725320116,35.73768718923442,35.812453743137105,35.43661969892127,35.4843725320116,42581935
2004-04-21,35.3830118258053,35.4843725320116,35.60553218303606,35.217665673518205,35.3830118258053,90915634
2004-04-22,35.31882436024834,35.3830118258053,35.43915578929547,35.20214301738698,35.31882436024834,89953974
2004-04-23,35.35865813451838,35.31882436024834,35.44114239446536,35.229661197830936,35.35865813451838,92284299
2004-04-26,35.32824519436734,35.35865813451838,35.513397352425436,35.2611361707833,35.32824519436734,94874706
2004-04-27,35.41182745002712,35.32824519436734,35.436807161972816,35.25784294034335,35.41182745002712,64705651
2004-04-28,35.39480684176352,35.41182745002712,35.62267173080102,35.341273482915675,35.39480684176352,68126788
2004-04-29,35.3516834396691,35.39480684176352,35.42317268090883,35.3011361701994,35.3516834396691,52266624
2004-04-30,35.41307583159373,35.3516834396691,35.45985869972756,35.20495974423188,35.41307583159373,74589290
2004-05-03,35.53088245471131,35.41307583159373,35.586413871780486,35.40013104797441,35.53088245471131,93405345
2004-05-04,35.47296518612275,35.53088245471131,35.64285138245131,35.44473682663422,35.47296518612275,77507311
2004-05-05,35.02806552258993,35.47296518612275,35.56300817913676,34.98221831839891,35.02806552258993,44589842
2004-05-06,34.82436375708466,35.02806552258993,35.03893782673565,34.791485036549304,34.82436375708466,99180827
2004-05-07,35.424260445420394,34.82436375708466,35.47628847974094,34.74016912507273,35.424260445420394,50657762
2004-05-10,35.0034015667716,35.424260445420394,35.4287128414881,35.00018898283432,35.0034015667716,74734776
2004-05-11,35.18941632329256,35.0034015667716,35.46776486772067,34.97981632974688,35.18941632329256,43297731
2004-05-12,35.00772017598428,35.18941632329256,35.311189599325765,34.86242860690386,35.00772017598428,36359431
2004-05-13,34.881338481004526,35.00772017598428,35.129817336963946,34.83182129044192,34.881338481004526,53585856
2004-05-14,35.278458080698314,34.881338481004526,35.32455428836864,34.8603234209345,35.278458080698314,91613859
2004-05-17,35.30142854288223,35.278458080698314,35.3190600467422,35.177059391000334,35.30142854288223,98966342
2004-05-18,35.05134235132265,35.30142854288223,35.55518392593532,34.98078126396715,35.05134235132265,45520472
2004-05-19,34.68219207363576,35.05134235132265,35.12273986904375,34.64784110176202,34.68219207363576,75476380
2004-05-20,35.02621104174008,34.68219207363576,35.07670914419435,34.54862338079936,35.02621104174008,73122368
2004-05-21,35.175645290872,35.02621104174008,35.37349690548282,35.02128510848687,35.175645290872,70811395
2004-05-24,34.83211616482234,35.175645290872,35.29778383274402,34.64232294766551,34.83211616482234,55800915
2004-05-25,35.10849384852615,34.83211616482234,35.31712640368912,34.65445974203054,35.10849384852615,99953261
2004-05-26,35.0583848039217,35.10849384852615,35.11253032497565,34.9810094659955,35.0583848039217,72628058
2004-05-27,35.14731020132323,35.0583848039217,35.23364246600236,34.998414604239194,35.14731020132323,92629325
2004-05-28,35.05147917216231,35.14731020132323,35.26401064331026,35.005551104968944,35.05147917216231,74091435
2004-05-31,34.84490583084642,35.05147917216231,35.09509559896283,34.83296455362494,34.84490583084642,88627502
2004-06-01,35.209400012791285,34.84490583084642,35.31116183423565,34.82746529331749,35.209400012791285,62477351
2004-06-02,35.010395009916266,35.209400012791285,35.413480577842606,35.000274069899945,35.010395009916266,85695646
2004-06-03,35.071547161868395,35.010395009916266,35.2563954722132,34.91950212468906,35.071547161868395,88899140
2004-06-04,34.95064761023905,35.071547161868395,35.205062708785704,34.948993288904546,34.95064761023905,31034576
2004-06-07,35.07475897836883,34.95064761023905,35.16828859739139,34.88936233823876,35.07475897836883,70759881
2004-06-08,35.035154942302896,35.07475897836883,35.09156839856146,34.99602874772024,35.035154942302896,32227370
2004-06-09,35.19854404326158,35.035154942302896,35.3056353549581,35.00113765901796,35.19854404326158,86334518
2004-06-10,35.56901119000984,35.19854404326158,35.60518230207493,35.174606224127054,35.56901119000984,91224515
2004-06-11,35.06316630587567,35.56901119000984,35.59379640647049,34.96616334207055,35.06316630587567,79654646
2004-06-14,35.05836682167293,35.06316630587567,35.06427560400944,35.044716058171886,35.05836682167293,98689449
2004-06-15,35.64194177358523,35.05836682167293,35.76386400500205,34.950698825575785,35.64194177358523,37817325
2004-06-16,35.38277626480974,35.64194177358523,35.76813902583435,35.2195355317982,35.38277626480974,42740136
2004-06-17,35.3393953102643,35.38277626480974,35.42722105605405,35.24875562928809,35.3393953102643,77366449
2004-06-18,35.68074644261037,35.3393953102643,35.68224216827709,35.28273192573925,35.68074644261037,95521669
2004-06-21,35.42675036879866,35.68074644261037,35.71644356091048,35.39201455950509,35.42675036879866,71806666
2004-06-22,35.89729791088278,35.42675036879866,35.99263284051563,35.33477982790371,35.89729791088278,87576720
2004-06-23,35.73139405304571,35.89729791088278,35.99196060980483,35.72181510175475,35.73139405304571,37098728
2004-06-24,35.56188754671601,35.73139405304571,35.83285235984284,35.45684806028456,35.56188754671601,43518658
2004-06-25,36.071962438817415,35.56188754671601,36.091675108033684,35.496371261947516,36.071962438817415,55692083
2004-06-28,35.61699443360093,36.071962438817415,36.102394010572,35.57854512653513,35.61699443360093,36845539
2004-06-29,35.89605789381159,35.61699443360093,35.925457491908844,35.52127188617106,35.89605789381159,85182295
2004-06-30,35.8551023741262,35.89605789381159,35.95905777265034,35.84526229918766,35.8551023741262,39546451
2004-07-01,36.07296470815753,35.8551023741262,36.103394997372405,35.84368625213187,36.07296470815753,55426195
2004-07-02,36.15798101620673,36.07296470815753,36.35676615982622,36.02143096163615,36.15798101620673,80023991
2004-07-05,35.9217778443265,36.15798101620673,36.32397642804607,35.90388676781254,35.9217778443265,66068660
2004-07-06,35.81875579506372,35.9217778443265,35.934972199598064,35.711679641822556,35.81875579506372,82894204
2004-07-07,36.07514384175412,35.81875579506372,36.17346691810431,35.72323362013333,36.07514384175412,92224643
2004-07-08,35.90844211659428,36.07514384175412,36.14052363180664,35.87037265443303,35.90844211659428,76702882
2004-07-09,36.43180361620471,35.90844211659428,36.608553082340066,35.8438453097036,36.43180361620471,82802077
2004-07-12,36.13151954641303,36.43180361620471,36.46965400615083,35.99367453397301,36.13151954641303,78990069
2004-07-13,36.0790153608602,36.13151954641303,36.19981336805038,36.06278345249191,36.0790153608602,85942206
2004-07-14,36.216617734725176,36.0790153608602,36.29638431370733,35.95828559453667,36.216617734725176,41806376
2004-07-15,35.977400219701586,36.216617734725176,36.37377955219998,35.836966411412696,35.977400219701586,45420758
2004-07-16,36.083390584621164,35.977400219701586,36.13373513567601,35.92022008709858,36.083390584621164,66640413
2004-07-19,36.515571302758616,36.083390584621164,36.63437477208377,36.00866136420095,36.515571302758616,73514935
2004-07-20,36.216533711148706,36.515571302758616,36.518330640266946,36.02137754147482,36.216533711148706,59862734
2004-07-21,36.18364386135575,36.216533711148706,36.284730938190044,36.12163055373657,36.18364386135575,41245992
2004-07-22,36.50991731410516,36.18364386135575,36.69224511993793,36.00763366844117,36.50991731410516,90072596
2004-07-23,36.66647852437083,36.50991731410516,36.69549148983057,36.427741653006144,36.66647852437083,34835553
2004-07-26,36.6197174360679,36.66647852437083,36.727946161896185,36.55509424046598,36.6197174360679,60238169
2004-07-27,36.70862931971683,36.6197174360679,36.760085884814714,36.540407779245044,36.70862931971683,35908504
2004-07-28,36.42652486739513,36.70862931971683,36.76857041614244,36.35530691531136,36.42652486739513,38404657
2004-07-29,36.34284037606766,36.42652486739513,36.481647963645536,36.328213837221256,36.34284037606766,82112748
2004-07-30,36.91627486753383,36.34284037606766,37.084601208613584,36.24770268530904,36.91627486753383,49644207
2004-08-02,36.620210815815405,36.91627486753383,37.018856795950775,36.55996359787432,36.620210815815405,92108847
2004-08-03,36.671507373696606,36.620210815815405,36.713973262594195,36.59096423896784,36.671507373696606,94120215
2004-08-04,36.99981888522913,36.671507373696606,37.02003169157264,36.61631895405518,36.99981888522913,50920809
2004-08-05,36.89622246737829,36.99981888522913,37.11481009642045,36.869190630021684,36.89622246737829,53757258
2004-08-06,36.91601750001121,36.89622246737829,36.9642978509942,36.73409603665503,36.91601750001121,90857756
2004-08-09,37.269349668926424,36.91601750001121,37.35454083222012,36.79054481119102,37.269349668926424,61746948
2004-08-10,36.78964081511878,37.269349668926424,37.285193844627145,36.733345314855114,36.78964081511878,88900817
2004-08-11,37.11796741297378,36.78964081511878,37.21571676703917,36.70212870362797,37.11796741297378,44823271
2004-08-12,36.99527590038651,37.11796741297378,37.20602154812264,36.85205697764737,36.99527590038651,63150282
2004-08-13,37.07262108978957,36.99527590038651,37.07507122738258,36.90368896636441,37.07262108978957,99278932
2004-08-16,37.344302069092855,37.07262108978957,37.542390927242266,37.03276122117966,37.344302069092855,77546066
2004-08-17,37.19343823570869,37.344302069092855,37.67959533498461,36.98201202065599,37.19343823570869,44192564
2004-08-18,37.23735917651055,37.19343823570869,37.43239270915333,36.84302885908601,37.23735917651055,38844834
2004-08-19,37.374927890561025,37.23735917651055,37.455957648966596,37.22064869016854,37.374927890561025,60983086
2004-08-20,37.145834177232,37.374927890561025,37.459380701632604,37.03008093425549,37.145834177232,78382297
2004-08-23,37.095597588678835,37.145834177232,37.158492604039246,36.957806605998215,37.095597588678835,51406020
2004-08-24,37.095271262870504,37.095597588678835,37.156073105432206,36.98438736607327,37.095271262870504,50388306
2004-08-25,36.961241079311115,37.095271262870504,37.235920499564415,36.755264486655385,36.961241079311115,69143514
2004-08-26,37.750577629811374,36.961241079311115,37.78030653708883,36.954556925419325,37.750577629811374,88207772
2004-08-27,37.19825492396808,37.750577629811374,37.839385545639885,37.085445841143894,37.19825492396808,65316235
2004-08-30,37.401326373141664,37.19825492396808,37.45414696845422,37.18276597225338,37.401326373141664,61334024
2004-08-31,37.429039950287994,37.401326373141664,37.554934937628104,37.15147486949142,37.429039950287994,59256529
2004-09-01,37.57675205800503,37.429039950287994,37.75713149818059,37.4247857617496,37.57675205800503,46957698
2004-09-02,37.71043614830891,37.57675205800503,37.88333829782379,37.484204222079825,37.71043614830891,60819124
2004-09-03,37.75716915764015,37.71043614830891,37.84291932085415,37.70639083921402,37.75716915764015,65148344
2004-09-06,37.52387130640668,37.75716915764015,37.78578435735457,37.491885258157055,37.52387130640668,53302652
2004-09-07,37.64027688330016,37.52387130640668,38.00631131701947,37.46448211212363,37.64027688330016,88017307
2004-09-08,37.76320400593176,37.64027688330016,37.79686914973619,37.57206989584944,37.76320400593176,63519631
2004-09-09,37.70115352599322,37.76320400593176,37.76341118531169,37.51341246264125,37.70115352599322,87694407
2004-09-10,38.089937427530494,37.70115352599322,38.10593315540006,37.691107341580704,38.089937427530494,68446263
2004-09-13,37.917281713181964,38.089937427530494,38.09609626725851,37.6401839105684,37.917281713181964,96881327
2004-09-14,38.00171732132852,37.917281713181964,38.152918040645616,37.76542115194823,38.00171732132852,62022337
2004-09-15,38.02638188927228,38.00171732132852,38.08997058122579,37.991979134310796,38.02638188927228,47180007
2004-09-16,38.161533018003894,38.02638188927228,38.233912049231236,37.804869150564826,38.161533018003894,92088348
2004-09-17,38.01147260513553,38.161533018003894,38.239650299886996,37.88555863399284,38.01147260513553,88719837
2004-09-20,37.76877011065572,38.01147260513553,38.119414962655476,37.71059902702031,37.76877011065572,96403082
2004-09-21,38.12948261219416,37.76877011065572,38.19857914226988,37.74541367136181,38.12948261219416,82778004
2004-09-22,37.96754691221293,38.12948261219416,38.17638524014745,37.96730638628627,37.96754691221293,89506526
2004-09-23,38.0289908272771,37.96754691221293,38.037072388796,37.88233955824007,38.0289908272771,41399517
2004-09-24,38.27984046159449,38.0289908272771,38.29030519773612,38.020519629132814,38.27984046159449,36800320
2004-09-27,38.44265674704295,38.27984046159449,38.45507750590451,38.24768928489904,38.44265674704295,34091264
2004-09-28,38.2483423892919,38.44265674704295,38.55777916316503,38.235405009329135,38.2483423892919,92169525
2004-09-29,38.34155715870931,38.2483423892919,38.41559494556517,38.162469140891524,38.34155715870931,30721351
2004-09-30,38.6467602680179,38.34155715870931,38.887608049728094,38.194714569625724,38.6467602680179,89090465
2004-10-01,38.40495361553169,38.6467602680179,38.902578901131164,38.40019745696964,38.40495361553169,78424015
2004-10-04,38.89643000245525,38.40495361553169,38.90572425569985,38.20734650868876,38.89643000245525,65192794
2004-10-05,38.5437916437311,38.89643000245525,39.34412661440779,38.534286406343966,38.5437916437311,72857923
2004-10-06,38.13457082800972,38.5437916437311,38.68680828234893,38.09663526866334,38.13457082800972,47870364
2004-10-07,38.65651177398749,38.13457082800972,38.719178966918804,38.04830061238181,38.65651177398749,57493864
2004-10-08,38.62308587189535,38.65651177398749,38.749459491970256,38.60474149591792,38.62308587189535,92067330
2004-10-11,38.83662977755299,38.62308587189535,38.88305259244713,38.406638283678674,38.83662977755299,31539594
2004-10-12,38.75596555868038,38.83662977755299,38.888668109508565,38.75551065945392,38.75596555868038,87557383
2004-10-13,38.637355742027566,38.75596555868038,38.827152881699575,38.556159679351104,38.637355742027566,33181117
2004-10-14,38.46537434893179,38.637355742027566,38.8181131668924,38.37829592876948,38.46537434893179,84476134
2004-10-15,38.699969731651656,38.46537434893179,38.82509301237558,38.40731979955023,38.699969731651656,30923680
2004-10-18,38.61371588139759,38.699969731651656,38.739810408633446,38.58184873731899,38.61371588139759,52238807
2004-10-19,38.70412359762378,38.61371588139759,38.77645510586633,38.60717014706814,38.70412359762378,61776230
2004-10-20,38.969307789255765,38.70412359762378,39.044309090719175,38.64586331441064,38.969307789255765,90745468
2004-10-21,39.21786883395689,38.969307789255765,39.3104664906212,38.894717007543356,39.21786883395689,97919565
2004-10-22,39.008123084049515,39.21786883395689,39.332965315709956,38.975080941640634,39.008123084049515,51299460
2004-10-25,38.736451029324826,39.008123084049515,39.067411705914715,38.66336242225527,38.736451029324826,93170525
2004-10-26,39.094348077656676,38.736451029324826,39.12248108427317,38.721673523030624,39.094348077656676,73001143
2004-10-27,39.27941870435849,39.094348077656676,39.454464767049004,39.06065642041889,39.27941870435849,57243454
2004-10-28,38.96480578358339,39.27941870435849,39.52068513183078,38.960373769374016,38.96480578358339,48241526
2004-10-29,39.0959222145344,38.96480578358339,39.12181099747206,38.953288641308184,39.0959222145344,99032667
2004-11-01,39.163181314464154,39.0959222145344,39.31975709672339,39.07241247018127,39.163181314464154,53976620
2004-11-02,39.044639204668805,39.163181314464154,39.35730255311022,39.04253400603777,39.044639204668805,95238180
2004-11-03,39.36382295534189,39.044639204668805,39.47801228592042,38.7286071560807,39.36382295534189,42091726
2004-11-04,39.251058083031026,39.36382295534189,39.42813847132505,39.21436215514156,39.251058083031026,49237595
2004-11-05,39.39544244603516,39.251058083031026,39.44855934266762,39.175072317842485,39.39544244603516,66292997
2004-11-08,39.17652587112329,39.39544244603516,39.50429510741646,39.12504514180439,39.17652587112329,78515831
2004-11-09,39.3031570675699,39.17652587112329,39.359720469013546,39.1456371208915,39.3031570675699,54261579
2004-11-10,39.569889302029786,39.3031570675699,39.62124755791746,39.15058348368866,39.569889302029786,62662444
2004-11-11,39.39207834365212,39.569889302029786,39.829356657673095,39.35766970548572,39.39207834365212,80367579
2004-11-12,39.84492511183713,39.39207834365212,39.87439892741229,39.26739596930581,39.84492511183713,47638278
2004-11-15,39.46297269307315,39.84492511183713,39.932798963812964,39.42340628815756,39.46297269307315,36446400
2004-11-16,39.62461795049708,39.46297269307315,39.6253765488649,39.349322585145906,39.62461795049708,34318452
2004-11-17,39.8030590235657,39.62461795049708,40.02375805365626,39.581181895041325,39.8030590235657,94260796
2004-11-18,39.375251527382176,39.8030590235657,40.04720649032449,39.244761744254596,39.375251527382176,75992338
2004-11-19,39.34518298388168,39.375251527382176,39.44364447525373,39.28195839588126,39.34518298388168,71094429
2004-11-22,39.42973125506346,39.34518298388168,39.55465662065791,39.20422981137458,39.42973125506346,30995136
2004-11-23,40.022063480109,39.42973125506346,40.11671065627718,39.39199605233421,40.022063480109,66970399
2004-11-24,39.6993152583653,40.022063480109,40.13181324298588,39.528799192604005,39.6993152583653,63398675
2004-11-25,40.357015277526266,39.6993152583653,40.476517990695136,39.36296276901964,40.357015277526266,50606546
2004-11-26,39.77296970599295,40.357015277526266,40.55265064983747,39.57562105561428,39.77296970599295,33552113
2004-11-29,39.960503943348115,39.77296970599295,40.07617681092914,39.77179874119448,39.960503943348115,86491359
2004-11-30,40.269959755789806,39.960503943348115,40.29567104569827,39.82344289845968,40.269959755789806,72423514
2004-12-01,40.40121857763182,40.269959755789806,40.40247331301385,40.14475409929901,40.40121857763182,81005924
2004-12-02,40.39675752274446,40.40121857763182,40.4222927202902,40.29358313890948,40.39675752274446,84301913
2004-12-03,40.21071811285238,40.39675752274446,40.5589818688422,40.172450168963884,40.21071811285238,48409502
2004-12-06,40.1584223368871,40.21071811285238,40.295777113946784,39.995649535321995,40.1584223368871,62430401
2004-12-07,40.05678461231741,40.1584223368871,40.32101639042799,39.947022081744194,40.05678461231741,55375570
2004-12-08,40.07844976866557,40.05678461231741,40.08085393293414,40.0312724921437,40.07844976866557,88932767
2004-12-09,39.79770955783414,40.07844976866557,40.12652307572439,39.768985868470516,39.79770955783414,40711410
2004-12-10,39.72910848425276,39.79770955783414,40.20094587127186,39.69288475673897,39.72910848425276,76942000
2004-12-13,39.87625026203006,39.72910848425276,39.95718000633403,39.62068949220104,39.87625026203006,59828682
2004-12-14,39.827619357156756,39.87625026203006,39.925219163689526,39.67980102274065,39.827619357156756,47022587
2004-12-15,39.755856873249414,39.827619357156756,39.95380658588557,39.59935301370474,39.755856873249414,51904061
2004-12-16,39.969457469343496,39.755856873249414,40.19491979231248,39.65041132383606,39.969457469343496,38661075
2004-12-17,40.00556383690619,39.969457469343496,40.128607239650044,39.95101734049032,40.00556383690619,56610930
2004-12-20,39.817592970372075,40.00556383690619,40.019358768069104,39.80046066860569,39.817592970372075,97630683
2004-12-21,40.0785302145853,39.817592970372075,40.25014591805255,39.813692131922444,40.0785302145853,60967138
2004-12-22,39.5422102799973,40.0785302145853,40.21339717113899,39.534583195170185,39.5422102799973,30669716
2004-12-23,39.71535261209394,39.5422102799973,39.742648358155265,39.42988729492998,39.71535261209394,31355572
2004-12-24,39.59603445737561,39.71535261209394,39.753856765482546,39.507273930493646,39.59603445737561,92564019
2004-12-27,39.35235403497826,39.59603445737561,39.6279661673568,39.25243679563893,39.35235403497826,63030536
2004-12-28,39.691277011526154,39.35235403497826,39.75303322480674,39.2063623412799,39.691277011526154,58099829
2004-12-29,39.66814549449009,39.691277011526154,39.89588919561364,39.61308871769047,39.66814549449009,78772781
2004-12-30,39.97716822214011,39.66814549449009,39.99985808524854,39.51783868397895,39.97716822214011,32481264
2004-12-31,39.786633270983245,39.97716822214011,39.987522851389315,39.72872820969794,39.786633270983245,78264774
2005-01-03,39.443128504131046,39.786633270983245,40.051113613637,39.40407356678294,39.443128504131046,58964897
2005-01-04,39.9981648039136,39.443128504131046,40.02161590951253,39.25913072006458,39.9981648039136,69297278
2005-01-05,39.85724321276752,39.9981648039136,40.09853829513215,39.746660142938794,39.85724321276752,68674319
2005-01-06,39.715255345286785,39.85724321276752,39.98491264807789,39.57853312237619,39.715255345286785,72395862
2005-01-07,39.53978895489688,39.715255345286785,39.80470049461863,39.44252420059597,39.53978895489688,85483633
2005-01-10,39.37940940639594,39.53978895489688,39.633819833927106,39.26762185556769,39.37940940639594,83596404
2005-01-11,39.48023510605548,39.37940940639594,39.65513142912213,39.29812060309245,39.48023510605548,50805651
2005-01-12,39.75369876558768,39.48023510605548,39.87985327341095,39.45671252669771,39.75369876558768,87560785
2005-01-13,39.895500170765075,39.75369876558768,39.95919061074889,39.63564038011554,39.895500170765075,86118247
2005-01-14,39.812542260046385,39.895500170765075,39.94200654128596,39.787402069213414,39.812542260046385,58558292
2005-01-17,39.39577873340574,39.812542260046385,39.946775629544035,39.31492618684589,39.39577873340574,50940298
2005-01-18,39.255927820475414,39.39577873340574,39.44045901388616,39.24007824533212,39.255927820475414,33373321
2005-01-19,39.489336401794404,39.255927820475414,39.78075253876093,39.10147763137428,39.489336401794404,82914695
2005-01-20,39.09736318974591,39.489336401794404,39.58191882395281,38.963484146408256,39.09736318974591,64721262
2005-01-21,39.49448298857351,39.09736318974591,39.59688648729847,39.038689188309846,39.49448298857351,51444288
2005-01-24,39.38629555183868,39.49448298857351,39.62903523225901,39.23879748256084,39.38629555183868,86440630
2005-01-25,39.30819080913195,39.38629555183868,39.42371405441284,39.297085089271924,39.30819080913195,38571827
2005-01-26,39.07058154983054,39.30819080913195,39.47027636287467,38.98380577775037,39.07058154983054,69829556
2005-01-27,39.47033097482399,39.07058154983054,39.56585032857301,39.045439329741285,39.47033097482399,62710239
2005-01-28,39.24902701939576,39.47033097482399,39.81883128990878,39.18413347047101,39.24902701939576,98042543
2005-01-31,39.108347896237596,39.24902701939576,39.3672544653262,38.99574725812385,39.108347896237596,69991093
2005-02-01,38.758345983296316,39.108347896237596,39.21914793376573,38.56490036794468,38.758345983296316,42559759
2005-02-02,39.30228457058428,38.758345983296316,39.320166002385406,38.693577342802335,39.30228457058428,90487069
2005-02-03,39.64048696753035,39.30228457058428,39.76223352043948,39.09665381104331,39.64048696753035,42705423
2005-02-04,39.603168828826206,39.64048696753035,39.71583435832544,39.48482922104627,39.603168828826206,31499624
2005-02-07,39.171806950245525,39.603168828826206,39.82964786090548,39.028180286808954,39.171806950245525,41413810
2005-02-08,39.12798131030901,39.171806950245525,39.18219217432115,39.122884099323215,39.12798131030901,56436000
2005-02-09,39.32272110407626,39.12798131030901,39.58351211070755,38.97119257161758,39.32272110407626,90711577
2005-02-10,39.019624270423776,39.32272110407626,39.41767761776964,38.88717153526751,39.019624270423776,70896933
2005-02-11,39.25915121236462,39.019624270423776,39.517132949167994,39.0177765226466,39.25915121236462,32408363
2005-02-14,39.3347081899266,39.25915121236462,39.43883468603019,39.21151467400069,39.3347081899266,42453314
2005-02-15,39.40952092215457,39.3347081899266,39.53099832819139,39.17977904346794,39.40952092215457,73415941
2005-02-16,39.134239067335265,39.40952092215457,39.64291340819457,38.93535425267247,39.134239067335265,40770765
2005-02-17,39.09860415227307,39.134239067335265,39.17853079908253,38.99928752078104,39.09860415227307,72762577
2005-02-18,38.95133002168293,39.09860415227307,39.12056513306333,38.92868266574889,38.95133002168293,52518607
2005-02-21,38.946005395386976,38.95133002168293,39.07200017287088,38.94525754415073,38.946005395386976,58421207
2005-02-22,39.048039779667555,38.946005395386976,39.2183486139048,38.88744174679546,39.048039779667555,51684492
2005-02-23,39.14870064517794,39.048039779667555,39.20507062153137,39.02438988208646,39.14870064517794,89737151
2005-02-24,39.23996856661586,39.14870064517794,39.32491161094485,39.02655356102127,39.23996856661586,43607568
2005-02-25,38.889348601782565,39.23996856661586,39.25631468565948,38.84336663201013,38.889348601782565,88684792
2005-02-28,39.32207314611156,38.889348601782565,39.42016192391075,38.875195756152294,39.32207314611156,67558092
2005-03-01,38.9624946575197,39.32207314611156,39.41622092988975,38.854014655715766,38.9624946575197,35986821
2005-03-02,38.995833377602054,38.9624946575197,39.16244318491814,38.850300170703335,38.995833377602054,55687672
2005-03-03,38.83896658500303,38.995833377602054,39.2194673926265,38.81275965755972,38.83896658500303,77829853
2005-03-04,38.49687687851759,38.83896658500303,38.913673134807986,38.4736531060219,38.49687687851759,95608100
2005-03-07,39.12603099566047,38.49687687851759,39.157143819512854,38.35402036663332,39.12603099566047,95190701
2005-03-08,39.08191937719546,39.12603099566047,39.23198284306222,39.032690912718564,39.08191937719546,37289677
2005-03-09,38.868326252345454,39.08191937719546,39.39828698725323,38.62637562283295,38.868326252345454,51268099
2005-03-10,38.920724578758595,38.868326252345454,38.94898927641922,38.64535677171804,38.920724578758595,74806463
2005-03-11,38.99263802633507,38.920724578758595,39.092183316206416,38.81127010713042,38.99263802633507,60436338
2005-03-14,38.573188201511364,38.99263802633507,39.093698001133404,38.38964376481019,38.573188201511364,75405840
2005-03-15,38.758739456694094,38.573188201511364,38.848171656525395,38.56878107909133,38.758739456694094,71599420
2005-03-16,39.00042448584963,38.758739456694094,39.02238878667087,38.6930591915141,39.00042448584963,72944774
2005-03-17,38.58724411507083,39.00042448584963,39.098776541722245,38.530659803643736,38.58724411507083,67474248
2005-03-18,38.872357435604336,38.58724411507083,38.96860056787478,38.563173813723346,38.872357435604336,69263149
2005-03-21,38.536823129903055,38.872357435604336,38.92984012171544,38.46161971729085,38.536823129903055,38280205
2005-03-22,38.87506692197807,38.536823129903055,39.10950884289986,38.45999391334088,38.87506692197807,61511991
2005-03-23,38.76232180497002,38.87506692197807,39.02947298297945,38.67222575855405,38.76232180497002,65492432
2005-03-24,38.44088330428723,38.76232180497002,38.97252570595197,38.39840620011593,38.44088330428723,40205488
2005-03-25,38.96406259188639,38.44088330428723,39.15593277525844,38.38548695394426,38.96406259188639,81229850
2005-03-28,38.58084869239995,38.96406259188639,38.97175277095777,38.39633466561748,38.58084869239995,96486957
2005-03-29,38.55087729757475,38.58084869239995,38.77332061204954,38.490365641875826,38.55087729757475,61314782
2005-03-30,38.73111011777198,38.55087729757475,38.7497097054756,38.42569735090554,38.73111011777198,45383193
2005-03-31,38.89905186895875,38.73111011777198,38.92745715891383,38.54334382459237,38.89905186895875,67499483
2005-04-01,38.46517228991595,38.89905186895875,38.90564650089618,38.42995673601403,38.46517228991595,95531701
2005-04-04,38.658072290986006,38.46517228991595,38.672559975174174,38.37672396035096,38.658072290986006,35319562
2005-04-05,38.71359678710231,38.658072290986006,38.73858985820343,38.461252894809896,38.71359678710231,83011563
2005-04-06,38.74920731340234,38.71359678710231,38.88212462428941,38.59261678942893,38.74920731340234,79943882
2005-04-07,38.634053220168504,38.74920731340234,38.76666022614319,38.42586088673143,38.634053220168504,71587227
2005-04-08,38.513807244583,38.634053220168504,38.71663139538511,38.474453365192176,38.513807244583,62720580
2005-04-11,38.40963317821798,38.513807244583,38.632974416822044,38.383786549275925,38.40963317821798,51523097
2005-04-12,38.57045204391648,38.40963317821798,38.61536954876278,38.40162993911638,38.57045204391648,72654079
2005-04-13,38.33186859807508,38.57045204391648,38.682723454853075,38.32775145639495,38.33186859807508,66067909
2005-04-14,37.960379876102266,38.33186859807508,38.487442230534846,37.94464747494626,37.960379876102266,35216415
2005-04-15,38.591746860754355,37.960379876102266,38.60897197454315,37.68531555520042,38.591746860754355,55059167
2005-04-18,38.666280382492126,38.591746860754355,38.686145915391016,38.59005006926319,38.666280382492126,42404107
2005-04-19,38.02233122913153,38.666280382492126,38.67641768697308,37.76801024619374,38.02233122913153,89516869
2005-04-20,38.26735947986347,38.02233122913153,38.26920251693656,37.93880931481046,38.26735947986347,98517836
2005-04-21,38.56517434601938,38.26735947986347,38.864082251939706,38.203629958183114,38.56517434601938,69522918
2005-04-22,38.82612489871844,38.56517434601938,38.98106749095369,38.315614853882366,38.82612489871844,71185003
2005-04-25,38.41937860677427,38.82612489871844,39.05791060595988,38.32553489348265,38.41937860677427,49477692
2005-04-26,38.260223435284004,38.41937860677427,38.4576877409956,38.19478980572755,38.260223435284004,60836129
2005-04-27,38.349513336880264,38.260223435284004,38.39282020221271,38.123554135048124,38.349513336880264,83364844
2005-04-28,38.63299552225812,38.349513336880264,38.669627468046144,38.32689045178091,38.63299552225812,43504812
2005-04-29,38.22997010011097,38.63299552225812,38.70066697281438,38.190465740339995,38.22997010011097,88577600
2005-05-02,38.1852625784175,38.22997010011097,38.377243952417274,38.04994680361944,38.1852625784175,55152582
2005-05-03,38.23057583740343,38.1852625784175,38.40344217049427,38.17424869377807,38.23057583740343,98429300
2005-05-04,38.12509321272583,38.23057583740343,38.29442677484563,38.038832753783005,38.12509321272583,62521424
2005-05-05,38.315794339731625,38.12509321272583,38.365079324379984,38.04687640658618,38.315794339731625,35192572
2005-05-06,38.587861538820945,38.315794339731625,38.67705316647419,38.16791803811179,38.587861538820945,78314288
2005-05-09,38.32334601171073,38.587861538820945,38.84178312143769,38.153997033765506,38.32334601171073,67641050
2005-05-10,38.197896091824155,38.32334601171073,38.43322333362002,38.03513847238164,38.197896091824155,79151417
2005-05-11,38.174988384364994,38.197896091824155,38.20440370647875,38.06992700080093,38.174988384364994,71899771
2005-05-12,37.91669492547673,38.174988384364994,38.276965507941824,37.74412773891668,37.91669492547673,67695979
2005-05-13,38.36867396743511,37.91669492547673,38.43362712758143,37.84830418985377,38.36867396743511,89404616
2005-05-16,38.16975446746263,38.36867396743511,38.436897631555965,37.95654796624771,38.16975446746263,79665689
2005-05-17,38.13478687187551,38.16975446746263,38.24478478762022,38.110421184848114,38.13478687187551,32758950
2005-05-18,38.76299282832733,38.13478687187551,38.79287879874776,38.105458668464685,38.76299282832733,83096889
2005-05-19,38.195431419987585,38.76299282832733,38.91691868479265,38.12548336259781,38.195431419987585,57751194
2005-05-20,37.979773982912626,38.195431419987585,38.245379753993134,37.942242774067935,37.979773982912626,71314087
2005-05-23,38.02645478724607,37.979773982912626,38.126564854341005,37.77260054029434,38.02645478724607,89332638
2005-05-24,38.311042428920864,38.02645478724607,38.35146008312706,38.00452961759257,38.311042428920864,98724439
2005-05-25,38.09848802046777,38.311042428920864,38.37639853295399,38.061894097947366,38.09848802046777,35369358
2005-05-26,37.78782309858791,38.09848802046777,38.14225423501795,37.72657445673536,37.78782309858791,88026421
2005-05-27,38.22101947347726,37.78782309858791,38.4075109958165,37.682060823334915,38.22101947347726,73472197
2005-05-30,37.90371906311905,38.22101947347726,38.24808489309429,37.832336317143465,37.90371906311905,32197789
2005-05-31,38.3714552926949,37.90371906311905,38.41589206228627,37.863843585730606,38.3714552926949,48452770
2005-06-01,38.205209132485784,38.3714552926949,38.47687185355464,38.14931807413323,38.205209132485784,56401322
2005-06-02,37.94547489755069,38.205209132485784,38.23381827714283,37.87055057752181,37.94547489755069,79102780
2005-06-03,38.30485296105387,37.94547489755069,38.585325386276104,37.70655031588984,38.30485296105387,84730919
2005-06-06,38.104526679295105,38.30485296105387,38.32603045040649,37.98677282332219,38.104526679295105,33290972
2005-06-07,38.284685180670245,38.104526679295105,38.30832672337441,38.08776458325105,38.284685180670245,69259606
2005-06-08,38.24514101606251,38.284685180670245,38.44140019187706,38.17715786734266,38.24514101606251,89580278
2005-06-09,38.02162305388304,38.24514101606251,38.35164598976189,37.949749867809075,38.02162305388304,43736706
2005-06-10,38.09077822669537,38.02162305388304,38.18329968295672,38.01493804545197,38.09077822669537,78570445
2005-06-13,38.44122533191151,38.09077822669537,38.467831858910245,38.063272581846874,38.44122533191151,90631890
2005-06-14,38.21074185056556,38.44122533191151,38.45296393672812,38.15897995670249,38.21074185056556,88544788
2005-06-15,38.22803404623861,38.21074185056556,38.263167238110015,38.18018988067085,38.22803404623861,37021108
2005-06-16,38.1528005498667,38.22803404623861,38.23865695799581,38.12316053554616,38.1528005498667,72601259
2005-06-17,38.44767209556003,38.1528005498667,38.5910276123899,37.974030424976355,38.44767209556003,65535140
2005-06-20,38.79291986045011,38.44767209556003,38.80728439551293,38.393700362034025,38.79291986045011,56741100
2005-06-21,38.22236791258183,38.79291986045011,38.9626248938416,38.09089632601946,38.22236791258183,53947941
2005-06-22,38.46267242834799,38.22236791258183,38.65076989291179,38.145866659244746,38.46267242834799,72677741
2005-06-23,38.760321222916204,38.46267242834799,38.80338474608654,38.45883886472773,38.760321222916204,49195996
2005-06-24,38.50374540228145,38.760321222916204,38.82884021457846,38.462307346816324,38.50374540228145,58055212
2005-06-27,38.63681212103287,38.50374540228145,38.782094461138705,38.29808310397179,38.63681212103287,31405565
2005-06-28,38.375216149188766,38.63681212103287,38.68270271114647,38.31334689133761,38.375216149188766,75873519
2005-06-29,38.69337317930062,38.375216149188766,38.70697451964455,38.286036870623604,38.69337317930062,97971280
2005-06-30,38.60506395918118,38.69337317930062,38.87610032639347,38.569629140244054,38.60506395918118,98613180
2005-07-01,38.86235527321047,38.60506395918118,38.90268358810906,38.45496774028319,38.86235527321047,97780619
2005-07-04,38.93206287333715,38.86235527321047,39.02986575799569,38.79517445755181,38.93206287333715,66762248
2005-07-05,39.234329996931386,38.93206287333715,39.3397678902402,38.814276086336044,39.234329996931386,85897282
2005-07-06,38.87570142189231,39.234329996931386,39.3432384422885,38.6747475529796,38.87570142189231,82708202
2005-07-07,38.8570876672088,38.87570142189231,38.89537074252713,38.820803497754525,38.8570876672088,69020929
2005-07-08,38.86216177701612,38.8570876672088,38.94101586803342,38.79548546694908,38.86216177701612,87810055
2005-07-11,38.786350517923424,38.86216177701612,38.8665555859657,38.67228214021949,38.786350517923424,82367914
2005-07-12,38.95130674422114,38.786350517923424,38.97863479807968,38.63885637845325,38.95130674422114,75887377
2005-07-13,38.858551282866834,38.95130674422114,39.08744049588405,38.83978545898201,38.858551282866834,79165747
2005-07-14,38.979369767210976,38.858551282866834,39.0524933109031,38.68278927200681,38.979369767210976,89079718
2005-07-15,39.23387988613795,38.979369767210976,39.253803765081955,38.93158039578025,39.23387988613795,92993372
2005-07-18,38.81131936990157,39.23387988613795,39.39305517520608,38.74259186122842,38.81131936990157,64090683
2005-07-19,39.26066179242801,38.81131936990157,39.53919915336553,38.7994120939643,39.26066179242801,68615553
2005-07-20,39.32599217231471,39.26066179242801,39.56809162926069,39.108795810063505,39.32599217231471,74764575
2005-07-21,39.076154694837854,39.32599217231471,39.5272577743506,38.99001388964625,39.076154694837854,63811235
2005-07-22,38.71463251098022,39.076154694837854,39.14966782352433,38.58749071038858,38.71463251098022,39805169
2005-07-25,39.04129287046586,38.71463251098022,39.04608529089112,38.71212070981258,39.04129287046586,63491286
2005-07-26,39.44499122145209,39.04129287046586,39.462325007765045,39.00129267483546,39.44499122145209,51994820
2005-07-27,39.21688946167589,39.44499122145209,39.564084845369145,39.11181830457965,39.21688946167589,81939663
2005-07-28,39.05578579853204,39.21688946167589,39.34134464689755,38.93180504301873,39.05578579853204,53861271
2005-07-29,39.183298788372504,39.05578579853204,39.2139519007431,39.00998860434943,39.183298788372504,30537460
2005-08-01,39.4782134784923,39.183298788372504,39.5466938204404,39.08458069017097,39.4782134784923,39598616
2005-08-02,39.45106354238587,39.4782134784923,39.513168394257896,39.39057260976058,39.45106354238587,91271333
2005-08-03,39.327007184445904,39.45106354238587,39.45872954599708,38.8981225480498,39.327007184445904,55100230
2005-08-04,39.33230734298522,39.327007184445904,39.343273463948556,39.080179257776145,39.33230734298522,77796466
2005-08-05,39.35786936649006,39.33230734298522,39.42280097564262,39.26734331951002,39.35786936649006,46158554
2005-08-08,39.283631272753546,39.35786936649006,39.41809445743937,39.19319868566654,39.283631272753546,87830008
2005-08-09,39.81518907699675,39.283631272753546,39.84950250538463,39.15108959464571,39.81518907699675,54413599
2005-08-10,39.46301620650472,39.81518907699675,39.92791171088646,39.404336822201884,39.46301620650472,64470047
2005-08-11,39.797989139500686,39.46301620650472,39.86942008283507,39.37814552040265,39.797989139500686,34037888
2005-08-12,39.88891393302557,39.797989139500686,39.992876514465394,39.572085613542356,39.88891393302557,39804332
2005-08-15,39.81607761684686,39.88891393302557,39.96232471227504,39.79916560816298,39.81607761684686,95954367
2005-08-16,39.563288705944366,39.81607761684686,39.81996014943336,39.353131459159144,39.563288705944366,46433221
2005-08-17,39.75948813013625,39.563288705944366,39.85854867223719,39.42870076714354,39.75948813013625,34666186
2005-08-18,39.705119635708186,39.75948813013625,39.86753023079628,39.69554454296509,39.705119635708186,82738294
2005-08-19,39.56089038599385,39.705119635708186,39.91707814196331,39.29939569173046,39.56089038599385,69445397
2005-08-22,39.835492818998844,39.56089038599385,39.89919025982111,39.48586494200528,39.835492818998844,59923912
2005-08-23,39.5668887988127,39.835492818998844,39.92707692058843,39.55194155740589,39.5668887988127,40440758
2005-08-24,40.068599658358494,39.5668887988127,40.07807048094011,39.50675071399427,40.068599658358494,47943013
2005-08-25,39.76999116311099,40.068599658358494,40.14515214616331,39.72216393061819,39.76999116311099,88844973
2005-08-26,39.93325421227448,39.76999116311099,40.02202786715444,39.614932188915525,39.93325421227448,77866265
2005-08-29,39.98021357130482,39.93325421227448,40.01477449840166,39.88541457031727,39.98021357130482,89695055
2005-08-30,39.90247676975698,39.98021357130482,39.99826157909887,39.66794817386601,39.90247676975698,63516424
2005-08-31,40.102026798936166,39.90247676975698,40.12099119479728,39.85563488071222,40.102026798936166,31120982
2005-09-01,39.920250192060486,40.102026798936166,40.12548108195768,39.80447333915454,39.920250192060486,95820137
2005-09-02,40.22026051994125,39.920250192060486,40.223171957267084,39.886574186102195,40.22026051994125,67004943
2005-09-05,39.80662620911087,40.22026051994125,40.281869998311144,39.775686422221185,39.80662620911087,96018914
2005-09-06,40.13221367598995,39.80662620911087,40.22800788151924,39.663630075924615,40.13221367598995,62045388
2005-09-07,40.52652246858963,40.13221367598995,40.69666309473209,40.04850276716838,40.52652246858963,30863376
2005-09-08,39.96703269350861,40.52652246858963,40.55528058133487,39.93546687246161,39.96703269350861,87450522
2005-09-09,40.06225171699298,39.96703269350861,40.21988255209809,39.966679535455526,40.06225171699298,63180765
2005-09-12,40.33237764762223,40.06225171699298,40.355133984601174,39.93499100874271,40.33237764762223,46532546
2005-09-13,40.29569138618128,40.33237764762223,40.435368045615306,40.03201549347281,40.29569138618128,37397625
2005-09-14,40.3607109032048,40.29569138618128,40.441271027608494,40.28201180349226,40.3607109032048,92758439
2005-09-15,40.419232306161824,40.3607109032048,40.68716398941097,40.26449405153716,40.419232306161824,34739286
2005-09-16,40.47920372835181,40.419232306161824,40.57472316417543,40.40609598898135,40.47920372835181,87561928
2005-09-19,40.60573710549422,40.47920372835181,40.64622577624632,40.41425229706059,40.60573710549422,64497355
2005-09-20,40.49502213625113,40.60573710549422,40.819587900760716,40.43859205986307,40.49502213625113,50488064
2005-09-21,40.39396247884851,40.49502213625113,40.550164843193095,40.38386412549261,40.39396247884851,67391503
2005-09-22,40.60938876960981,40.39396247884851,40.717293657713824,40.18968081592991,40.60938876960981,47848157
2005-09-23,40.888579142998246,40.60938876960981,40.96522494223967,40.4592077361387,40.888579142998246,46894253
2005-09-26,40.5074700307904,40.888579142998246,41.02366926239503,40.39086829919788,40.5074700307904,41457952
2005-09-27,40.36722714790001,40.5074700307904,40.59644281233266,40.275464272581935,40.36722714790001,80637138
2005-09-28,40.82013187020107,40.36722714790001,40.943486760317526,40.210985704666065,40.82013187020107,53954762
2005-09-29,40.601501200207586,40.82013187020107,40.822995632839586,40.52074558143873,40.601501200207586,42469517
2005-09-30,40.214822977020205,40.601501200207586,40.70679226595012,40.16942133171496,40.214822977020205,81841689
2005-10-03,40.859418226687474,40.214822977020205,41.054259186226844,40.14166118771679,40.859418226687474,83541110
2005-10-04,40.6085709716077,40.859418226687474,40.95140219044188,40.54855846968809,40.6085709716077,70382340
2005-10-05,40.729646310651155,40.6085709716077,40.9938227433159,40.55341284656195,40.729646310651155,75141952
2005-10-06,40.8463144628206,40.729646310651155,40.90248496776162,40.39963030254,40.8463144628206,93006524
2005-10-07,40.84803096519461,40.8463144628206,40.983414575430025,40.83697875132335,40.84803096519461,69817326
2005-10-10,40.98456363441579,40.84803096519461,41.10611673443592,40.733288350216654,40.98456363441579,97075035
2005-10-11,40.78123686915912,40.98456363441579,41.03142592096415,40.723614228113114,40.78123686915912,31926049
2005-10-12,41.00569545292471,40.78123686915912,41.079962496772666,40.684506844025734,41.00569545292471,79836940
2005-10-13,40.878179798274616,41.00569545292471,41.17810394208837,40.762986736191564,40.878179798274616,62169432
2005-10-14,41.113147215284066,40.878179798274616,41.26224719267502,40.83348857416166,41.113147215284066,32513686
2005-10-17,41.118493259127874,41.113147215284066,41.18830470543294,40.9072632294423,41.118493259127874,94633123
2005-10-18,40.83102871813787,41.118493259127874,41.127827700600754,40.72271101743169,40.83102871813787,45466059
2005-10-19,41.276351596213324,40.83102871813787,41.466745122738374,40.771347521353874,41.276351596213324,66905134
2005-10-20,40.97387193658001,41.276351596213324,41.35787850586506,40.94776583324019,40.97387193658001,61737171
2005-10-21,41.280618293951996,40.97387193658001,41.35424273439244,40.865601734933435,41.280618293951996,62121869
2005-10-24,41.22059842058142,41.280618293951996,41.33983210972311,41.19840984385513,41.22059842058142,61153935
2005-10-25,41.55401384552034,41.22059842058142,41.62597235690097,41.06159914985251,41.55401384552034,41914179
2005-10-26,41.16006605447163,41.55401384552034,41.57302803346952,41.07836045808198,41.16006605447163,69651370
2005-10-27,41.16461796440341,41.16006605447163,41.356223299978296,41.01922719656865,41.16461796440341,68592972
2005-10-28,41.26316861109049,41.16461796440341,41.537279420431396,41.12656600863081,41.26316861109049,46023152
2005-10-31,41.23510677003308,41.26316861109049,41.430000870717436,41.22555915925481,41.23510677003308,87966740
2005-11-01,41.49354524645474,41.23510677003308,41.53359722759829,41.167951639621435,41.49354524645474,62445418
2005-11-02,41.02453546272865,41.49354524645474,41.49758850644583,41.02116296396841,41.02453546272865,60390495
2005-11-03,41.17125701997666,41.02453546272865,41.40750034431265,40.982688000853265,41.17125701997666,82012115
2005-11-04,41.19870615830195,41.17125701997666,41.36245195440309,41.16200119789899,41.19870615830195,98545066
2005-11-07,41.64733474138994,41.19870615830195,41.89518271186443,41.19514054688322,41.64733474138994,87857914
2005-11-08,41.835705078878256,41.64733474138994,41.93073615741881,41.609229766536,41.835705078878256,70811116
2005-11-09,41.48977118891577,41.835705078878256,41.88805350982531,41.46448748254648,41.48977118891577,44995045
2005-11-10,41.50691878558778,41.48977118891577,41.629526117029606,41.4395362033009,41.50691878558778,95143893
2005-11-11,41.58708030840895,41.50691878558778,41.658336598509194,41.40024619691718,41.58708030840895,78787539
2005-11-14,41.84474186065705,41.58708030840895,41.93556419352144,41.56287400712125,41.84474186065705,70132834
2005-11-15,41.44054259565361,41.84474186065705,42.003751200152,41.159979454801345,41.44054259565361,30306043
2005-11-16,41.71377930945673,41.44054259565361,41.83529931099071,41.420563544245894,41.71377930945673,72116084
2005-11-17,41.89795913946075,41.71377930945673,41.912182469391766,41.64484426861197,41.89795913946075,46117779
2005-11-18,41.82973208904165,41.89795913946075,41.96775356691921,41.49459118275968,41.82973208904165,69521314
2005-11-21,41.79530578025936,41.82973208904165,41.95365555189194,41.74344285745331,41.79530578025936,32264928
2005-11-22,41.99540940117223,41.79530578025936,42.088805488796986,41.67115807557296,41.99540940117223,66513210
2005-11-23,41.25159135492176,41.99540940117223,42.062869829116956,41.17831578401246,41.25159135492176,63139628
2005-11-24,41.98916459930032,41.25159135492176,42.141460584031975,41.17449076575116,41.98916459930032,76342413
2005-11-25,41.74090613749477,41.98916459930032,42.21337100595457,41.67383008105575,41.74090613749477,41849438
2005-11-28,41.52480249604039,41.74090613749477,41.87416448569684,41.387510964381605,41.52480249604039,44506389
2005-11-29,42.04612775121337,41.52480249604039,42.362161025459685,41.47901778270575,42.04612775121337,71985531
2005-11-30,42.25772422447733,42.04612775121337,42.31498019826198,41.879011888310394,42.25772422447733,65192477
2005-12-01,41.971135811928185,42.25772422447733,42.49797822672203,41.949181193065314,41.971135811928185,87376291
2005-12-02,42.17691678477256,41.971135811928185,42.21021477799049,41.87977084547741,42.17691678477256,88086428
2005-12-05,42.29205252381038,42.17691678477256,42.466178597925776,42.131685813927824,42.29205252381038,54279430
2005-12-06,42.20644610332641,42.29205252381038,42.33082999373213,42.16413925897644,42.20644610332641,95715615
2005-12-07,42.25132795215443,42.20644610332641,42.38419198095143,42.14552372900715,42.25132795215443,76057356
2005-12-08,42.040034007264865,42.25132795215443,42.35757016046475,42.00380013419924,42.040034007264865,35752824
2005-12-09,41.877327302419324,42.040034007264865,42.11574878018639,41.80109063205915,41.877327302419324,94876469
2005-12-12,41.50334261342658,41.877327302419324,41.95189483763843,41.47084506170099,41.50334261342658,40117261
2005-12-13,41.76393862748176,41.50334261342658,41.76432203506475,41.3887440617647,41.76393862748176,60774927
2005-12-14,41.61610158644797,41.76393862748176,41.83718709880538,41.48278149056181,41.61610158644797,32204456
2005-12-15,42.2226238060005,41.61610158644797,42.25274916768868,41.472927660657774,42.2226238060005,94530676
2005-12-16,41.70944106522806,42.2226238060005,42.283376924306275,41.517878657637816,41.70944106522806,79249167
2005-12-19,41.74877934123073,41.70944106522806,41.80292348167667,41.618486615558915,41.74877934123073,41770884
2005-12-20,41.814984700904446,41.74877934123073,41.84405417829163,41.61787091910659,41.814984700904446,34225289
2005-12-21,41.686009155940226,41.814984700904446,41.93131896504007,41.53407815552338,41.686009155940226,53023082
2005-12-22,42.006873130151256,41.686009155940226,42.16924233330262,41.5703665122012,42.006873130151256,54233198
2005-12-23,41.50116237131897,42.006873130151256,42.08680482282828,41.46290128515606,41.50116237131897,38278970
2005-12-26,41.648178143283786,41.50116237131897,41.789221467057956,41.27276927347192,41.648178143283786,51533986
2005-12-27,41.43023861591217,41.648178143283786,41.67736605626337,41.37861925510618,41.43023861591217,88796663
2005-12-28,41.287227629687486,41.43023861591217,41.45534521755973,41.111157840546184,41.287227629687486,76019662
2005-12-29,41.4114018041966,41.287227629687486,41.47289333188391,41.16352367597097,41.4114018041966,90865985
2005-12-30,41.507696631012685,41.4114018041966,41.63421152141893,41.29832399116081,41.507696631012685,97198507
2006-01-02,41.40324399234438,41.507696631012685,41.724959585600274,41.37964645065119,41.40324399234438,92909299
2006-01-03,41.325659942211544,41.40324399234438,41.534325523232035,41.32135118695747,41.325659942211544,66227805
2006-01-04,41.15472159637447,41.325659942211544,41.36581718357237,41.14186485459576,41.15472159637447,31850487
2006-01-05,41.40586448043825,41.15472159637447,41.432183602132696,41.04158780746609,41.40586448043825,81561647
2006-01-06,41.08852288257558,41.40586448043825,41.53137136719718,41.03814612295604,41.08852288257558,57207749
2006-01-09,41.534166962641784,41.08852288257558,41.589709456921916,40.72659040357678,41.534166962641784,67382944
2006-01-10,41.37089215814523,41.534166962641784,41.6440614795545,41.207952038068264,41.37089215814523,86464050
2006-01-11,41.029560607437496,41.37089215814523,41.54995135162527,40.76031877396981,41.029560607437496,43522029
2006-01-12,41.2438287406247,41.029560607437496,41.30322772554902,41.00797513112778,41.2438287406247,60166439
2006-01-13,41.12935294504597,41.2438287406247,41.41497345374034,41.099679640804325,41.12935294504597,60152638
2006-01-16,41.327386618226484,41.12935294504597,41.48438897993706,41.09440636718933,41.327386618226484,67862902
2006-01-17,41.51485210927423,41.327386618226484,41.60327036841482,41.20849662044952,41.51485210927423,62289173
2006-01-18,40.82895484260146,41.51485210927423,41.59437920341942,40.7463810571741,40.82895484260146,47353818
2006-01-19,41.21599864053209,40.82895484260146,41.425906418722,40.74122209523017,41.21599864053209,91033508
2006-01-20,41.13626804915875,41.21599864053209,41.25705984771899,40.981371603748144,41.13626804915875,59614596
2006-01-23,41.284269156497444,41.13626804915875,41.36429413086239,40.95534602788343,41.284269156497444,52176593
2006-01-24,41.166913429790725,41.284269156497444,41.32399913837872,41.166897166444215,41.166913429790725,36020757
2006-01-25,40.94547030232767,41.166913429790725,41.335126794397524,40.725374198710256,40.94547030232767,50586811
2006-01-26,41.01139430705924,40.94547030232767,41.09553109777375,40.73668000441079,41.01139430705924,84715875
2006-01-27,40.89044653854768,41.01139430705924,41.012521181881695,40.82133297090622,40.89044653854768,38548378
2006-01-30,41.251516233741725,40.89044653854768,41.25903870008326,40.80089686892999,41.251516233741725,83122879
2006-01-31,41.01206201534885,41.251516233741725,41.489902870378906,40.90294827690245,41.01206201534885,84884624
2006-02-01,41.37421322975739,41.01206201534885,41.384301566345265,40.95639745933207,41.37421322975739,97147966
2006-02-02,40.94911466024758,41.37421322975739,41.520534389810244,40.85482845930567,40.94911466024758,42601918
2006-02-03,40.79345612255779,40.94911466024758,41.0025627438017,40.53107667193582,40.79345612255779,31066485
2006-02-06,40.60571358252663,40.79345612255779,40.83159913226906,40.59324167586047,40.60571358252663,84426215
2006-02-07,40.52363498003936,40.60571358252663,40.76760949292489,40.4470614364125,40.52363498003936,70928648
2006-02-08,40.545518682108145,40.52363498003936,40.63581290505117,40.51191185153636,40.545518682108145,63752834
2006-02-09,40.90070932757196,40.545518682108145,40.965371065699586,40.26583273081926,40.90070932757196,98316153
2006-02-10,40.92691552685697,40.90070932757196,40.92784377145005,40.87987123345771,40.92691552685697,82785260
2006-02-13,40.477437096785444,40.92691552685697,41.0426902345876,40.18222043481747,40.477437096785444,36068875
2006-02-14,40.95940761934298,40.477437096785444,40.98167978240163,40.34532599728523,40.95940761934298,45210721
2006-02-15,40.65541317493005,40.95940761934298,41.00271650752631,40.59176006366164,40.65541317493005,66217184
2006-02-16,40.760664192248605,40.65541317493005,41.02336221339884,40.621425480671356,40.760664192248605,66306243
2006-02-17,41.03584121402799,40.760664192248605,41.04740144983341,40.69185368649526,41.03584121402799,42445425
2006-02-20,40.86705319775434,41.03584121402799,41.179015383401754,40.74714015898346,40.86705319775434,46669827
2006-02-21,40.606944115198836,40.86705319775434,40.91624191171621,40.59812726964519,40.606944115198836,81863231
2006-02-22,40.45737813358196,40.606944115198836,40.69338811440934,40.360914712167734,40.45737813358196,81986965
2006-02-23,40.178400564653124,40.45737813358196,40.57001337489052,39.80542978591444,40.178400564653124,75622465
2006-02-24,40.44634722824453,40.178400564653124,40.47164544415313,40.12449428625694,40.44634722824453,64093515
2006-02-27,40.526403812323956,40.44634722824453,40.81265998940723,40.443599611193996,40.526403812323956,53407532
2006-02-28,40.346022181245615,40.526403812323956,40.52862293212163,40.32226318127879,40.346022181245615,41516938
2006-03-01,40.49648224220606,40.346022181245615,40.645970152627626,40.1696573934417,40.49648224220606,36677011
2006-03-02,40.51556250629915,40.49648224220606,40.579676054283375,40.35994011636376,40.51556250629915,73559940
2006-03-03,40.431415685527924,40.51556250629915,40.56975274475041,40.356072642792,40.431415685527924,45782027
2006-03-06,40.322370631824974,40.431415685527924,40.64031554357028,40.090613488942445,40.322370631824974,75560069
2006-03-07,40.464863421379114,40.322370631824974,40.55232276948743,40.139675617486176,40.464863421379114,62051218
2006-03-08,40.496981316622616,40.464863421379114,40.54695754353219,40.434965130431024,40.496981316622616,81361803
2006-03-09,40.16443864782404,40.496981316622616,40.5468391683007,40.111613307165406,40.16443864782404,44386640
2006-03-10,40.64627546909725,40.16443864782404,40.79439051074258,40.15811483540281,40.64627546909725,51974603
2006-03-13,40.31857707055005,40.64627546909725,40.6639403512052,40.24162070069921,40.31857707055005,73340151
2006-03-14,40.319184264379,40.31857707055005,40.36827175276757,40.27656147608159,40.319184264379,78804953
2006-03-15,40.43498565957761,40.319184264379,40.436971936290654,39.99890266982755,40.43498565957761,98902343
2006-03-16,40.31618794027555,40.43498565957761,40.554706705769405,40.26128504650638,40.31618794027555,39386498
2006-03-17,40.43795426417823,40.31618794027555,40.71161302420725,40.25991717379334,40.43795426417823,50037425
2006-03-20,40.28082200999386,40.43795426417823,40.49024171483155,40.212986277508925,40.28082200999386,52134146
2006-03-21,40.076900087697275,40.28082200999386,40.3018422196175,40.029678403813605,40.076900087697275,96781621
2006-03-22,40.24954357354429,40.076900087697275,40.32418736342355,39.896333182568064,40.24954357354429,46619556
2006-03-23,39.924221122991774,40.24954357354429,40.44505650301832,39.91944648068741,39.924221122991774,73272297
2006-03-24,40.15255215327062,39.924221122991774,40.22840909935643,39.830383061246486,40.15255215327062,66427670
2006-03-27,40.10102841649154,40.15255215327062,40.18458426221383,40.02723888295684,40.10102841649154,31534818
2006-03-28,40.04290396372126,40.10102841649154,40.168022163689876,39.945914437553235,40.04290396372126,59053968
2006-03-29,40.03579140924715,40.04290396372126,40.26682971258224,39.85371521825246,40.03579140924715,50981551
2006-03-30,39.6617298353148,40.03579140924715,40.29299304937255,39.49199946659719,39.6617298353148,63617177
2006-03-31,39.90559742422814,39.6617298353148,39.98935138891736,39.415690073925774,39.90559742422814,70722709
2006-04-03,40.01087310157818,39.90559742422814,40.03600500486254,39.76757570172973,40.01087310157818,79762978
2006-04-04,40.00117745433917,40.01087310157818,40.18549969789409,39.8163200869167,40.00117745433917,98756170
2006-04-05,39.74089549973736,40.00117745433917,40.19755159701346,39.6948485907788,39.74089549973736,84736858
2006-04-06,40.17573168054184,39.74089549973736,40.409055579957524,39.69789134016141,40.17573168054184,80383514
2006-04-07,39.72719811778121,40.17573168054184,40.19210601128747,39.70101546549649,39.72719811778121,52075333
2006-04-10,40.07021792798194,39.72719811778121,40.081758230292664,39.58978958438489,40.07021792798194,78330937
2006-04-11,39.938972845725274,40.07021792798194,40.09402682160678,39.85613923298342,39.938972845725274,42717944
2006-04-12,39.70207057652418,39.938972845725274,39.99124453791278,39.60975261293945,39.70207057652418,66027875
2006-04-13,40.16104745650978,39.70207057652418,40.28732785723669,39.52206264321055,40.16104745650978,61804023
2006-04-14,39.54717347331367,40.16104745650978,40.28978619464869,39.49311298175098,39.54717347331367,77105037
2006-04-17,39.94427338166885,39.54717347331367,39.98566533717331,39.45973196114622,39.94427338166885,93863623
2006-04-18,39.93726954826961,39.94427338166885,39.99031095411853,39.908296906806804,39.93726954826961,61594112
2006-04-19,39.582214917712975,39.93726954826961,40.02858213516479,39.472481365490474,39.582214917712975,46360335
2006-04-20,39.968658498012765,39.582214917712975,40.27873237405651,39.39560584942245,39.968658498012765,62715545
2006-04-21,39.619635004777436,39.968658498012765,40.018905185144874,39.42405122113416,39.619635004777436,70224816
2006-04-24,39.70338180635801,39.619635004777436,39.776427954563104,39.573129352616064,39.70338180635801,41255209
2006-04-25,39.67465068428886,39.70338180635801,39.838902564157905,39.568847340436726,39.67465068428886,92101313
2006-04-26,39.57340686918883,39.67465068428886,39.8438253720308,39.512063049727374,39.57340686918883,69597832
2006-04-27,39.73736956020797,39.57340686918883,39.94626397371841,39.54734462489148,39.73736956020797,69687719
2006-04-28,39.71077380773382,39.73736956020797,40.036467636045764,39.624996924230054,39.71077380773382,97720836
2006-05-01,39.18516516113573,39.71077380773382,39.80235873479389,39.137242419833356,39.18516516113573,61189047
2006-05-02,39.76534967259316,39.18516516113573,39.82011033757742,39.08831573655582,39.76534967259316,57890542
2006-05-03,39.15640110097741,39.76534967259316,39.83474697165547,39.11510910465922,39.15640110097741,87460990
2006-05-04,39.66526777031818,39.15640110097741,39.69129432609647,39.06605021773432,39.66526777031818,49836932
2006-05-05,39.66063912448135,39.66526777031818,39.6851180243917,39.54950935900858,39.66063912448135,32130995
2006-05-08,39.20038030813759,39.66063912448135,39.66206659154855,39.01068769053067,39.20038030813759,84677456
2006-05-09,39.31139307813017,39.20038030813759,39.426735420681645,39.19220960240071,39.31139307813017,86049992
2006-05-10,39.151577057949574,39.31139307813017,39.48796795169681,39.08477988206418,39.151577057949574,62520289
2006-05-11,39.303872266541276,39.151577057949574,39.38953642655464,39.03808304839376,39.303872266541276,92549152
2006-05-12,39.262512643817026,39.303872266541276,39.3856682758542,39.0920274217218,39.262512643817026,48124181
2006-05-15,39.45320329459092,39.262512643817026,39.64074343069754,39.198661956514805,39.45320329459092,84608874
2006-05-16,39.53424755606488,39.45320329459092,39.62794575050193,39.238628303198276,39.53424755606488,96705650
2006-05-17,39.52777594178696,39.53424755606488,39.61641734016881,39.41635391839312,39.52777594178696,55028087
2006-05-18,39.12049781017119,39.52777594178696,39.5614188297629,39.09273791445921,39.12049781017119,95026414
2006-05-19,39.166676773443236,39.12049781017119,39.30655762029907,38.9778045445683,39.166676773443236,31673989
2006-05-22,38.854790994185635,39.166676773443236,39.28675743068917,38.69761238664589,38.854790994185635,74235475
2006-05-23,39.003742903517995,38.854790994185635,39.028456774836464,38.67442965963299,39.003742903517995,70022667
2006-05-24,39.327275581123075,39.003742903517995,39.36733396924099,38.98372936232649,39.327275581123075,35720396
2006-05-25,39.4313553329901,39.327275581123075,39.54502790754692,39.31150390759087,39.4313553329901,65201518
2006-05-26,38.851039962811775,39.4313553329901,39.50788029935925,38.653329013291575,38.851039962811775,32221170
2006-05-29,38.953495154913945,38.851039962811775,39.03347919257342,38.809227534794644,38.953495154913945,49824543
2006-05-30,39.040998629910625,38.953495154913945,39.196514388486946,38.81823826441756,39.040998629910625,81236017
2006-05-31,39.0777406753343,39.040998629910625,39.11156631694173,38.90636843283986,39.0777406753343,65120228
2006-06-01,38.84212731361528,39.0777406753343,39.255397519610284,38.76424886043843,38.84212731361528,67708577
2006-06-02,39.12094077028203,38.84212731361528,39.25549573897409,38.71051244580372,39.12094077028203,70609786
2006-06-05,38.98375635047115,39.12094077028203,39.251486661456454,38.94713616946071,38.98375635047115,43107407
2006-06-06,39.11167734977174,38.98375635047115,39.24869620359218,38.905681442143766,39.11167734977174,69428568
2006-06-07,39.25961419496225,39.11167734977174,39.40974498343915,38.90112625420464,39.25961419496225,92572134
2006-06-08,39.19209816538967,39.25961419496225,39.39336807742247,39.06026226592907,39.19209816538967,97392519
2006-06-09,39.1434127064345,39.19209816538967,39.25197922234773,39.039116180654766,39.1434127064345,52962311
2006-06-12,39.24565523544296,39.1434127064345,39.31818959099567,39.04053844227651,39.24565523544296,60276193
2006-06-13,39.28797782912411,39.24565523544296,39.478569104554026,39.06332976792008,39.28797782912411,57103492
2006-06-14,39.270723784427005,39.28797782912411,39.37878312640672,39.17706058003805,39.270723784427005,64497682
2006-06-15,39.33072027147712,39.270723784427005,39.4656279690182,39.25949588403537,39.33072027147712,39691593
2006-06-16,39.73493946520941,39.33072027147712,39.75697550749553,39.2385673373076,39.73493946520941,54778632
2006-06-19,39.56867910787818,39.73493946520941,39.76500230700872,39.49335759597599,39.56867910787818,39543093
2006-06-20,39.43783148223348,39.56867910787818,39.80256663187516,39.36149756820548,39.43783148223348,71911708
2006-06-21,39.67211934583821,39.43783148223348,39.934302070208965,39.337995151209405,39.67211934583821,36052071
2006-06-22,39.506468693324614,39.67211934583821,39.69837030075594,39.46482868543926,39.506468693324614,71857740
2006-06-23,39.843028387192255,39.506468693324614,39.87254084307329,39.50436467209575,39.843028387192255,79521146
2006-06-26,39.72213441016324,39.843028387192255,39.97752225416754,39.644852420157996,39.72213441016324,65903591
2006-06-27,39.665730387531376,39.72213441016324,39.851870088110445,39.469189991823015,39.665730387531376,34254031
2006-06-28,39.814119041294525,39.665730387531376,39.881182655661505,39.65141836457593,39.814119041294525,36906301
2006-06-29,39.45104221846852,39.814119041294525,39.88134770715806,39.34191775673146,39.45104221846852,82267741
2006-06-30,39.577291389965815,39.45104221846852,39.59364564421582,39.366321983420484,39.577291389965815,67978555
2006-07-03,39.60186661800012,39.577291389965815,39.69455895149276,39.562239678902564,39.60186661800012,93619189
2006-07-04,39.906363920879606,39.60186661800012,40.04693835326882,39.5123666562483,39.906363920879606,87780946
2006-07-05,40.26180614245448,39.906363920879606,40.30479789034774,39.74643994422603,40.26180614245448,73689588
2006-07-06,40.39994751775467,40.26180614245448,40.5996700241227,40.038635755887576,40.39994751775467,99652955
2006-07-07,40.11995227940642,40.39994751775467,40.408228149146275,40.08280016520439,40.11995227940642,53442916
2006-07-10,40.13077971093926,40.11995227940642,40.14598677003214,40.06380970527849,40.13077971093926,95426127
2006-07-11,39.70787205929131,40.13077971093926,40.408398014339255,39.696294489376385,39.70787205929131,90102012
2006-07-12,39.99804549069456,39.70787205929131,40.165958345514554,39.7055778614566,39.99804549069456,42719386
2006-07-13,39.986910123996736,39.99804549069456,40.093612464799925,39.96912197046912,39.986910123996736,59921965
2006-07-14,40.05846787186283,39.986910123996736,40.25843809464957,39.864814576181516,40.05846787186283,53739547
2006-07-17,40.18755916869758,40.05846787186283,40.22672491012533,40.05751505066552,40.18755916869758,56952883
2006-07-18,40.16451123256586,40.18755916869758,40.291198558027475,40.07208664121608,40.16451123256586,47798080
2006-07-19,39.898903675611685,40.16451123256586,40.28283823194484,39.84697355397924,39.898903675611685,84111097
2006-07-20,40.486715946310106,39.898903675611685,40.5701265646015,39.87548614782915,40.486715946310106,43905731
2006-07-21,40.15749092125428,40.486715946310106,40.53347402411627,40.060640649478664,40.15749092125428,74586577
2006-07-24,40.460556217503985,40.15749092125428,40.557487572816434,40.0109327568921,40.460556217503985,99801023
2006-07-25,40.86986885751928,40.460556217503985,41.00730644229822,40.35935458619107,40.86986885751928,99619695
2006-07-26,40.30242687504678,40.86986885751928,41.06232040102897,40.26313449418207,40.30242687504678,63603526
2006-07-27,40.01399631838701,40.30242687504678,40.31058165502921,39.9761878440338,40.01399631838701,84360404
2006-07-28,40.50687685362325,40.01399631838701,40.65192530675669,39.97150728981721,40.50687685362325,47842488
2006-07-31,40.826565049563264,40.50687685362325,40.86849044243684,40.419078712142976,40.826565049563264,33556856
2006-08-01,41.039169536117186,40.826565049563264,41.15023277093717,40.787780903071855,41.039169536117186,69498020
2006-08-02,40.429302679815386,41.039169536117186,41.06471503997289,40.26023648954119,40.429302679815386,92150008
2006-08-03,40.81867914720395,40.429302679815386,40.87325509768047,40.33003154883625,40.81867914720395,57606416
2006-08-04,40.66090486531494,40.81867914720395,40.87054024328201,40.64024374173994,40.66090486531494,65721888
2006-08-07,40.7722829005572,40.66090486531494,40.96856536045146,40.56627238439309,40.7722829005572,59908367
2006-08-08,41.37193101386237,40.7722829005572,41.51145228985026,40.72079083640878,41.37193101386237,70534414
2006-08-09,40.56309530006765,41.37193101386237,41.384658025984955,40.561154389181546,40.56309530006765,41385740
2006-08-10,40.960297360532415,40.56309530006765,41.16763171902934,40.54422591057807,40.960297360532415,51158374
2006-08-11,41.042317029517164,40.960297360532415,41.144661518365105,40.81425649643182,41.042317029517164,68202882
2006-08-14,41.20723613658776,41.042317029517164,41.31497937411502,40.961749909964574,41.20723613658776,52692887
2006-08-15,41.04299852926537,41.20723613658776,41.24768151927588,40.97078150701085,41.04299852926537,88354746
2006-08-16,41.12431312412186,41.04299852926537,41.26263072270614,40.948317267570445,41.12431312412186,55460975
2006-08-17,41.01875435545806,41.12431312412186,41.294584921752325,41.00488773582343,41.01875435545806,62539295
2006-08-18,41.19276049947976,41.01875435545806,41.44451548938649,40.871631323352524,41.19276049947976,42025312
2006-08-21,41.104916826945306,41.19276049947976,41.21093600106378,41.023218690359215,41.104916826945306,92704187
2006-08-22,41.34182697073789,41.104916826945306,41.405146366573,41.094787377776754,41.34182697073789,45097583
2006-08-23,41.175672738321374,41.34182697073789,41.36684770441755,40.95151453757569,41.175672738321374,39888145
2006-08-24,41.36792885613042,41.175672738321374,41.43374968076437,41.16322073677895,41.36792885613042,52302772
2006-08-25,41.32219737124845,41.36792885613042,41.38276655054517,41.117073779051864,41.32219737124845,39143359
2006-08-28,41.599315507974595,41.32219737124845,41.603629054130266,41.29488464361424,41.599315507974595,32431608
2006-08-29,41.39394047493344,41.599315507974595,41.712347204647244,41.3458716484097,41.39394047493344,91482102
2006-08-30,41.07535140191239,41.39394047493344,41.685224355735755,40.88566257161644,41.07535140191239,87528605
2006-08-31,41.74264432957557,41.07535140191239,41.91797235629667,41.02149944472591,41.74264432957557,72067985
2006-09-01,41.33105809219879,41.74264432957557,41.75564455241578,41.25136500159716,41.33105809219879,70399007
2006-09-04,41.42140824627465,41.33105809219879,41.56809725330683,41.27271044322377,41.42140824627465,79000311
2006-09-05,41.471535939265536,41.42140824627465,41.66960709265804,41.385049186514735,41.471535939265536,50693388
2006-09-06,41.919701731303576,41.471535939265536,41.99361513241374,41.2240710298127,41.919701731303576,45198787
2006-09-07,41.226769254423296,41.919701731303576,42.10119737174522,41.11100780602716,41.226769254423296,35397617
2006-09-08,42.36429992320298,41.226769254423296,42.4454089594819,41.09134747344101,42.36429992320298,30859022
2006-09-11,41.96853338506803,42.36429992320298,42.58598948087604,41.737126190731374,41.96853338506803,71680488
2006-09-12,41.83290113801309,41.96853338506803,42.052084072970885,41.77992265198817,41.83290113801309,73970845
2006-09-13,41.81294793017646,41.83290113801309,41.85860300607392,41.78174835143593,41.81294793017646,68032315
2006-09-14,41.9223655933786,41.81294793017646,41.97382205941008,41.70820782182878,41.9223655933786,98895390
2006-09-15,42.009940496541,41.9223655933786,42.18825261271316,41.815486153247804,42.009940496541,59998842
2006-09-18,42.07422955836678,42.009940496541,42.18457334066578,41.80346821148051,42.07422955836678,65033586
2006-09-19,42.09371255566997,42.07422955836678,42.10783673521875,42.06859653979416,42.09371255566997,35454099
2006-09-20,42.03408595685607,42.09371255566997,42.15087878263439,42.013206074559406,42.03408595685607,43207359
2006-09-21,42.01194132223385,42.03408595685607,42.18135640899426,41.92175709170481,42.01194132223385,58932124
2006-09-22,42.05976637839445,42.01194132223385,42.101200538481,41.94420184528258,42.05976637839445,35209068
2006-09-25,42.088713786287535,42.05976637839445,42.22858145477905,41.86440780621921,42.088713786287535,50303205
2006-09-26,42.40698267233183,42.088713786287535,42.479066334798816,41.99072022835884,42.40698267233183,56131081
2006-09-27,42.331365462499654,42.40698267233183,42.488952464972904,42.256713872373474,42.331365462499654,52718494
2006-09-28,41.62320188151786,42.331365462499654,42.34996700044437,41.5501443960625,41.62320188151786,33880221
2006-09-29,42.421108183251846,41.62320188151786,42.487708107657845,41.60594175074575,42.421108183251846,49932824
2006-10-02,42.361817460439724,42.421108183251846,42.52299397182149,42.166998226361514,42.361817460439724,76551375
2006-10-03,42.35481622559091,42.361817460439724,42.401151664309275,42.24401685665669,42.35481622559091,78443990
2006-10-04,42.31458658441009,42.35481622559091,42.37921313810494,42.237521923276425,42.31458658441009,93576434
2006-10-05,42.673623763755806,42.31458658441009,42.709151585807014,42.23979398067363,42.673623763755806,39736996
2006-10-06,42.67450523798671,42.673623763755806,42.71549681286272,42.56100715571036,42.67450523798671,60086373
2006-10-09,42.34716962854543,42.67450523798671,42.692215407137724,42.27713376212612,42.34716962854543,51390560
2006-10-10,42.636217917879094,42.34716962854543,42.68449363701279,42.220110470895854,42.636217917879094,33703158
2006-10-11,42.38088271290054,42.636217917879094,43.040124191555186,42.24313736679268,42.38088271290054,65695913
2006-10-12,42.3319164949549,42.38088271290054,42.49617404807963,42.16390450811309,42.3319164949549,76807432
2006-10-13,42.530430436326974,42.3319164949549,42.58314445628481,42.22028516507015,42.530430436326974,46275587
2006-10-16,42.886420957424015,42.530430436326974,42.9164253908988,42.506756059197784,42.886420957424015,92101309
2006-10-17,42.94414302019315,42.886420957424015,43.0022746377062,42.88428251421371,42.94414302019315,43599525
2006-10-18,42.88837140054295,42.94414302019315,42.960994378405566,42.774633606248806,42.88837140054295,93314128
2006-10-19,42.97202527742101,42.88837140054295,43.00977562282671,42.68130505133047,42.97202527742101,51993798
2006-10-20,42.96556583602532,42.97202527742101,43.21444364861713,42.748311432909574,42.96556583602532,93433695
2006-10-23,42.75555400444436,42.96556583602532,43.16785497197265,42.71474202589021,42.75555400444436,50273654
2006-10-24,43.024012686688785,42.75555400444436,43.1062163946337,42.72143293086502,43.024012686688785,84100246
2006-10-25,43.1414314968514,43.024012686688785,43.16824037231764,42.84322537386928,43.1414314968514,44883822
2006-10-26,43.16983501344159,43.1414314968514,43.200823160298675,43.078646474852675,43.16983501344159,49690423
2006-10-27,43.301690171822344,43.16983501344159,43.4937056139292,43.11443486918712,43.301690171822344,56232116
2006-10-30,43.23655217227492,43.301690171822344,43.49426103096893,43.20040482750912,43.23655217227492,67630228
2006-10-31,43.19791339406116,43.23655217227492,43.33400893506265,42.99774015965675,43.19791339406116,87166923
2006-11-01,43.3912453987573,43.19791339406116,43.5891214200432,42.82545026763315,43.3912453987573,89498330
2006-11-02,43.19274489289731,43.3912453987573,43.40831369113779,43.158254035013606,43.19274489289731,37347311
2006-11-03,43.04599473188726,43.19274489289731,43.30740123274522,43.0315707770788,43.04599473188726,40399497
2006-11-06,43.23952570158026,43.04599473188726,43.50561053635163,42.90421073456551,43.23952570158026,31909052
2006-11-07,43.15165734325833,43.23952570158026,43.32952502345947,43.11790763435235,43.15165734325833,49643412
2006-11-08,43.20479628154277,43.15165734325833,43.21766884873919,43.130399052438335,43.20479628154277,35510331
2006-11-09,43.35796014792569,43.20479628154277,43.39339577206704,42.96001647358489,43.35796014792569,48485368
2006-11-10,43.25541691104699,43.35796014792569,43.61220164470709,43.116533875269575,43.25541691104699,86466060
2006-11-13,43.398720116421195,43.25541691104699,43.4391325884549,43.152262342123215,43.398720116421195,73918247
2006-11-14,43.091919466146194,43.398720116421195,43.51343103024708,42.84060511010244,43.091919466146194,34304587
2006-11-15,43.58842088957463,43.091919466146194,43.659111223005674,43.04445387995158,43.58842088957463,71847504
2006-11-16,43.580415345757366,43.58842088957463,43.66937546283344,43.436196863470414,43.580415345757366,62244207
2006-11-17,43.44012044130062,43.580415345757366,43.62950985778436,43.41982235320794,43.44012044130062,38457736
2006-11-20,43.80039030449485,43.44012044130062,43.88660224953909,43.428841714369526,43.80039030449485,56020024
2006-11-21,43.89949051403719,43.80039030449485,44.0666495460224,43.657034382823596,43.89949051403719,35283696
2006-11-22,43.38130876095535,43.89949051403719,43.96498642208418,43.164908396007554,43.38130876095535,61345527
2006-11-23,43.60406626411074,43.38130876095535,43.64253578223061,43.211978928794075,43.60406626411074,49216715
2006-11-24,43.64068290284621,43.60406626411074,43.662067013865666,43.4645729655087,43.64068290284621,72480328
2006-11-27,43.641267045314144,43.64068290284621,43.83264059326761,43.63191650774689,43.641267045314144,40623551
2006-11-28,44.06750575825441,43.641267045314144,44.19592891725051,43.604932458713456,44.06750575825441,62575837
2006-11-29,43.88109635104966,44.06750575825441,44.23874220842845,43.84691148983891,43.88109635104966,64179391
2006-11-30,43.90368927591192,43.88109635104966,44.06010317161007,43.83003750835036,43.90368927591192,55635352
2006-12-01,43.55915027983052,43.90368927591192,43.979938106225774,43.45191939386362,43.55915027983052,70584073
2006-12-04,44.1706589540353,43.55915027983052,44.179184462876165,43.428105657768036,44.1706589540353,44344168
2006-12-05,43.788520304395355,44.1706589540353,44.230974666938856,43.56705502622198,43.788520304395355,68415515
2006-12-06,44.10552053218026,43.788520304395355,44.23990492165198,43.74524308888532,44.10552053218026,50127452
2006-12-07,44.184270542928004,44.10552053218026,44.209118811090086,43.92503635390507,44.184270542928004,74590883
2006-12-08,44.45423770538899,44.184270542928004,44.461233564827545,44.1367855402687,44.45423770538899,57815562
2006-12-11,43.8954667549023,44.45423770538899,44.55823776868578,43.64739446142663,43.8954667549023,40709524
2006-12-12,43.54784015878238,43.8954667549023,43.944863508153325,43.48552635325574,43.54784015878238,49750373
2006-12-13,44.28682702236243,43.54784015878238,44.49522120933517,43.45810805167024,44.28682702236243,78673945
2006-12-14,44.67552855233755,44.28682702236243,44.7811478846146,44.194389901674114,44.67552855233755,86583659
2006-12-15,44.58216657665119,44.67552855233755,44.76357451211823,44.55656187291771,44.58216657665119,63354254
2006-12-18,44.38494141806319,44.58216657665119,44.7739367000198,44.384019358049606,44.38494141806319,75463530
2006-12-19,44.260163172356705,44.38494141806319,44.56833495688331,44.137549790386664,44.260163172356705,78214726
2006-12-20,44.57918121645348,44.260163172356705,44.62509801952041,43.95720296546817,44.57918121645348,95509368
2006-12-21,44.21449219809642,44.57918121645348,44.731937227516134,44.06701245491069,44.21449219809642,91405933
2006-12-22,44.56743645795689,44.21449219809642,44.722162726498844,44.16272089882907,44.56743645795689,44409839
2006-12-25,44.6047553615623,44.56743645795689,44.627703919465,44.420708510289195,44.6047553615623,79084467
2006-12-26,44.75909595940782,44.6047553615623,44.85774560134928,44.59095535558601,44.75909595940782,88353288
2006-12-27,45.16861349789896,44.75909595940782,45.29814838496193,44.68940259353245,45.16861349789896,58387754
2006-12-28,44.672093959452624,45.16861349789896,45.328991313809844,44.55268740331428,44.672093959452624,56038171
2006-12-29,44.50184657580371,44.672093959452624,44.82817781106025,44.414159359172444,44.50184657580371,82918370
2007-01-01,44.64044487277068,44.50184657580371,44.80167459540546,44.320498369156795,44.64044487277068,83338232
2007-01-02,44.28173873632323,44.64044487277068,44.67061154825361,44.140466387927404,44.28173873632323,52932509
2007-01-03,44.55239720315809,44.28173873632323,44.63651577793175,44.20121464840381,44.55239720315809,88390498
2007-01-04,44.64690820538208,44.55239720315809,44.686965735368084,44.3551709475734,44.64690820538208,39812618
2007-01-05,44.65191559707772,44.64690820538208,44.74291090802412,44.599804702466756,44.65191559707772,39667987
2007-01-08,44.83412749133555,44.65191559707772,44.92964255683719,44.39106300486708,44.83412749133555,64493933
2007-01-09,44.646420639772174,44.83412749133555,45.1185588186135,44.496147418975035,44.646420639772174,61770031
2007-01-10,45.112994263532165,44.646420639772174,45.1703646034655,44.44048859352324,45.112994263532165,73443355
2007-01-11,44.89235417041779,45.112994263532165,45.121552037920914,44.88486740204985,44.89235417041779,58222068
2007-01-12,44.92098792786732,44.89235417041779,44.95816093839292,44.843453140104565,44.92098792786732,96614447
2007-01-15,44.88014551064225,44.92098792786732,45.07712473752743,44.7775281624739,44.88014551064225,94423849
2007-01-16,45.019521350738735,44.88014551064225,45.2647402942438,44.56923327315848,45.019521350738735,74888908
2007-01-17,45.20109519403212,45.019521350738735,45.270807324985384,45.00617431712499,45.20109519403212,45078970
2007-01-18,44.850849440646044,45.20109519403212,45.322820265989556,44.744854559621565,44.850849440646044,94951634
2007-01-19,44.92859374515458,44.850849440646044,45.097911298411944,44.7453815371711,44.92859374515458,49884350
2007-01-22,45.03919040643284,44.92859374515458,45.19967135420228,44.88078787575243,45.03919040643284,37481137
2007-01-23,44.83470882388689,45.03919040643284,45.14943412115677,44.81672886175595,44.83470882388689,31109839
2007-01-24,44.98420453260444,44.83470882388689,45.13990021630268,44.83348715060113,44.98420453260444,77475728
2007-01-25,45.09237408257891,44.98420453260444,45.159557384101994,44.86490778535085,45.09237408257891,80635995
2007-01-26,45.428515707022726,45.09237408257891,45.51507065957994,45.06258477111848,45.428515707022726,56481126
2007-01-29,45.32095810999413,45.428515707022726,45.483053040608695,45.08201377713949,45.32095810999413,60312443
2007-01-30,45.33614836146663,45.32095810999413,45.610077975697294,45.27866834463777,45.33614836146663,55993732
2007-01-31,45.51590349204207,45.33614836146663,45.63427459735495,44.9476707837653,45.51590349204207,80414402
2007-02-01,45.32269445906143,45.51590349204207,45.519957428382426,45.283333047668165,45.32269445906143,31458799
2007-02-02,45.473220869791554,45.32269445906143,45.539687011520186,45.19771447947913,45.473220869791554,36604316
2007-02-05,45.3919453373341,45.473220869791554,45.57789668131548,45.24768873362292,45.3919453373341,69800718
2007-02-06,45.50645233693282,45.3919453373341,45.526145735041304,45.294384855406804,45.50645233693282,90912771
2007-02-07,45.34441272370001,45.50645233693282,45.551610729511,45.187194660409936,45.34441272370001,41206350
2007-02-08,44.952767603524485,45.34441272370001,45.355957246809744,44.50666983006351,44.952767603524485,55459443
2007-02-09,45.50788720614835,44.952767603524485,45.6014904735932,44.932355059239775,45.50788720614835,36701598
2007-02-12,45.893398459932925,45.50788720614835,45.936473863957815,45.11527608782351,45.893398459932925,34227987
2007-02-13,45.81117711171108,45.893398459932925,45.90244923381205,45.79493130760263,45.81117711171108,67825546
2007-02-14,45.85102837994596,45.81117711171108,45.88794333622258,45.810191546861965,45.85102837994596,94733265
2007-02-15,45.943756614024686,45.85102837994596,45.95496111436556,45.50954679568857,45.943756614024686,37123937
2007-02-16,45.712562541935036,45.943756614024686,46.01054845912463,45.44859465990596,45.712562541935036,99567643
2007-02-19,45.76818632941611,45.712562541935036,45.804911919728966,45.673338995451594,45.76818632941611,56970135
2007-02-20,45.61254640484448,45.76818632941611,45.82047553283808,45.49636804276055,45.61254640484448,40738550
2007-02-21,45.71225901388181,45.61254640484448,45.89639556241087,45.41202734343204,45.71225901388181,37782731
2007-02-22,45.956443575693726,45.71225901388181,45.99300154825577,45.466014403989554,45.956443575693726,52191081
2007-02-23,46.12212120175101,45.956443575693726,46.21192076701407,45.78697858795344,46.12212120175101,34105726
2007-02-26,45.84493624660917,46.12212120175101,46.244382659585945,45.52868107095549,45.84493624660917,59621859
2007-02-27,45.804356556437185,45.84493624660917,46.03283607368114,45.55686940736754,45.804356556437185,89357424
2007-02-28,45.938582806549675,45.804356556437185,46.08761860096728,45.758687821339755,45.938582806549675,36907172
2007-03-01,46.10741582813848,45.938582806549675,46.15387097660605,45.84770685537245,46.10741582813848,62364512
2007-03-02,45.667913392289286,46.10741582813848,46.17884497582018,45.626675097444604,45.667913392289286,76163026
2007-03-05,45.502294352939494,45.667913392289286,45.83849006662111,45.42397110426601,45.502294352939494,83020213
2007-03-06,45.93474559020171,45.502294352939494,45.987499460991536,45.49163620757919,45.93474559020171,84777546
2007-03-07,45.8109804286124,45.93474559020171,46.01826651011974,45.77374691162701,45.8109804286124,72650142
2007-03-08,46.00589197595795,45.8109804286124,46.07306191097119,45.79619217187982,46.00589197595795,34122816
2007-03-09,46.11974300334981,46.00589197595795,46.25029846417053,45.921895549364535,46.11974300334981,50587107
2007-03-12,46.0799498673933,46.11974300334981,46.2174945545776,46.07350446686229,46.0799498673933,89034972
2007-03-13,46.55101634411924,46.0799498673933,46.553686814839956,46.042128194733635,46.55101634411924,33003480
2007-03-14,46.32170728941496,46.55101634411924,46.62726159189642,46.306344817543966,46.32170728941496,70352698
2007-03-15,46.34644822105457,46.32170728941496,46.534102626726835,46.11634850836753,46.34644822105457,62828538
2007-03-16,46.45175719258236,46.34644822105457,46.64966745041695,46.15944215607057,46.45175719258236,41380085
2007-03-19,46.07460266532648,46.45175719258236,46.534271385961524,45.92492819887473,46.07460266532648,98992080
2007-03-20,46.61014484056036,46.07460266532648,46.708958688445954,46.03216877927238,46.61014484056036,62057496
2007-03-21,46.38242268552377,46.61014484056036,46.71076675099483,46.30105975092029,46.38242268552377,56093656
2007-03-22,46.58642388483338,46.38242268552377,46.59623828689783,46.23045718369571,46.58642388483338,60561458
2007-03-23,46.21253778124759,46.58642388483338,46.62655010011803,46.00830435280214,46.21253778124759,76416249
2007-03-26,46.13111853916149,46.21253778124759,46.27287446882934,46.01437037316568,46.13111853916149,88562357
2007-03-27,46.71333064045136,46.13111853916149,46.81724419920382,46.100317012174195,46.71333064045136,88122394
2007-03-28,46.641462709690074,46.71333064045136,46.761504676318424,46.54839336029272,46.641462709690074,80314838
2007-03-29,46.374506761031185,46.641462709690074,46.6584580747797,46.19449017428441,46.374506761031185,87195721
2007-03-30,46.41268622028751,46.374506761031185,46.482228834780706,46.34953084734845,46.41268622028751,73816265
2007-04-02,46.90863986664197,46.41268622028751,47.00279749814758,46.15524359645586,46.90863986664197,72812855
2007-04-03,46.39933263977235,46.90863986664197,47.17166596916551,46.343039834383355,46.39933263977235,64620908
2007-04-04,47.091319622006544,46.39933263977235,47.1978823053652,46.0635103960393,47.091319622006544,78245738
2007-04-05,46.52799340062613,47.091319622006544,47.32655846462337,46.38058690993786,46.52799340062613,65033415
2007-04-06,46.91851626568072,46.52799340062613,47.20027230150293,46.317284176841575,46.91851626568072,76053873
2007-04-09,46.723103276674735,46.91851626568072,46.93969549151332,46.69078953164914,46.723103276674735,55576950
2007-04-10,46.97200788770881,46.723103276674735,47.065458404783584,46.61451634697567,46.97200788770881,80687514
2007-04-11,46.73404836535078,46.97200788770881,47.00129876299581,46.43363568199792,46.73404836535078,64521876
2007-04-12,46.854139017099364,46.73404836535078,46.872777266374726,46.53221364784925,46.854139017099364,38140070
2007-04-13,46.932677191150525,46.854139017099364,47.15840696733918,46.74986691468322,46.932677191150525,69484703
2007-04-16,46.71856337576577,46.932677191150525,47.188209261876,46.70071347389725,46.71856337576577,53600381
2007-04-17,47.158652119300996,46.71856337576577,47.20051955749705,46.68428156451027,47.158652119300996,81982897
2007-04-18,46.89473994929715,47.158652119300996,47.17781204321144,46.77327121423381,46.89473994929715,58685827
2007-04-19,46.99238011222233,46.89473994929715,47.05241071593593,46.89063873525463,46.99238011222233,72326512
2007-04-20,46.84286853182292,46.99238011222233,47.22599947598154,46.69884148073102,46.84286853182292,80500250
2007-04-23,46.50416417975145,46.84286853182292,46.90911248866917,46.40405578545357,46.50416417975145,92289422
2007-04-24,47.09343776426101,46.50416417975145,47.27313213051546,46.503538913167866,47.09343776426101,51756268
2007-04-25,47.73823683712809,47.09343776426101,47.77804801183129,46.91903329555468,47.73823683712809,99985823
2007-04-26,47.38516661194394,47.73823683712809,47.859607565031325,47.32434710703074,47.38516661194394,57141544
2007-04-27,47.22622081801657,47.38516661194394,47.39149994730947,47.11664442569176,47.22622081801657,88414654
2007-04-30,47.1994153363594,47.22622081801657,47.4197700337629,47.10760688827566,47.1994153363594,72858428
2007-05-01,47.29762001188494,47.1994153363594,47.447737083376886,47.14461896194215,47.29762001188494,78126989
2007-05-02,47.45253372294454,47.29762001188494,47.464184886077426,47.17127747343034,47.45253372294454,92235246
2007-05-03,47.07426601188303,47.45253372294454,47.70424429939182,46.71739452994143,47.07426601188303,96126333
2007-05-04,47.64862390919848,47.07426601188303,47.691604067758234,47.023591547769406,47.64862390919848,86433311
2007-05-07,47.584985016476146,47.64862390919848,47.714850947451616,47.47055190793202,47.584985016476146,43820207
2007-05-08,47.616529598314095,47.584985016476146,47.66410531401958,47.47857642486696,47.616529598314095,56272712
2007-05-09,47.581010471535905,47.616529598314095,47.6559411886721,47.56498560108899,47.581010471535905,71461150
2007-05-10,47.51235201838147,47.581010471535905,47.755785354240565,47.50813829704047,47.51235201838147,57585985
2007-05-11,47.69839547839519,47.51235201838147,47.779464766564814,47.48474491967276,47.69839547839519,46355103
2007-05-14,47.709991484732946,47.69839547839519,47.80280686476602,47.345950075407515,47.709991484732946,58212888
2007-05-15,47.51573831079604,47.709991484732946,48.01864345645555,47.47203432188307,47.51573831079604,94706924
2007-05-16,47.49416376239317,47.51573831079604,47.56866001500822,47.41054769313139,47.49416376239317,30195297
2007-05-17,47.685811600209355,47.49416376239317,47.82617236167422,47.2191601768513,47.685811600209355,35845980
2007-05-18,48.06168942074117,47.685811600209355,48.11747886941185,47.62401128001101,48.06168942074117,37183356
2007-05-21,47.42740691164012,48.06168942074117,48.31228090445992,47.26491284803973,47.42740691164012,78275022
2007-05-22,47.40344627500803,47.42740691164012,47.48844142398371,47.32841647815668,47.40344627500803,82640450
2007-05-23,47.823980551760044,47.40344627500803,47.87258284305398,47.04646673380459,47.823980551760044,99310390
2007-05-24,47.82755069056682,47.823980551760044,47.84597361428209,47.81843510743798,47.82755069056682,98313237
2007-05-25,47.887622505860925,47.82755069056682,47.89743269828024,47.8250851061407,47.887622505860925,72894221
2007-05-28,47.935321719376255,47.887622505860925,47.973203609470076,47.78359980777306,47.935321719376255,75821384
2007-05-29,47.85422678300517,47.935321719376255,47.97878986104244,47.56553615331924,47.85422678300517,52495866
2007-05-30,48.29557034420647,47.85422678300517,48.3724859413136,47.79966526224856,48.29557034420647,50961125
2007-05-31,47.585260107316174,48.29557034420647,48.43115985317243,47.463020028042635,47.585260107316174,48223725
2007-06-01,47.80116071405274,47.585260107316174,47.955447635507056,47.41867584600982,47.80116071405274,89197582
2007-06-04,48.04166601639859,47.80116071405274,48.20354650091487,47.77275555063251,48.04166601639859,68540357
2007-06-05,47.737505232020766,48.04166601639859,48.33649597409189,47.66885570270575,47.737505232020766,74953653
2007-06-06,48.157064021460776,47.737505232020766,48.23368329266801,47.65936055029098,48.157064021460776,69030162
2007-06-07,48.666887905661746,48.157064021460776,48.711343969203696,48.04456679694581,48.666887905661746,43228583
2007-06-08,48.33745487871556,48.666887905661746,48.82128574941503,48.269968433272005,48.33745487871556,37461421
2007-06-11,48.45471722640111,48.33745487871556,48.54532885114446,48.33118574917294,48.45471722640111,34681023
2007-06-12,48.15999861001147,48.45471722640111,48.4716625212884,48.0296177349214,48.15999861001147,61855036
2007-06-13,48.382286049141,48.15999861001147,48.413371998059034,48.09037885571959,48.382286049141,66888673
2007-06-14,48.507163739551125,48.382286049141,48.64928298427002,48.02961470161532,48.507163739551125,83192761
2007-06-15,48.58750708307725,48.507163739551125,48.61086827581217,48.47285165435896,48.58750708307725,54850608
2007-06-18,49.04357711389948,48.58750708307725,49.10593605234295,48.58366751041647,49.04357711389948,63782425
2007-06-19,48.93384820002737,49.04357711389948,49.1562220433567,48.906179193010765,48.93384820002737,89657666
2007-06-20,48.592706410441565,48.93384820002737,49.04161614402459,48.519187732859976,48.592706410441565,85988546
2007-06-21,48.99104904776479,48.592706410441565,49.21705080377126,48.53646207979044,48.99104904776479,71360034
2007-06-22,49.11927963085743,48.99104904776479,49.20250384062459,48.97482568431355,49.11927963085743,88785017
2007-06-25,49.343403376724055,49.11927963085743,49.4447280029051,49.11210801319383,49.343403376724055,61454907
2007-06-26,49.518446468304305,49.343403376724055,49.6491222330812,49.13552212247127,49.518446468304305,66280261
2007-06-27,48.946970413713544,49.518446468304305,49.64031064127135,48.861256342190245,48.946970413713544,31778509
2007-06-28,49.063421179639185,48.946970413713544,49.09624838844073,48.93955919819936,49.063421179639185,58905561
2007-06-29,49.01945037957622,49.063421179639185,49.10493416378464,48.91123696602301,49.01945037957622,68834306
2007-07-02,49.33831275629784,49.01945037957622,49.360937578475315,48.89295802180454,49.33831275629784,52138665
2007-07-03,49.577929063979504,49.33831275629784,49.6424144506681,49.240825369493365,49.577929063979504,89895560
2007-07-04,49.77358289611424,49.577929063979504,50.036832337753445,49.54575714097443,49.77358289611424,84414879
2007-07-05,49.57672138949273,49.77358289611424,49.8493955442053,49.559384560218184,49.57672138949273,95739413
2007-07-06,49.5826156393066,49.57672138949273,49.83774496702548,49.4657274004798,49.5826156393066,59788217
2007-07-09,49.766252019157896,49.5826156393066,49.8895613827029,49.44862489164723,49.766252019157896,51402680
2007-07-10,49.58707029606666,49.766252019157896,50.017568791397295,49.48382516446318,49.58707029606666,44582753
2007-07-11,50.3824189628646,49.58707029606666,50.4417848235324,49.273778263410854,50.3824189628646,32962825
2007-07-12,49.526626761868215,50.3824189628646,50.54682919132851,49.349200372993145,49.526626761868215,34017176
2007-07-13,50.040624457485634,49.526626761868215,50.05922341115104,49.299699488758165,50.040624457485634,64832573
2007-07-16,50.56744393114642,50.040624457485634,50.73712655186705,49.96824705672494,50.56744393114642,60571454
2007-07-17,50.129111700300236,50.56744393114642,50.66496660858682,50.09352300174351,50.129111700300236,52505842
2007-07-18,50.1461948978518,50.129111700300236,50.34948111354374,49.99514189790191,50.1461948978518,73086722
2007-07-19,50.17054367368214,50.1461948978518,50.21571654690402,49.85308359285167,50.17054367368214,78646994
2007-07-20,50.281459124635035,50.17054367368214,50.4329578387154,50.05935843420521,50.281459124635035,58469166
2007-07-23,50.739245387336,50.281459124635035,50.75855035379671,50.19998218753181,50.739245387336,97910933
2007-07-24,49.90176410260666,50.739245387336,50.7950090880917,49.848641070144,49.90176410260666,52900586
2007-07-25,50.91368992400841,49.90176410260666,50.94068875675401,49.758209588464226,50.91368992400841,74788237
2007-07-26,50.23256803888284,50.91368992400841,50.91710377168397,50.12204255010211,50.23256803888284,81298909
2007-07-27,50.5917172118654,50.23256803888284,50.741467535410855,50.23090941148266,50.5917172118654,75598038
2007-07-30,50.61687203484834,50.5917172118654,50.712063703167026,50.474815894710034,50.61687203484834,88567534
2007-07-31,50.94169186456128,50.61687203484834,50.949144478990576,50.53433753008281,50.94169186456128,34504627
2007-08-01,50.45231103923306,50.94169186456128,51.09276388491493,50.34913697361053,50.45231103923306,46374098
2007-08-02,51.04286632822395,50.45231103923306,51.386016272203285,50.09202285034265,51.04286632822395,51373992
2007-08-03,51.507781274370515,51.04286632822395,51.58140085682985,50.87049253731273,51.507781274370515,81435171
2007-08-06,50.71014244675713,51.507781274370515,51.53146360755795,50.673159074605906,50.71014244675713,77835542
2007-08-07,51.17312291741732,50.71014244675713,51.39038422301191,50.615781374241166,51.17312291741732,48626900
2007-08-08,51.02167309502531,51.17312291741732,51.455877287128395,50.976710650976386,51.02167309502531,41490619
2007-08-09,51.3667423571198,51.02167309502531,51.38914073610306,50.971682678122285,51.3667423571198,96464285
2007-08-10,51.32898778380628,51.3667423571198,51.42027638866341,51.24994425998176,51.32898778380628,92212320
2007-08-13,51.22572371236854,51.32898778380628,51.481127337533195,51.10528208838423,51.22572371236854,79645828
2007-08-14,51.58255934819682,51.22572371236854,51.60533708460316,51.01086796449983,51.58255934819682,79964110
2007-08-15,51.98835033476077,51.58255934819682,52.01939713611097,51.54473904113291,51.98835033476077,52483640
2007-08-16,51.540756366923944,51.98835033476077,52.01717689248653,51.45480827064542,51.540756366923944,37548595
2007-08-17,51.842382295530115,51.540756366923944,51.89413558336915,51.49628945346584,51.842382295530115,44819404
2007-08-20,51.3885034164581,51.842382295530115,51.929450816922284,51.35662901835712,51.3885034164581,72879237
2007-08-21,51.54177790143513,51.3885034164581,51.578523476467886,51.36726158886224,51.54177790143513,34350977
2007-08-22,51.97841125068946,51.54177790143513,52.16720868518647,51.41257278075006,51.97841125068946,64564112
2007-08-23,52.30770179277495,51.97841125068946,52.45496896530325,51.795358734522665,52.30770179277495,47445803
2007-08-24,52.081328603276,52.30770179277495,52.39344577322357,51.92226633971022,52.081328603276,67006005
2007-08-27,51.973888611738865,52.081328603276,52.12542699831541,51.9242806794081,51.973888611738865,34420429
2007-08-28,52.12166718554412,51.973888611738865,52.28597150910946,51.90939194236944,52.12166718554412,35338118
2007-08-29,51.86204985521839,52.12166718554412,52.30351014203364,51.71445742621563,51.86204985521839,49994869
2007-08-30,52.4127589969719,51.86204985521839,52.4689583233169,51.85067584576242,52.4127589969719,34518873
2007-08-31,52.55212034422551,52.4127589969719,52.70236835374351,52.26973000143402,52.55212034422551,48313119
2007-09-03,52.26935773831807,52.55212034422551,52.59939793561031,52.051231048044386,52.26935773831807,92435501
2007-09-04,52.33098069585248,52.26935773831807,52.40326270330446,52.09078738016076,52.33098069585248,92737894
2007-09-05,52.590561348581545,52.33098069585248,52.61257713168946,52.2283234672065,52.590561348581545,91629108
2007-09-06,52.472392833182234,52.590561348581545,52.63107447552442,52.27967878651832,52.472392833182234,94434128
2007-09-07,52.636293068225406,52.472392833182234,52.67237091154741,52.25866773034632,52.636293068225406,46742680
2007-09-10,53.27367379299632,52.636293068225406,53.38028487817442,52.38502604506884,53.27367379299632,86821044
2007-09-11,52.721468350049776,53.27367379299632,53.52060628611617,52.635620716674104,52.721468350049776,70774621
2007-09-12,52.75845112243711,52.721468350049776,52.815954458947395,52.699278923841405,52.75845112243711,51502108
2007-09-13,52.74829126701005,52.75845112243711,52.80539126763998,52.64439132830456,52.74829126701005,65167230
2007-09-14,53.183270303560576,52.74829126701005,53.26842127946389,52.604666350510634,53.183270303560576,97265756
2007-09-17,53.00452053144424,53.183270303560576,53.42147061221956,52.873457985814454,53.00452053144424,89048273
2007-09-18,52.94660360145256,53.00452053144424,53.06669875639377,52.82054208609426,52.94660360145256,78192258
2007-09-19,53.536927000626726,52.94660360145256,53.774547721877234,52.80801407535185,53.536927000626726,84394038
2007-09-20,53.63002079590828,53.536927000626726,53.73605118049455,53.43341211526675,53.63002079590828,58844192
2007-09-21,53.158450043474545,53.63002079590828,53.84378679995292,53.03752269445066,53.158450043474545,85245404
2007-09-24,52.88677382348307,53.158450043474545,53.288815899724874,52.74971869936435,52.88677382348307,68287746
2007-09-25,53.720746978154764,52.88677382348307,53.8679620098491,52.79197857572112,53.720746978154764,52935029
2007-09-26,53.334762994671145,53.720746978154764,53.77023010968507,53.166810634114555,53.334762994671145,83433307
2007-09-27,53.796270611917905,53.334762994671145,53.80453950253785,53.26328478015111,53.796270611917905,75524812
2007-09-28,53.12243645597372,53.796270611917905,53.89723296619386,53.0974319257457,53.12243645597372,60279233
2007-10-01,53.95714748176836,53.12243645597372,53.993288775845116,52.98708883417671,53.95714748176836,49312371
2007-10-02,53.45818120654,53.95714748176836,54.006881871502095,53.23831367956477,53.45818120654,43501715
2007-10-03,54.04712996269593,53.45818120654,54.26911686123334,53.07297006160539,54.04712996269593,74448202
2007-10-04,53.92069964627189,54.04712996269593,54.06313670573397,53.79472910773918,53.92069964627189,58948892
2007-10-05,53.725849185047856,53.92069964627189,54.05438345604305,53.64371850579905,53.725849185047856,86539817
2007-10-08,53.93981362813183,53.725849185047856,53.97627987944415,53.26746931977495,53.93981362813183,37965505
2007-10-09,54.302001361147724,53.93981362813183,54.57351081286117,53.713876610930505,54.302001361147724,62884505
2007-10-10,54.211466055882994,54.302001361147724,54.41250614504418,54.10977247233017,54.211466055882994,81726486
2007-10-11,54.407779115719904,54.211466055882994,54.508021672500234,54.206540894877875,54.407779115719904,96456836
2007-10-12,54.85249991263084,54.407779115719904,55.103370648262725,54.15100660410103,54.85249991263084,77820178
2007-10-15,53.956887547535636,54.85249991263084,54.92571917823396,53.70676071880738,53.956887547535636,70957919
2007-10-16,54.88897934530555,53.956887547535636,55.15262334886962,53.88679004327604,54.88897934530555,38877963
2007-10-17,54.54363010148144,54.88897934530555,55.0358360027636,54.492374647920045,54.54363010148144,66276353
2007-10-18,54.33638101001221,54.54363010148144,54.56893557065131,54.325633636503746,54.33638101001221,69306410
2007-10-19,54.284652267633724,54.33638101001221,54.63196442494768,53.85226165538582,54.284652267633724,85875481
2007-10-22,54.66289136894574,54.284652267633724,54.666059352049274,54.05754273289144,54.66289136894574,84206999
2007-10-23,55.03355619704562,54.66289136894574,55.050335386832934,54.64638172667751,55.03355619704562,47871121
2007-10-24,54.81261378164254,55.03355619704562,55.226264625205594,54.71131584388309,54.81261378164254,64052920
2007-10-25,55.3289924429591,54.81261378164254,55.592653988389785,54.76498110303175,55.3289924429591,88411012
2007-10-26,54.5816233273168,55.3289924429591,55.442691394334204,54.43548676721475,54.5816233273168,73841804
2007-10-29,55.04370973323793,54.5816233273168,55.17600978261952,54.42812785747357,55.04370973323793,63657682
2007-10-30,54.768399472062846,55.04370973323793,55.17010145555231,54.52482621177742,54.768399472062846,80150108
2007-10-31,55.28032603641623,54.768399472062846,55.45834184889886,54.61428290467465,55.28032603641623,58521892
2007-11-01,55.377787907220714,55.28032603641623,55.46063693977785,55.11620991566069,55.377787907220714,57791353
2007-11-02,54.970713809887606,55.377787907220714,55.70050158264175,54.8784906860041,54.970713809887606,72022575
2007-11-05,54.32322979813046,54.970713809887606,54.99634485606197,54.14788514834509,54.32322979813046,33395908
2007-11-06,55.04791499625763,54.32322979813046,55.2387728732913,54.29947555795269,55.04791499625763,32755762
2007-11-07,55.06650006568284,55.04791499625763,55.09997043810594,54.9634348005078,55.06650006568284,67482751
2007-11-08,55.010795053085836,55.06650006568284,55.228396275683146,54.95048696445133,55.010795053085836,70425890
2007-11-09,55.192051805829486,55.010795053085836,55.242577508056094,54.99074574630891,55.192051805829486,34393170
2007-11-12,54.51291891849287,55.192051805829486,55.382148277557505,54.37227518290474,54.51291891849287,39675662
2007-11-13,54.945967004237325,54.51291891849287,55.00230100319061,54.4994863906512,54.945967004237325,68620526
2007-11-14,55.039256004693364,54.945967004237325,55.25363268600628,54.78331129041155,55.039256004693364,66448784
2007-11-15,54.180185993775744,55.039256004693364,55.455492635923626,54.108428270044925,54.180185993775744,81767119
2007-11-16,54.7069293546643,54.180185993775744,54.73135196590198,54.034980831240325,54.7069293546643,60065733
2007-11-19,54.43536291212121,54.7069293546643,54.74203913490959,54.31499478378034,54.43536291212121,43849012
2007-11-20,54.504012908513516,54.43536291212121,54.66375529808408,54.38654461503687,54.504012908513516,32407801
2007-11-21,54.574247561096385,54.504012908513516,54.85267891869125,54.27692737218844,54.574247561096385,38131581
2007-11-22,54.300237854494156,54.574247561096385,54.69454173517407,54.24231904805207,54.300237854494156,53854830
2007-11-23,54.20240099509187,54.300237854494156,54.33192065616065,53.95693780198724,54.20240099509187,60611432
2007-11-26,54.348728659118414,54.20240099509187,54.45729749860064,54.13180882088306,54.348728659118414,47303981
2007-11-27,53.9976044213736,54.348728659118414,54.379484237524856,53.9950342566083,53.9976044213736,51844830
2007-11-28,53.95154639731308,53.9976044213736,54.258099758661,53.80785162522442,53.95154639731308,35540668
2007-11-29,54.38346577637251,53.95154639731308,54.55242498959196,53.937261069609576,54.38346577637251,65749930
2007-11-30,53.84160928331702,54.38346577637251,54.527210884682034,53.808697062977046,53.84160928331702,74169015
2007-12-03,54.28622070136409,53.84160928331702,54.29392371138924,53.63836317630515,54.28622070136409,74472005
2007-12-04,54.18430278392157,54.28622070136409,54.399353585523066,54.14892876405661,54.18430278392157,44244042
2007-12-05,53.54649253390459,54.18430278392157,54.255259544484154,53.417370010959196,53.54649253390459,94330433
2007-12-06,53.78304472462656,53.54649253390459,53.955959425064954,53.45235912225694,53.78304472462656,42757093
2007-12-07,54.241101277178714,53.78304472462656,54.28914122522952,53.57227750087958,54.241101277178714,59716921
2007-12-10,53.608187976357556,54.241101277178714,54.3516628098963,53.41086979773963,53.608187976357556,99418285
2007-12-11,53.700795208669184,53.608187976357556,53.70273230841194,53.33280683263057,53.700795208669184,32671469
2007-12-12,53.9033286234574,53.700795208669184,53.942067198021284,53.68008533035505,53.9033286234574,66996958
2007-12-13,53.94285252460924,53.9033286234574,54.0220155514893,53.74565792907568,53.94285252460924,32295063
2007-12-14,53.618167882521924,53.94285252460924,54.13377409421965,53.496279613464964,53.618167882521924,82249688
2007-12-17,53.47874160643148,53.618167882521924,53.62288923599696,53.40711413538657,53.47874160643148,66109736
2007-12-18,53.97343389400475,53.47874160643148,54.03744216361081,53.4656280826997,53.97343389400475,88587806
2007-12-19,54.01114842755801,53.97343389400475,54.016499307797126,53.907973038738454,54.01114842755801,81668842
2007-12-20,53.76073822294349,54.01114842755801,54.2293979579797,53.62901292048827,53.76073822294349,87055206
2007-12-21,53.475004047745195,53.76073822294349,53.88557433014978,53.35885681503046,53.475004047745195,61170807
2007-12-24,53.189675393632285,53.475004047745195,53.47620415465317,53.143990557578235,53.189675393632285,80060164
2007-12-25,53.137249723971664,53.189675393632285,53.224252261904006,52.9082305488294,53.137249723971664,90271804
2007-12-26,53.4513917392652,53.137249723971664,53.49880294491341,53.049404265671505,53.4513917392652,69972577
2007-12-27,53.37684361388093,53.4513917392652,53.51606251465703,53.18379307203818,53.37684361388093,89275085
2007-12-28,53.591671980821445,53.37684361388093,53.885192174179906,53.19217145023192,53.591671980821445,63412934
2007-12-31,53.344947069899824,53.591671980821445,53.640149875830836,53.15408852526058,53.344947069899824,81610953
2008-01-01,52.726062982560165,53.344947069899824,53.58250904046363,52.536828103937246,52.726062982560165,35755813
2008-01-02,53.357803512782986,52.726062982560165,53.56242230366902,52.359651930294206,53.357803512782986,55256916
2008-01-03,52.76728121582668,53.357803512782986,53.367543902979484,52.668681094420265,52.76728121582668,93036960
2008-01-04,52.88350532824216,52.76728121582668,52.91417896966981,52.719179074722774,52.88350532824216,52195292
2008-01-07,53.00475826835478,52.88350532824216,53.14736184575516,52.84897423096688,53.00475826835478,91803119
2008-01-08,53.41960743893474,53.00475826835478,53.487288713609246,52.95474821638029,53.41960743893474,55329857
2008-01-09,53.66685798499164,53.41960743893474,53.848568789592086,53.382480287341394,53.66685798499164,94250119
2008-01-10,52.958610523257825,53.66685798499164,53.67827378905503,52.8390216277619,52.958610523257825,87763263
2008-01-11,52.70342341441077,52.958610523257825,53.01186045484389,52.47003449268312,52.70342341441077,35522708
2008-01-14,52.845901595168506,52.70342341441077,53.12247583525093,52.470016214227755,52.845901595168506,47916477
2008-01-15,52.89206096822081,52.845901595168506,53.001591366060694,52.77537214696187,52.89206096822081,90401153
2008-01-16,52.52729710952963,52.89206096822081,52.92118444592747,52.42611046727694,52.52729710952963,76676810
2008-01-17,53.0367801413123,52.52729710952963,53.055070023154016,52.407589748306414,53.0367801413123,39370795
2008-01-18,52.57867145689374,53.0367801413123,53.272618487720656,52.41719166572163,52.57867145689374,62022260
2008-01-21,52.602146413933454,52.57867145689374,52.78388665879151,52.418226450429906,52.602146413933454,69365719
2008-01-22,52.59941732168611,52.602146413933454,52.618258934092815,52.44306122676149,52.59941732168611,78588275
2008-01-23,52.48857480316753,52.59941732168611,52.60534313153905,52.39304602626412,52.48857480316753,50452223
2008-01-24,52.5509828292176,52.48857480316753,52.6141451647888,52.34885405461876,52.5509828292176,41137540
2008-01-25,52.12340593576796,52.5509828292176,52.67522537427862,52.117973441512575,52.12340593576796,51253980
2008-01-28,52.09225035450088,52.12340593576796,52.19476641868439,51.811398580929456,52.09225035450088,97038529
2008-01-29,51.90428332982645,52.09225035450088,52.14961558757838,51.632243771327836,51.90428332982645,59155116
2008-01-30,52.25926715181479,51.90428332982645,52.399831861694196,51.821753844051734,52.25926715181479,66439626
2008-01-31,52.300886749713946,52.25926715181479,52.39086218693461,52.196123749383105,52.300886749713946,49833444
2008-02-01,52.1704227319115,52.300886749713946,52.53493434638405,52.1303896141954,52.1704227319115,40611852
2008-02-04,52.43999359442341,52.1704227319115,52.55402373753135,52.072591169692664,52.43999359442341,85670390
2008-02-05,51.956436121605655,52.43999359442341,52.58519640723469,51.650760152090776,51.956436121605655,35073031
2008-02-06,52.08476854516845,51.956436121605655,52.16611931908944,51.69768244731932,52.08476854516845,31366345
2008-02-07,51.58139283743041,52.08476854516845,52.334403506619246,51.45358154136975,51.58139283743041,32064539
2008-02-08,51.717504893874604,51.58139283743041,51.948703477649836,51.46641641269795,51.717504893874604,59728736
2008-02-11,51.951144694625306,51.717504893874604,52.27134789551549,51.6962234130264,51.951144694625306,75313305
2008-02-12,51.94400017138925,51.951144694625306,52.19159642844517,51.82131773657385,51.94400017138925,55882439
2008-02-13,51.60174873392251,51.94400017138925,51.996326366004986,51.457118214602374,51.60174873392251,55664025
2008-02-14,51.612525466164136,51.60174873392251,51.79130624879939,51.38781364475092,51.612525466164136,70798875
2008-02-15,51.192819562535554,51.612525466164136,51.777533192304325,50.924093119499176,51.192819562535554,76895347
2008-02-18,51.44561251199765,51.192819562535554,51.705474471739564,50.95342725823818,51.44561251199765,65659654
2008-02-19,51.72015066096726,51.44561251199765,51.73681157593307,51.27039138754813,51.72015066096726,57646498
2008-02-20,51.5921750509824,51.72015066096726,51.969288378682315,51.551656464530986,51.5921750509824,30915733
2008-02-21,51.52618782526907,51.5921750509824,51.6141011008876,51.22863328596423,51.52618782526907,42841365
2008-02-22,51.363605287744804,51.52618782526907,51.572920464910744,51.31610577217085,51.363605287744804,69587761
2008-02-25,51.30594028635425,51.363605287744804,51.57557214627342,51.30102509158608,51.30594028635425,53555591
2008-02-26,51.088199365802446,51.30594028635425,51.36813775617086,50.86871241413112,51.088199365802446,49761923
2008-02-27,51.38967152645495,51.088199365802446,51.70348740528271,51.04217122638079,51.38967152645495,56490126
2008-02-28,51.271730073124154,51.38967152645495,51.69679075820789,51.09046860596323,51.271730073124154,84605355
2008-02-29,51.24309292188338,51.271730073124154,51.2918969886232,51.178951711586286,51.24309292188338,66545702
2008-03-03,50.936317515656995,51.24309292188338,51.331876847753506,50.72684825137319,50.936317515656995,47549512
2008-03-04,50.47458470107408,50.936317515656995,51.042861731201796,50.46385405718547,50.47458470107408,82046569
2008-03-05,51.25689683421622,50.47458470107408,51.310335984594246,50.182237179597394,51.25689683421622,53346621
2008-03-06,50.8086131826418,51.25689683421622,51.43474112854911,50.69613283197455,50.8086131826418,87320865
2008-03-07,50.664346434351245,50.8086131826418,51.00390706006629,50.56633996433903,50.664346434351245,60381209
2008-03-10,51.01342844131392,50.664346434351245,51.19959389654437,50.65658319159923,51.01342844131392,59266644
2008-03-11,50.69090620657731,51.01342844131392,51.03722798152508,50.56115500777587,50.69090620657731,73925590
2008-03-12,51.01268726310591,50.69090620657731,51.205953637318515,50.589255778391326,51.01268726310591,91586227
2008-03-13,50.85346617143311,51.01268726310591,51.20085157751131,50.170135293117504,50.85346617143311,59167669
2008-03-14,50.823482157833226,50.85346617143311,50.869825114406744,50.668172023999524,50.823482157833226,62753367
2008-03-17,50.25805786642936,50.823482157833226,50.899697717643384,50.12822652874887,50.25805786642936,85546921
2008-03-18,50.863333570628846,50.25805786642936,50.915380941387156,50.16409836938544,50.863333570628846,53301468
2008-03-19,50.576254410539995,50.863333570628846,51.01927492918698,50.33810336137511,50.576254410539995,64978485
2008-03-20,50.37040275308542,50.576254410539995,50.687498801599524,50.20426873311941,50.37040275308542,85643276
2008-03-21,50.453026730228046,50.37040275308542,50.66162113871969,50.08606868656423,50.453026730228046,34656978
2008-03-24,49.92283701325948,50.453026730228046,50.60296655013396,49.648294236687896,49.92283701325948,83311312
2008-03-25,50.426310409206536,49.92283701325948,50.4782280629238,49.70131601288623,50.426310409206536,58671297
2008-03-26,50.0180215202755,50.426310409206536,50.54112834891707,49.851485593900435,50.0180215202755,86277585
2008-03-27,49.89036798033871,50.0180215202755,50.08525749658615,49.74012994987573,49.89036798033871,42937657
2008-03-28,49.801408737384406,49.89036798033871,50.11972104385815,49.66038001597712,49.801408737384406,77847322
2008-03-31,50.41562984864599,49.801408737384406,50.47923471735388,49.75308358718559,50.41562984864599,86665550
2008-04-01,49.93240098304965,50.41562984864599,50.69515060218348,49.847495411303775,49.93240098304965,74879303
2008-04-02,50.42706675292825,49.93240098304965,50.50876129413403,49.62193151880693,50.42706675292825,45131348
2008-04-03,49.86266423270212,50.42706675292825,50.58775271927527,49.57774699240906,49.86266423270212,91345450
2008-04-04,49.52349639016362,49.86266423270212,49.91105818419945,49.52253638797048,49.52349639016362,32894771
2008-04-07,49.62462023555602,49.52349639016362,49.62674722794793,49.23299261774236,49.62462023555602,47731853
2008-04-08,50.16458005666518,49.62462023555602,50.30167148708591,49.403075888347495,50.16458005666518,38765063
2008-04-09,49.77099021557219,50.16458005666518,50.40732317437029,49.70369388033147,49.77099021557219,48069811
2008-04-10,49.62669683541842,49.77099021557219,49.87987475077913,49.32756467315334,49.62669683541842,88644220
2008-04-11,49.75619968658425,49.62669683541842,49.768614620462245,49.59424568253797,49.75619968658425,70287559
2008-04-14,49.79434182264272,49.75619968658425,50.00009229643663,49.65997784415526,49.79434182264272,98908935
2008-04-15,49.9002710839139,49.79434182264272,50.22841207138945,49.763493387582294,49.9002710839139,51739329
2008-04-16,49.93538665635229,49.9002710839139,50.14844614559854,49.88691353680369,49.93538665635229,74916300
2008-04-17,49.44053698251922,49.93538665635229,50.037499661903546,49.431190101833145,49.44053698251922,71503605
2008-04-18,49.15485211735965,49.44053698251922,49.4426295566465,49.07762717930382,49.15485211735965,57593165
2008-04-21,49.334037720460046,49.15485211735965,49.42365502037449,48.976048106365795,49.334037720460046,81425192
2008-04-22,49.453816958530666,49.334037720460046,49.46337255200597,49.27315553010908,49.453816958530666,52949864
2008-04-23,49.10507100477232,49.453816958530666,49.538523290153265,49.04030885754608,49.10507100477232,99071432
2008-04-24,49.06022752899141,49.10507100477232,49.22504492982639,49.03079401231023,49.06022752899141,61664165
2008-04-25,49.33410636091089,49.06022752899141,49.41853962465512,48.91931529445465,49.33410636091089,93010660
2008-04-28,49.19078314556388,49.33410636091089,49.481282017215165,49.0100955943799,49.19078314556388,64032049
2008-04-29,49.16411590043051,49.19078314556388,49.370902665792386,49.1226272392048,49.16411590043051,40542110
2008-04-30,48.92311170426501,49.16411590043051,49.46109975057226,48.90571451354849,48.92311170426501,50463820
2008-05-01,49.006140190300414,48.92311170426501,49.04202715792795,48.84763278923845,49.006140190300414,81526336
2008-05-02,48.789452413339085,49.006140190300414,49.04641016566555,48.65774584819399,48.789452413339085,98829925
2008-05-05,49.18722786922662,48.789452413339085,49.41198976246497,48.68401035268663,49.18722786922662,45073012
2008-05-06,49.175804091393324,49.18722786922662,49.26564383026692,49.093867307687546,49.175804091393324,31871973
2008-05-07,48.424701355484515,49.175804091393324,49.20428899012805,48.321568489485266,48.424701355484515,64393201
2008-05-08,48.602238072840784,48.424701355484515,48.75538171563767,48.26605398399682,48.602238072840784,35134871
2008-05-09,48.417455043908355,48.602238072840784,48.691326139128115,48.345926371885284,48.417455043908355,96597149
2008-05-12,48.57738269980017,48.417455043908355,48.69343504149568,48.35063236281457,48.57738269980017,99223264
2008-05-13,48.66876997780486,48.57738269980017,48.66900675871444,48.28945895138697,48.66876997780486,56044448
2008-05-14,48.28981431432358,48.66876997780486,48.694637640530615,48.278975411445515,48.28981431432358,40240557
2008-05-15,48.37169601376432,48.28981431432358,48.40781428400804,48.128710703088394,48.37169601376432,48756384
2008-05-16,48.30528523945524,48.37169601376432,48.4284587051617,48.063079532150496,48.30528523945524,38339903
2008-05-19,48.55255828227981,48.30528523945524,48.61505085025968,48.1564288955453,48.55255828227981,57756317
2008-05-20,48.472396936291325,48.55255828227981,48.800873433428855,48.46995373611995,48.472396936291325,96680398
2008-05-21,48.2342064806508,48.472396936291325,48.50845374057018,48.141291805959696,48.2342064806508,93974300
2008-05-22,48.404959068397496,48.2342064806508,48.47465758380288,48.047919426010615,48.404959068397496,93471549
2008-05-23,48.183438966483045,48.404959068397496,48.47988718440603,48.07068348077723,48.183438966483045,51348959
2008-05-26,48.20324499853401,48.183438966483045,48.26352890164196,48.09603297735692,48.20324499853401,56322147
2008-05-27,48.62559704640128,48.20324499853401,48.72167616221611,47.87923067360767,48.62559704640128,43060969
2008-05-28,48.49829916689345,48.62559704640128,48.659468835658664,48.380072266281246,48.49829916689345,96748517
2008-05-29,47.815979717598196,48.49829916689345,48.64312699799852,47.69727988293284,47.815979717598196,93681346
2008-05-30,48.28149439532842,47.815979717598196,48.36486136501686,47.666231404343115,48.28149439532842,63462844
2008-06-02,48.23019957109334,48.28149439532842,48.32423165665165,48.14920007209284,48.23019957109334,35653014
2008-06-03,47.71310597796901,48.23019957109334,48.29717052419156,47.692691249099596,47.71310597796901,92431247
2008-06-04,48.1381954940202,47.71310597796901,48.18337158798528,47.557548039238874,48.1381954940202,41307885
2008-06-05,48.263527367643405,48.1381954940202,48.34660344147762,48.041255806921555,48.263527367643405,54380301
2008-06-06,47.57997150405873,48.263527367643405,48.46592205854776,47.38293477534386,47.57997150405873,92858629
2008-06-09,47.58254327070584,47.57997150405873,47.75258039956712,47.46474074417987,47.58254327070584,75430953
2008-06-10,47.998130431650246,47.58254327070584,48.076099507624896,47.38764582797512,47.998130431650246,92755728
2008-06-11,47.77320345620466,47.998130431650246,48.01281876386543,47.744066831003295,47.77320345620466,84630409
2008-06-12,47.79316472210024,47.77320345620466,47.88937491554593,47.60299825956937,47.79316472210024,45943123
2008-06-13,47.69613172737097,47.79316472210024,47.946293703289065,47.67471412074443,47.69613172737097,96078768
2008-06-16,47.66127242271635,47.69613172737097,47.830487361772946,47.52291321279559,47.66127242271635,86893192
2008-06-17,47.20647064593792,47.66127242271635,47.67040591909339,47.16352303294096,47.20647064593792,46812238
2008-06-18,47.72356092883915,47.20647064593792,47.903100208217104,47.06937600316565,47.72356092883915,55518593
2008-06-19,47.70561495376395,47.72356092883915,47.86657933188651,47.62467482680633,47.70561495376395,38961603
2008-06-20,47.327215176930906,47.70561495376395,47.74463340213679,47.29868741448334,47.327215176930906,70830161
2008-06-23,47.32457250813924,47.327215176930906,47.3758049278403,47.251938031555135,47.32457250813924,85268490
2008-06-24,46.9261488154932,47.32457250813924,47.48055610315311,46.70228415145279,46.9261488154932,98710436
2008-06-25,47.3629386376265,46.9261488154932,47.36927148086345,46.9237037743782,47.3629386376265,95070535
2008-06-26,47.329761240981156,47.3629386376265,47.45262855908399,47.24646809286842,47.329761240981156,74865023
2008-06-27,47.133412461325605,47.329761240981156,47.49322308948335,47.04172645341554,47.133412461325605,89226291
2008-06-30,47.366169099414826,47.133412461325605,47.523187552359964,47.11465082468299,47.366169099414826,58698116
2008-07-01,46.97607941492629,47.366169099414826,47.41981571208377,46.89850520226966,46.97607941492629,47272452
2008-07-02,47.140686576399474,46.97607941492629,47.31854081312251,46.781297142301376,47.140686576399474,40866335
2008-07-03,46.721860668641725,47.140686576399474,47.216128520048684,46.555335284297946,46.721860668641725,36964971
2008-07-04,46.9090624587888,46.721860668641725,47.053536575484,46.55620901799027,46.9090624587888,86359570
2008-07-07,46.82703182743475,46.9090624587888,46.9735347888023,46.75750630100691,46.82703182743475,43914470
2008-07-08,46.87393858867959,46.82703182743475,46.88731849051346,46.69181893670484,46.87393858867959,39591410
2008-07-09,46.68807323465584,46.87393858867959,46.92856733855842,46.67658377660372,46.68807323465584,99512195
2008-07-10,46.69708104056365,46.68807323465584,46.72734094822789,46.66701480804819,46.69708104056365,42613206
2008-07-11,46.87390487429429,46.69708104056365,46.92086762626604,46.61179024689849,46.87390487429429,81844249
2008-07-14,46.53256247098544,46.87390487429429,46.89797641078313,46.36843266121898,46.53256247098544,96949937
2008-07-15,46.213472710450596,46.53256247098544,46.54179160829047,46.207716641831304,46.213472710450596,80246425
2008-07-16,46.94814617699619,46.213472710450596,47.18888120951422,46.15745235291349,46.94814617699619,35877535
2008-07-17,46.81546071084009,46.94814617699619,47.00331466413489,46.71878485983646,46.81546071084009,56495604
2008-07-18,46.147502080268175,46.81546071084009,46.82798899127518,46.055423131579616,46.147502080268175,73122784
2008-07-21,46.560932805806814,46.147502080268175,46.78586303559259,45.99510459633606,46.560932805806814,72301116
2008-07-22,46.23764516718186,46.560932805806814,46.69217389766438,46.062964584516536,46.23764516718186,62366167
2008-07-23,46.368530137115954,46.23764516718186,46.62007412642497,46.182013192014395,46.368530137115954,61992626
2008-07-24,46.32888094380099,46.368530137115954,46.45450691987874,46.2277729275166,46.32888094380099,55833402
2008-07-25,46.159963679410765,46.32888094380099,46.37704357072669,45.990960852476135,46.159963679410765,86975788
2008-07-28,45.9865089554749,46.159963679410765,46.29961137421328,45.92737919365157,45.9865089554749,71465374
2008-07-29,45.961492644194394,45.9865089554749,46.19755239753167,45.81413481594458,45.961492644194394,72359933
2008-07-30,45.86297339756968,45.961492644194394,46.173475789780056,45.811746517333994,45.86297339756968,43527582
2008-07-31,45.83590663384184,45.86297339756968,46.05753931924656,45.62064453294164,45.83590663384184,59010286
2008-08-01,45.96519769724241,45.83590663384184,46.30820702227421,45.760431600669705,45.96519769724241,60367663
2008-08-04,45.76955655442754,45.96519769724241,46.02838463363002,45.71544451503175,45.76955655442754,74183550
2008-08-05,46.04373516686218,45.76955655442754,46.273612021573975,45.61027184790942,46.04373516686218,59813234
2008-08-06,46.18143137085663,46.04373516686218,46.24738712187739,45.982211973803956,46.18143137085663,38172953
2008-08-07,45.66103884605983,46.18143137085663,46.24940289650285,45.53329395467346,45.66103884605983,93281474
2008-08-08,45.8019163384243,45.66103884605983,45.84076909562826,45.40641426800863,45.8019163384243,78162382
2008-08-11,45.814637909367306,45.8019163384243,45.968698376327985,45.766262456384496,45.814637909367306,80521648
2008-08-12,45.76150486333416,45.814637909367306,46.04894895968275,45.75892443724129,45.76150486333416,82806902
2008-08-13,45.624384704092044,45.76150486333416,45.90600330997139,45.50728524911597,45.624384704092044,69551194
2008-08-14,45.72955139009944,45.624384704092044,45.98238142398833,45.46293758100844,45.72955139009944,66995605
2008-08-15,45.623414322557764,45.72955139009944,45.76347422782897,45.552614709133614,45.623414322557764,57867777
2008-08-18,45.185608660604956,45.623414322557764,45.74476067314166,45.10031113009756,45.185608660604956,55147910
2008-08-19,45.61766176766693,45.185608660604956,45.81626641902179,45.11680932259031,45.61766176766693,96899695
2008-08-20,45.57487578163702,45.61766176766693,45.7441506577833,45.46083369177444,45.57487578163702,73696192
2008-08-21,45.15389384289506,45.57487578163702,45.74074725407246,45.03037804026924,45.15389384289506,72898394
2008-08-22,45.28877264698922,45.15389384289506,45.3611746828777,45.06330001809997,45.28877264698922,88897992
2008-08-25,45.38803300149566,45.28877264698922,45.47208515360117,45.09625141415211,45.38803300149566,91680710
2008-08-26,45.13949789383471,45.38803300149566,45.55173615381737,45.06076922987202,45.13949789383471,64301628
2008-08-27,45.38226338069182,45.13949789383471,45.54652934663187,44.92643761988071,45.38226338069182,89369629
2008-08-28,45.62636967009648,45.38226338069182,45.663197362993294,45.36156692048825,45.62636967009648,85593897
2008-08-29,44.86966687344125,45.62636967009648,45.74958280005433,44.809463656853495,44.86966687344125,81892041
2008-09-01,44.6892649642904,44.86966687344125,44.92532079022335,44.525881206767274,44.6892649642904,59581137
2008-09-02,44.74545561437853,44.6892649642904,44.783899130399135,44.63659725011811,44.74545561437853,73367646
2008-09-03,44.5151975604041,44.74545561437853,44.77077189904869,44.36732613509796,44.5151975604041,60735153
2008-09-04,43.98193020412395,44.5151975604041,44.640591153273746,43.914082432447124,43.98193020412395,45418348
2008-09-05,44.02795745117685,43.98193020412395,44.23001593550375,43.8499856003561,44.02795745117685,37862165
2008-09-08,43.097534353879006,44.02795745117685,44.22532556441257,42.83114743248031,43.097534353879006,73971886
2008-09-09,43.21472173591451,43.097534353879006,43.238170620172845,42.9594437591671,43.21472173591451,62247693
2008-09-10,42.61362158959109,43.21472173591451,43.27844760110503,42.57628749038164,42.61362158959109,47559938
2008-09-11,42.785375637968315,42.61362158959109,42.865861169537645,42.26221486847995,42.785375637968315,38733143
2008-09-12,42.517683167054365,42.785375637968315,43.01231655060565,42.509189559120195,42.517683167054365,36835533
2008-09-15,41.61572336963801,42.517683167054365,42.520176299163445,41.608009278953915,41.61572336963801,99075252
2008-09-16,41.33954308432199,41.61572336963801,41.6223096955807,41.24175452570411,41.33954308432199,76112271
2008-09-17,41.30781317786026,41.33954308432199,41.42058665190927,41.30272229588263,41.30781317786026,71775804
2008-09-18,40.72962935043217,41.30781317786026,41.316352262881566,40.521025304503326,40.72962935043217,56680859
2008-09-19,40.47701425672857,40.72962935043217,40.74583209530344,40.33951942008636,40.47701425672857,39079783
2008-09-22,40.16889157979772,40.47701425672857,40.61993867139519,39.92752292676828,40.16889157979772,55716609
2008-09-23,39.45896717850504,40.16889157979772,40.32705265024049,39.40962867425741,39.45896717850504,60050273
2008-09-24,39.51623125018771,39.45896717850504,39.57981949142397,39.31603585948568,39.51623125018771,37833030
2008-09-25,39.061376972279525,39.51623125018771,39.714343563639154,39.01959585764404,39.061376972279525,53226672
2008-09-26,38.77828930795993,39.061376972279525,39.15961968058123,38.69758821812983,38.77828930795993,62267817
2008-09-29,38.82999665170312,38.77828930795993,38.971259068901404,38.67600025768214,38.82999665170312,69817990
2008-09-30,37.9891333847685,38.82999665170312,38.92108512980339,37.8921340452801,37.9891333847685,56758531
2008-10-01,38.06102697617104,37.9891333847685,38.06849571816721,37.84983949710488,38.06102697617104,83063338
2008-10-02,37.532059371393935,38.06102697617104,38.0625688182412,37.50115014556331,37.532059371393935,37578831
2008-10-03,37.209946752055764,37.532059371393935,37.65667327600516,37.18952705347483,37.209946752055764,32037050
2008-10-06,37.08563549890438,37.209946752055764,37.243401489132566,36.947268275526596,37.08563549890438,66301872
2008-10-07,36.679500080983225,37.08563549890438,37.17057628676813,36.60941077875625,36.679500080983225,44896645
2008-10-08,36.39837908796956,36.679500080983225,36.72169489572842,36.347659300121165,36.39837908796956,75719699
2008-10-09,36.14655348928756,36.39837908796956,36.50660142053314,36.10754177743524,36.14655348928756,59218590
2008-10-10,35.59094428069757,36.14655348928756,36.29075593874248,35.55983793710604,35.59094428069757,47509747
2008-10-13,35.2194419768098,35.59094428069757,35.769850751958764,35.169741067159286,35.2194419768098,91865621
2008-10-14,34.81524300740774,35.2194419768098,35.30465751213685,34.6909148411218,34.81524300740774,62265169
2008-10-15,34.53962104981848,34.81524300740774,34.990419437387594,34.510318338880566,34.53962104981848,68061102
2008-10-16,34.8670043344998,34.53962104981848,34.91252028833371,34.47178297245595,34.8670043344998,80018802
2008-10-17,34.2497626231285,34.8670043344998,35.00454197477319,34.19168870331943,34.2497626231285,51057765
2008-10-20,33.48775638593795,34.2497626231285,34.272272070171674,33.3994183007181,33.48775638593795,48681131
2008-10-21,33.172298571498196,33.48775638593795,33.535515844723086,33.168386642066224,33.172298571498196,90636832
2008-10-22,33.15036787008467,33.172298571498196,33.25548178455741,33.05963609085898,33.15036787008467,77831607
2008-10-23,32.83788575483963,33.15036787008467,33.25935343163287,32.79232327177616,32.83788575483963,69774506
2008-10-24,32.51485222664494,32.83788575483963,33.11060836340441,32.48140873731909,32.51485222664494,76130398
2008-10-27,32.06252347520716,32.51485222664494,32.5393897452304,31.887609804745097,32.06252347520716,97183357
2008-10-28,31.761099151942815,32.06252347520716,32.247739121288454,31.714980166211344,31.761099151942815,78124370
2008-10-29,31.51019387756734,31.761099151942815,31.903424743222814,31.43411685244,31.51019387756734,75231860
2008-10-30,31.14957880862631,31.51019387756734,31.567958765646264,31.118922347834207,31.14957880862631,47117669
2008-10-31,30.471867790847035,31.14957880862631,31.22120412811796,30.46176922287389,30.471867790847035,46777659
2008-11-03,30.4563447718386,30.471867790847035,30.557169435357718,30.317884434253514,30.4563447718386,59923157
2008-11-04,30.0405352604596,30.4563447718386,30.517879330861348,29.971655985735193,30.0405352604596,93849352
2008-11-05,29.872699007523494,30.0405352604596,30.0627879366298,29.761456128864946,29.872699007523494,88461022
2008-11-06,29.964823923798114,29.872699007523494,30.13795868243066,29.82139488529655,29.964823923798114,98201609
2008-11-07,29.25537962903568,29.964823923798114,30.12548691634498,29.14512593204649,29.25537962903568,74134691
2008-11-10,28.834037739281143,29.25537962903568,29.293469296218202,28.821764988774568,28.834037739281143,69154897
2008-11-11,28.688515502390086,28.834037739281143,28.96340785495575,28.58963994964598,28.688515502390086,76816939
2008-11-12,28.302624972766704,28.688515502390086,28.798544705721273,28.233089461004838,28.302624972766704,43293354
2008-11-13,27.970697497464872,28.302624972766704,28.387618565961674,27.91166588391933,27.970697497464872,55430890
2008-11-14,27.67336916545377,27.970697497464872,28.05739462092552,27.590813117011596,27.67336916545377,71852291
2008-11-17,27.54762272825672,27.67336916545377,27.72745199597116,27.54614711492993,27.54762272825672,47266059
2008-11-18,26.79246961666144,27.54762272825672,27.701892218792395,26.59351030725159,26.79246961666144,56936215
2008-11-19,26.68545993877626,26.79246961666144,26.826597717048756,26.619481284140928,26.68545993877626,82220027
2008-11-20,26.178180881407428,26.68545993877626,26.71729335764768,26.15905920696128,26.178180881407428,71832922
2008-11-21,26.75983554452624,26.178180881407428,26.796983814328662,26.11411977998782,26.75983554452624,58387046
2008-11-24,26.94707779005242,26.75983554452624,26.971899956637063,26.681572313525,26.94707779005242,51108167
2008-11-25,27.399844356017933,26.94707779005242,27.493844950943544,26.919961916806137,27.399844356017933,97051273
2008-11-26,27.801776411225024,27.399844356017933,27.810658576712523,27.359667111151666,27.801776411225024,67278528
2008-11-27,28.36630098838751,27.801776411225024,28.438064749550232,27.662177262371227,28.36630098838751,35324273
2008-11-28,28.745690303658332,28.36630098838751,28.806231342462087,28.241519462554333,28.745690303658332,84775111
2008-12-01,28.819370980415275,28.745690303658332,28.83646163690873,28.691096498910447,28.819370980415275,89761993
2008-12-02,28.957951712567226,28.819370980415275,29.17701324280397,28.717437196136473,28.957951712567226,44283760
2008-12-03,28.797465710988742,28.957951712567226,28.995164381546015,28.73939111119092,28.797465710988742,96503098
2008-12-04,28.668460666635085,28.797465710988742,28.831316732313848,28.560465641365024,28.668460666635085,87180760
2008-12-05,28.768749544738892,28.668460666635085,28.7704861239513,28.62003394303047,28.768749544738892,81735646
2008-12-08,28.705655599159478,28.768749544738892,28.845708876795957,28.609020156717467,28.705655599159478,96829242
2008-12-09,29.048233815790585,28.705655599159478,29.106829353951845,28.664784148877537,29.048233815790585,45478076
2008-12-10,28.712021494982917,29.048233815790585,29.077557989424484,28.707566719921623,28.712021494982917,81592869
2008-12-11,28.403000697392145,28.712021494982917,28.846993208423083,28.343113014764278,28.403000697392145,60608098
2008-12-12,28.469378510904598,28.403000697392145,28.504147341543987,28.39497027353207,28.469378510904598,97717767
2008-12-15,28.645547119598685,28.469378510904598,28.813386510206612,28.45318103267114,28.645547119598685,68678080
2008-12-16,28.747080984440746,28.645547119598685,28.832878632837556,28.556814194606375,28.747080984440746,63949700
2008-12-17,28.174790369662208,28.747080984440746,28.812607264701953,28.0999241250498,28.174790369662208,58511602
2008-12-18,28.083520718406543,28.174790369662208,28.234803978450284,28.06137825167986,28.083520718406543,49258220
2008-12-19,28.56474157231511,28.083520718406543,28.57588166948976,28.07974434434369,28.56474157231511,97446314
2008-12-22,28.30503300255364,28.56474157231511,28.655837641563302,28.248761604200485,28.30503300255364,88143931
2008-12-23,28.077570724805433,28.30503300255364,28.340803265421897,28.001048309742156,28.077570724805433,64799605
2008-12-24,28.22524904387173,28.077570724805433,28.29695584895523,27.966672480383632,28.22524904387173,40444554
2008-12-25,27.72967744266813,28.22524904387173,28.27049529339863,27.673610933874578,27.72967744266813,46918689
2008-12-26,28.050473414800255,27.72967744266813,28.199288084449808,27.603400724672564,28.050473414800255,89743361
2008-12-29,28.04589496419803,28.050473414800255,28.134218187204652,27.937779745863995,28.04589496419803,61988121
2008-12-30,28.07916675200041,28.04589496419803,28.15812823979857,28.032775703341482,28.07916675200041,73325055
2008-12-31,27.75856151465519,28.07916675200041,28.149097470815956,27.629689804425723,27.75856151465519,49144267
2009-01-01,27.861931937225417,27.75856151465519,27.893096253291528,27.718554192015603,27.861931937225417,40695752
2009-01-02,27.671365976977718,27.861931937225417,27.880336636282482,27.63989337057418,27.671365976977718,34097129
2009-01-05,27.785434496099814,27.671365976977718,27.871490660088142,27.627144276727513,27.785434496099814,90772401
2009-01-06,27.57599453435272,27.785434496099814,27.945771470136325,27.574337513620407,27.57599453435272,68789561
2009-01-07,27.593580058986095,27.57599453435272,27.67247345396203,27.514769343449675,27.593580058986095,85982115
2009-01-08,27.46257747551895,27.593580058986095,27.682828077253564,27.445919472267796,27.46257747551895,35577929
2009-01-09,27.639694017311207,27.46257747551895,27.64684305993517,27.385375418402006,27.639694017311207,69259959
2009-01-12,27.618037028540293,27.639694017311207,27.650446387752293,27.593264975209223,27.618037028540293,66311741
2009-01-13,27.417798326773344,27.618037028540293,27.745344913047674,27.30142292219515,27.417798326773344,38303345
2009-01-14,27.405238605309524,27.417798326773344,27.441223222560428,27.266699833962058,27.405238605309524,39897764
2009-01-15,27.151905124048866,27.405238605309524,27.487229457687043,26.987370592551475,27.151905124048866,55033896
2009-01-16,27.259094137547073,27.151905124048866,27.297026892227134,27.063034665214698,27.259094137547073,55110015
2009-01-19,27.24315962092806,27.259094137547073,27.348900835595018,27.222715178457776,27.24315962092806,58304533
2009-01-20,27.556427860380076,27.24315962092806,27.593538795152806,27.16764299808533,27.556427860380076,72754286
2009-01-21,26.999050476251156,27.556427860380076,27.590000712650085,26.95446249527451,26.999050476251156,78031791
2009-01-22,27.298396015850955,26.999050476251156,27.306319778091027,26.855826169006125,27.298396015850955,67165812
2009-01-23,27.18482514911125,27.298396015850955,27.43063625947306,27.13715747254826,27.18482514911125,67000659
2009-01-26,27.037885914606168,27.18482514911125,27.30271362340022,26.961559807089763,27.037885914606168,99948708
2009-01-27,27.186974110245295,27.037885914606168,27.21649217197073,26.92527643747037,27.186974110245295,46268712
2009-01-28,26.950048186065622,27.186974110245295,27.252013898575218,26.843455243706913,26.950048186065622,39146884
2009-01-29,26.90224462201842,26.950048186065622,27.0369240749378,26.85374683330458,26.90224462201842,52420659
2009-01-30,26.79288183249565,26.90224462201842,26.920425405521165,26.781672832164936,26.79288183249565,93960171
2009-02-02,26.91365233802349,26.79288183249565,26.962642894711067,26.729988273509555,26.91365233802349,80676925
2009-02-03,26.846378642713756,26.91365233802349,27.027552986026674,26.792491899845718,26.846378642713756,70688819
2009-02-04,26.56662850144113,26.846378642713756,26.87132248388426,26.53308014453888,26.56662850144113,47051386
2009-02-05,26.424540123118366,26.56662850144113,26.612415026086563,26.41895342777673,26.424540123118366,64634049
2009-02-06,26.52305432038573,26.424540123118366,26.5924149654729,26.38399661861902,26.52305432038573,41893003
2009-02-09,26.39399489021731,26.52305432038573,26.56359588818497,26.377340719730462,26.39399489021731,82104618
2009-02-10,26.441598875007116,26.39399489021731,26.45645881373539,26.31740574038188,26.441598875007116,48342183
2009-02-11,26.563341833778306,26.441598875007116,26.67422715464906,26.41062378781027,26.563341833778306,63455616
2009-02-12,26.289750506942315,26.563341833778306,26.580255588241965,26.204956538175615,26.289750506942315,68943289
2009-02-13,26.294368725357526,26.289750506942315,26.296954011688612,26.225344848498178,26.294368725357526,57475530
2009-02-16,26.257615483943603,26.294368725357526,26.29604283397662,26.15668622690301,26.257615483943603,98211540
2009-02-17,26.311144445568893,26.257615483943603,26.38491515046875,26.24867307253256,26.311144445568893,83579545
2009-02-18,25.85621921958151,26.311144445568893,26.31726852673782,25.83751904699197,25.85621921958151,84465876
2009-02-19,26.02082561153313,25.85621921958151,26.12986017052479,25.724396752959912,26.02082561153313,42965192
2009-02-20,26.0775197009194,26.02082561153313,26.112330710950918,25.87974623935861,26.0775197009194,71537892
2009-02-23,26.156010264335492,26.0775197009194,26.1584477502347,26.066245109050566,26.156010264335492,70866625
2009-02-24,25.88617565743607,26.156010264335492,26.1687038243353,25.824846223934436,25.88617565743607,61666610
2009-02-25,25.656986424567574,25.88617565743607,25.911870303485813,25.60530962778262,25.656986424567574,98247670
2009-02-26,25.930097704391127,25.656986424567574,25.988422270187776,25.528437694962534,25.930097704391127,74899374
2009-02-27,25.718038251841495,25.930097704391127,25.977490571621967,25.661334917345915,25.718038251841495,96813095
2009-03-02,25.596830417642114,25.718038251841495,25.74364299147383,25.52707844669816,25.596830417642114,58455934
2009-03-03,25.61977161742185,25.596830417642114,25.64473410822178,25.594461533344578,25.61977161742185,84947111
2009-03-04,25.626334622880634,25.61977161742185,25.66323191209709,25.429396541266254,25.626334622880634,74622353
2009-03-05,25.52259268293911,25.626334622880634,25.703766770223197,25.427452318161293,25.52259268293911,58746030
2009-03-06,25.268238936205595,25.52259268293911,25.535473721677498,25.22819358308763,25.268238936205595,65441395
2009-03-09,25.61437594010311,25.268238936205595,25.780457290896774,25.24377337678488,25.61437594010311,91247932
2009-03-10,25.821889177170718,25.61437594010311,25.85926897310847,25.560055818064356,25.821889177170718,94227449
2009-03-11,25.900767297048738,25.821889177170718,25.95207747242609,25.723718978213572,25.900767297048738,61829488
2009-03-12,25.82724307355358,25.900767297048738,25.95885335179215,25.79731675603107,25.82724307355358,92662839
2009-03-13,26.107005106230854,25.82724307355358,26.13794557679123,25.74054781589549,26.107005106230854,97882563
2009-03-16,26.29080938543546,26.107005106230854,26.315184659727826,25.933038201162148,26.29080938543546,80425636
2009-03-17,26.529190558019565,26.29080938543546,26.642519586762123,26.285582135975698,26.529190558019565,99763252
2009-03-18,26.6972504658532,26.529190558019565,26.810481753057562,26.466723173347464,26.6972504658532,31036070
2009-03-19,26.668409739930144,26.6972504658532,26.69958695842725,26.621171390769323,26.668409739930144,87763209
2009-03-20,26.936038651782177,26.668409739930144,26.947296808657025,26.66686889449649,26.936038651782177,86131035
2009-03-23,27.145256721458313,26.936038651782177,27.23572462611395,26.921761870404186,27.145256721458313,94125068
2009-03-24,27.43996179879574,27.145256721458313,27.563507648694788,27.080357630580647,27.43996179879574,67601809
2009-03-25,27.496517395955987,27.43996179879574,27.523167769292176,27.34079301382444,27.496517395955987,30775819
2009-03-26,27.667058769381285,27.496517395955987,27.77791268823324,27.487472016557057,27.667058769381285,97260999
2009-03-27,27.72828364018721,27.667058769381285,27.80940555186491,27.53976626917241,27.72828364018721,78150998
2009-03-30,28.07158274336274,27.72828364018721,28.10268019942802,27.601006871859518,28.07158274336274,57080433
2009-03-31,28.090768418566984,28.07158274336274,28.21766838669293,28.000265168593135,28.090768418566984,54534788
2009-04-01,28.07028914999512,28.090768418566984,28.094974468961208,28.026834108131624,28.07028914999512,41781657
2009-04-02,28.54892769326525,28.07028914999512,28.5994520492433,28.018766514606554,28.54892769326525,37719475
2009-04-03,28.607813628973165,28.54892769326525,28.63622452668037,28.47934984360204,28.607813628973165,89484218
2009-04-06,28.603163690304918,28.607813628973165,28.67727454633268,28.521716232876,28.603163690304918,94064503
2009-04-07,28.755893076073583,28.603163690304918,28.84437985288814,28.49918247712434,28.755893076073583,56271679
2009-04-08,29.026312072749985,28.755893076073583,29.20611834456468,28.697503862439152,29.026312072749985,40521368
2009-04-09,29.209156551210448,29.026312072749985,29.31622020416591,28.932170220805855,29.209156551210448,68283794
2009-04-10,29.328903316914975,29.209156551210448,29.364077808952175,29.13699128858563,29.328903316914975,47815462
2009-04-13,29.504186506692523,29.328903316914975,29.518095882225825,29.327388222483787,29.504186506692523,91844361
2009-04-14,29.86840202121852,29.504186506692523,29.868602568106382,29.386142744107634,29.86840202121852,67208602
2009-04-15,29.934525986788966,29.86840202121852,30.030385373205128,29.76612174851574,29.934525986788966,78613721
2009-04-16,29.961865126826,29.934525986788966,30.075036926014192,29.80565197818401,29.961865126826,53651034
2009-04-17,30.23329468779798,29.961865126826,30.324476653173104,29.830558566589637,30.23329468779798,94308096
2009-04-20,30.09383075959146,30.23329468779798,30.298885981358108,30.08086355356176,30.09383075959146,66330195
2009-04-21,30.46883482521899,30.09383075959146,30.50234502077746,29.98921319231235,30.46883482521899,66794931
2009-04-22,30.843188987117546,30.46883482521899,30.91681639794661,30.37262737188164,30.843188987117546,93339672
2009-04-23,30.691502699320345,30.843188987117546,31.004791008961057,30.499357147508626,30.691502699320345,76937098
2009-04-24,30.752444527522403,30.691502699320345,30.847206743280477,30.59172470076489,30.752444527522403,52027843
2009-04-27,30.94045703708295,30.752444527522403,31.015490078833796,30.74609504037517,30.94045703708295,65650786
2009-04-28,31.030017246174584,30.94045703708295,31.041156299596786,30.888509168670616,31.030017246174584,73248248
2009-04-29,31.235289205821477,31.030017246174584,31.377186195978574,31.01324841344012,31.235289205821477,70749388
2009-04-30,31.458280765463854,31.235289205821477,31.478855012520633,31.189118879952346,31.458280765463854,47416206
2009-05-01,31.45239332333758,31.458280765463854,31.461231056494622,31.42370258305964,31.45239332333758,97167561
2009-05-04,31.835819251486978,31.45239332333758,31.852053087661417,31.346540721321507,31.835819251486978,76336229
2009-05-05,32.135993419590285,31.835819251486978,32.20365476142814,31.83073503923105,32.135993419590285,35022943
2009-05-06,32.004078194041384,32.135993419590285,32.19739644109745,31.91781211465554,32.004078194041384,61358611
2009-05-07,32.55376099049829,32.004078194041384,32.600162334763375,31.97807937737176,32.55376099049829,94741917
2009-05-08,32.54958524903765,32.55376099049829,32.60581384095318,32.41846474921586,32.54958524903765,52529529
2009-05-11,32.79311345802993,32.54958524903765,32.85606668885798,32.52317074266966,32.79311345802993,87398990
2009-05-12,32.675503286047736,32.79311345802993,32.863477961364566,32.50190249798614,32.675503286047736,57466494
2009-05-13,33.08241409260809,32.675503286047736,33.12145310699364,32.535165006860886,33.08241409260809,90810396
2009-05-14,32.91928493948458,33.08241409260809,33.23993813149994,32.86207398992437,32.91928493948458,79343104
2009-05-15,33.40637407399327,32.91928493948458,33.427151111157706,32.80955273987555,33.40637407399327,65031609
2009-05-18,33.44537815635717,33.40637407399327,33.5079403247531,33.40110714201652,33.44537815635717,65480480
2009-05-19,33.66787704855495,33.44537815635717,33.850230705774905,33.32965770680207,33.66787704855495,97706789
2009-05-20,33.53504970985128,33.66787704855495,33.78887515271122,33.48573398062819,33.53504970985128,47896536
2009-05-21,33.73998962297754,33.53504970985128,33.78316715190943,33.443691149971514,33.73998962297754,99281977
2009-05-22,34.15167810415763,33.73998962297754,34.191574459415115,33.61767136489721,34.15167810415763,85253070
2009-05-25,34.046126310110814,34.15167810415763,34.29058718673012,33.967068584932285,34.046126310110814,42246656
2009-05-26,34.44626094785903,34.046126310110814,34.449871759987154,33.97707554787893,34.44626094785903,76319629
2009-05-27,34.2889978361598,34.44626094785903,34.54002297014621,34.21568843552725,34.2889978361598,74627574
2009-05-28,34.83042087804661,34.2889978361598,34.88879965358685,34.273377735256545,34.83042087804661,54873475
2009-05-29,34.62695083420637,34.83042087804661,34.872702067916094,34.55568217795977,34.62695083420637,54480499
2009-06-01,35.09665248909391,34.62695083420637,35.22556817302925,34.590366029020956,35.09665248909391,66804673
2009-06-02,35.20067888199426,35.09665248909391,35.29495756150579,35.08922748838663,35.20067888199426,41307253
2009-06-03,35.05924968466716,35.20067888199426,35.38379724401087,34.89466181865315,35.05924968466716,84871641
2009-06-04,35.375375594558584,35.05924968466716,35.41615023112681,34.978721066148594,35.375375594558584,49152301
2009-06-05,35.40968729110762,35.375375594558584,35.42113454070576,35.324573846624865,35.40968729110762,50684007
2009-06-08,35.35902348912947,35.40968729110762,35.43623326823096,35.06373502709643,35.35902348912947,69743923
2009-06-09,35.36620687205737,35.35902348912947,35.39720346122078,35.35649132674198,35.36620687205737,92143142
2009-06-10,35.286659422211066,35.36620687205737,35.395939519375304,35.20815670486144,35.286659422211066,34626117
2009-06-11,35.789732940267626,35.286659422211066,35.82110287327266,35.1078807416377,35.789732940267626,50464699
2009-06-12,35.53793986731061,35.789732940267626,35.80206376559926,35.4755233374634,35.53793986731061,65112861
2009-06-15,35.92620952671787,35.53793986731061,36.01984742013316,35.42091591575878,35.92620952671787,30960981
2009-06-16,35.9525793211052,35.92620952671787,35.95507130360196,35.871465240138306,35.9525793211052,56399826
2009-06-17,36.21346349174953,35.9525793211052,36.31970714870488,35.88134496194807,36.21346349174953,54719433
2009-06-18,36.12717540509229,36.21346349174953,36.27999735375298,36.04269675238261,36.12717540509229,93524265
2009-06-19,36.212977424203416,36.12717540509229,36.42797590201168,36.07195486761299,36.212977424203416,80122050
2009-06-22,36.49670376441606,36.212977424203416,36.718620196022606,36.09994216680973,36.49670376441606,80193587
2009-06-23,36.51561739530124,36.49670376441606,36.61012944505859,36.337146709395086,36.51561739530124,80637808
2009-06-24,36.60322486126704,36.51561739530124,36.694374632218796,36.32653974729265,36.60322486126704,39895435
2009-06-25,36.72232492667856,36.60322486126704,36.75337492109397,36.53959029346939,36.72232492667856,46572205
2009-06-26,36.44528584646561,36.72232492667856,36.792487681150455,36.416398297720875,36.44528584646561,51247024
2009-06-29,36.957499734270336,36.44528584646561,37.12852579873371,36.444905662761,36.957499734270336,85561205
2009-06-30,37.02211924107706,36.957499734270336,37.179819826127016,36.90141328862837,37.02211924107706,48337021
2009-07-01,36.81191362121335,37.02211924107706,37.034833679976565,36.704422378854964,36.81191362121335,63328376
2009-07-02,37.04564325760952,36.81191362121335,37.057704708827046,36.72842692984237,37.04564325760952,79519687
2009-07-03,37.17451059970923,37.04564325760952,37.26672256403386,37.00495085686671,37.17451059970923,74447428
2009-07-06,37.247661962906946,37.17451059970923,37.259284264572884,37.118001160400894,37.247661962906946,95412348
2009-07-07,37.42600747557258,37.247661962906946,37.62341569125656,37.22654463436814,37.42600747557258,99819363
2009-07-08,37.72260141550657,37.42600747557258,37.75101986946019,37.40796519819555,37.72260141550657,33441509
2009-07-09,37.74853166296767,37.72260141550657,37.858624751764395,37.721845616058694,37.74853166296767,76889301
2009-07-10,37.38942784269063,37.74853166296767,37.75754369606641,37.306920566287964,37.38942784269063,92219465
2009-07-13,37.844617748171366,37.38942784269063,38.00744539336232,37.33479217942504,37.844617748171366,74021502
2009-07-14,38.06947102769397,37.844617748171366,38.26812802451439,37.67338948648661,38.06947102769397,91111751
2009-07-15,37.982408705966996,38.06947102769397,38.160863196417,37.827688517963374,37.982408705966996,63572004
2009-07-16,38.20728628078533,37.982408705966996,38.27063697451707,37.94028051528917,38.20728628078533,41932699
2009-07-17,38.474155143976645,38.20728628078533,38.518203945894726,37.997685854078156,38.474155143976645,93180147
2009-07-20,38.377253640620424,38.474155143976645,38.559582272857114,38.27920837335784,38.377253640620424,96301790
2009-07-21,38.32043587216599,38.377253640620424,38.397234115012424,38.29649831719345,38.32043587216599,78329017
2009-07-22,38.56410333457444,38.32043587216599,38.61220851241889,38.258776831572156,38.56410333457444,88791476
2009-07-23,38.48240343336362,38.56410333457444,38.636500463541836,38.41844055483822,38.48240343336362,59635867
2009-07-24,38.55006131379674,38.48240343336362,38.57665210663693,38.46182615216518,38.55006131379674,30591145
2009-07-27,38.568476795373485,38.55006131379674,38.6584722050075,38.38806116414379,38.568476795373485,54918490
2009-07-28,39.030006404937495,38.568476795373485,39.11575137328721,38.515718775422826,39.030006404937495,54255060
2009-07-29,38.65933225438308,39.030006404937495,39.12149564219929,38.5661403431396,38.65933225438308,51004232
2009-07-30,39.207206084619195,38.65933225438308,39.21336625442937,38.340018211090936,39.207206084619195,72997084
2009-07-31,39.09747350412937,39.207206084619195,39.330174809924785,39.08825746085538,39.09747350412937,41399803
2009-08-03,38.81740833856144,39.09747350412937,39.12109853174876,38.75018967386506,38.81740833856144,68402492
2009-08-04,39.2538440205815,38.81740833856144,39.298739975263736,38.652966573793655,39.2538440205815,33420576
2009-08-05,38.860358431224775,39.2538440205815,39.258625872635214,38.80567367419622,38.860358431224775,51561508
2009-08-06,39.48674771422174,38.860358431224775,39.498145042176375,38.666494169205805,39.48674771422174,67099054
2009-08-07,39.62917748346237,39.48674771422174,39.65996108315044,39.38361115751342,39.62917748346237,36618482
2009-08-10,39.42832961785971,39.62917748346237,39.69299719887946,39.25917848924586,39.42832961785971,76304521
2009-08-11,39.66084854338029,39.42832961785971,39.80952495753112,39.40454869713111,39.66084854338029,62869654
2009-08-12,40.11543945388585,39.66084854338029,40.28797198058662,39.50723586219188,40.11543945388585,93736289
2009-08-13,39.717492247060584,40.11543945388585,40.33924305420926,39.490892152687344,39.717492247060584,32912337
2009-08-14,39.69779071331007,39.717492247060584,39.79908930603833,39.56290469177162,39.69779071331007,44528630
2009-08-17,40.29633268049252,39.69779071331007,40.307728774003586,39.545854745094864,40.29633268049252,38787580
2009-08-18,40.48431861410186,40.29633268049252,40.53440046540656,40.12601169914981,40.48431861410186,87581481
2009-08-19,40.18256067588943,40.48431861410186,40.67574942651349,40.056325029208615,40.18256067588943,46237870
2009-08-20,40.47639914758451,40.18256067588943,40.70204999161438,40.08571152779235,40.47639914758451,60564379
2009-08-21,40.63437059386169,40.47639914758451,40.69626008794563,40.415242955050665,40.63437059386169,91496076
2009-08-24,40.30436114387292,40.63437059386169,40.89363821426571,40.300369092390525,40.30436114387292,68900209
2009-08-25,40.44706981701179,40.30436114387292,40.45090686557129,40.2841522045841,40.44706981701179,64372120
2009-08-26,40.886454957900085,40.44706981701179,40.919779493821466,40.4293254513908,40.886454957900085,71378383
2009-08-27,41.070402907664274,40.886454957900085,41.26640677388858,40.813927752420916,41.070402907664274,31602595
2009-08-28,40.93306068464468,41.070402907664274,41.08526646236797,40.851000361615604,40.93306068464468,80431689
2009-08-31,40.729128882238214,40.93306068464468,41.06126611658395,40.595435496038895,40.729128882238214,69995405
2009-09-01,41.40734752789839,40.729128882238214,41.47987296270327,40.50674358486012,41.40734752789839,81848858
2009-09-02,40.95252605182615,41.40734752789839,41.46141494796124,40.94990152248433,40.95252605182615,67731214
2009-09-03,41.05416743930221,40.95252605182615,41.227698570544824,40.88850632393519,41.05416743930221,73839060
2009-09-04,41.25511064484066,41.05416743930221,41.28914639557151,40.97860279436932,41.25511064484066,74505227
2009-09-07,41.56666954522587,41.25511064484066,41.75273467964921,41.113491567688,41.56666954522587,73185578
2009-09-08,41.48407119208021,41.56666954522587,41.728181878372766,41.39960496047558,41.48407119208021,43097656
2009-09-09,41.45504410234409,41.48407119208021,41.50424017941551,41.33075595872082,41.45504410234409,90542439
2009-09-10,41.52674123166216,41.45504410234409,41.67563670094344,41.43960686058683,41.52674123166216,92946795
2009-09-11,41.501335312410106,41.52674123166216,41.586566453287936,41.35091051140138,41.501335312410106,43450739
2009-09-14,41.66981037143957,41.501335312410106,41.70341925530219,41.315848862714574,41.66981037143957,48292143
2009-09-15,41.08904153767976,41.66981037143957,41.69598095299941,41.083036372690195,41.08904153767976,75623484
2009-09-16,41.6151146456446,41.08904153767976,41.62073819405001,40.948283234962126,41.6151146456446,61919915
2009-09-17,41.788823569956094,41.6151146456446,41.84306456616968,41.474220959900144,41.788823569956094,88364861
2009-09-18,41.55943805652352,41.788823569956094,41.83802439590058,41.545613662348565,41.55943805652352,45907713
2009-09-21,41.942398903674246,41.55943805652352,42.058935430815076,41.308970616831246,41.942398903674246,48165596
2009-09-22,41.88021660944714,41.942398903674246,42.09457876072044,41.86704691055513,41.88021660944714,63770438
2009-09-23,42.35313024466946,41.88021660944714,42.51104307252341,41.86280688319832,42.35313024466946,95649020
2009-09-24,42.376850993000936,42.35313024466946,42.46929626153742,42.026913402229404,42.376850993000936,92085448
2009-09-25,42.009622319794126,42.376850993000936,42.38522782963922,41.95324167419173,42.009622319794126,60685255
2009-09-28,42.137427217891975,42.009622319794126,42.34792166574757,41.90224383031225,42.137427217891975,93738425
2009-09-29,42.21515491787731,42.137427217891975,42.24906620644121,41.93972329688141,42.21515491787731,57718666
2009-09-30,42.19679908461825,42.21515491787731,42.38266928190393,42.0916993525284,42.19679908461825,97448275
2009-10-01,42.395146444694575,42.19679908461825,42.41747691182155,42.13828237862152,42.395146444694575,35102998
2009-10-02,42.25457048739053,42.395146444694575,42.52547981905097,42.1218642158013,42.25457048739053,46198572
2009-10-05,42.236797773864424,42.25457048739053,42.48883492103067,42.235377584364564,42.236797773864424,67771290
2009-10-06,42.670907425698786,42.236797773864424,42.797731018164576,41.94748240902764,42.670907425698786,62047415
2009-10-07,42.73408980143925,42.670907425698786,42.74960497226032,42.639251159661384,42.73408980143925,41953913
2009-10-08,42.48997172295868,42.73408980143925,42.827314807157094,42.39291222590265,42.48997172295868,81483962
2009-10-09,42.91433861778675,42.48997172295868,42.96631261538999,42.36920380690162,42.91433861778675,35501223
2009-10-12,42.649506333476246,42.91433861778675,43.021085765152215,42.61698763765362,42.649506333476246,58557713
2009-10-13,42.900389629841214,42.649506333476246,43.20812423609994,42.501662326175015,42.900389629841214,45925369
2009-10-14,43.08368765009047,42.900389629841214,43.215498056468604,42.56960863612038,43.08368765009047,48619158
2009-10-15,42.96200923898327,43.08368765009047,43.21025801294397,42.82964271990018,42.96200923898327,85335633
2009-10-16,43.12860848701991,42.96200923898327,43.16091037491329,42.96152610535179,43.12860848701991,84764529
2009-10-19,42.98103696672853,43.12860848701991,43.15546151816218,42.775027782445946,42.98103696672853,98112096
2009-10-20,43.11145471026801,42.98103696672853,43.2856403774982,42.87049117626038,43.11145471026801,52143428
2009-10-21,43.17090314297362,43.11145471026801,43.410225404251285,43.06564321597409,43.17090314297362,51942758
2009-10-22,43.11537500855248,43.17090314297362,43.32509186278694,43.1046159124909,43.11537500855248,88165915
2009-10-23,43.3001559371156,43.11537500855248,43.32622504086538,43.042142156979224,43.3001559371156,38472025
2009-10-26,43.063949829146566,43.3001559371156,43.35272611824345,42.93903637229716,43.063949829146566,64854804
2009-10-27,43.354806974178736,43.063949829146566,43.488721869226104,43.022263413585726,43.354806974178736,68441930
2009-10-28,43.46108363301978,43.354806974178736,43.719564575124124,43.21100864196073,43.46108363301978,41370985
2009-10-29,43.52878790470619,43.46108363301978,43.65333598836764,43.42240299869205,43.52878790470619,73280759
2009-10-30,43.593451672774194,43.52878790470619,43.87748079664606,43.398574554830454,43.593451672774194,79515197
2009-11-02,43.69419445447672,43.593451672774194,43.815098649458854,43.584975895584996,43.69419445447672,68382816
2009-11-03,43.87415470145807,43.69419445447672,43.982004415142995,43.66729828893188,43.87415470145807,82687322
2009-11-04,44.02242301109258,43.87415470145807,44.17944321759526,43.71600565209386,44.02242301109258,84472299
2009-11-05,43.749709215984765,44.02242301109258,44.08076513365815,43.57426560853276,43.749709215984765,52946895
2009-11-06,43.689419627396404,43.749709215984765,43.772757028708476,43.630781484469885,43.689419627396404,35633709
2009-11-09,43.78605468742866,43.689419627396404,43.80601470803514,43.636159142402434,43.78605468742866,38775231
2009-11-10,43.969551048521275,43.78605468742866,44.07629926420344,43.76427013053447,43.969551048521275,41902248
2009-11-11,44.060795210706495,43.969551048521275,44.223687345626466,43.92210447344234,44.060795210706495,39100897
2009-11-12,44.029830869370365,44.060795210706495,44.26246090763527,43.82897546779703,44.029830869370365,93811433
2009-11-13,43.974697873611774,44.029830869370365,44.10868460163706,43.80824117616069,43.974697873611774,57386081
2009-11-16,44.22199353046514,43.974697873611774,44.330798684605234,43.81146110956496,44.22199353046514,61306435
2009-11-17,44.42487813838684,44.22199353046514,44.48721584047992,44.151309996399384,44.42487813838684,68430386
2009-11-18,44.57838770206146,44.42487813838684,44.68513592187556,44.311594130321865,44.57838770206146,91008067
2009-11-19,44.38364423902751,44.57838770206146,44.71460197107805,44.303495867621,44.38364423902751,94592408
2009-11-20,44.47719579301927,44.38364423902751,44.64925583424794,44.37812407267475,44.47719579301927,88044915
2009-11-23,44.423972938925694,44.47719579301927,44.5174360654943,44.27236277676375,44.423972938925694,63041007
2009-11-24,44.68528224692779,44.423972938925694,44.729338900083356,44.33300951730552,44.68528224692779,88365064
2009-11-25,44.563993931010685,44.68528224692779,44.762206161363736,44.49490625077905,44.563993931010685,87776535
2009-11-26,44.94380933230551,44.563993931010685,45.04940332774963,44.52696200993794,44.94380933230551,38193468
2009-11-27,44.47620211100217,44.94380933230551,45.020511827225945,44.24887617117922,44.47620211100217,99857956
2009-11-30,44.85765551744357,44.47620211100217,45.04721762142003,44.384552638556706,44.85765551744357,83879724
2009-12-01,45.06774915131814,44.85765551744357,45.084750459094884,44.719578910392805,45.06774915131814,91901070
2009-12-02,45.0259640096713,45.06774915131814,45.15850705371957,45.01129637727852,45.0259640096713,97604920
2009-12-03,45.574749030755,45.0259640096713,45.676748594039374,44.8865988830593,45.574749030755,55793763
2009-12-04,45.032470436291334,45.574749030755,45.66054896515046,44.83700029301506,45.032470436291334,95820467
2009-12-07,44.71285819404804,45.032470436291334,45.30989115317234,44.51786978108574,44.71285819404804,36309623
2009-12-08,44.90163418449999,44.71285819404804,44.95022975327759,44.68978215235042,44.90163418449999,45738707
2009-12-09,44.50885668866242,44.90163418449999,44.9113717792552,44.41080545742267,44.50885668866242,98868582
2009-12-10,44.87421614858093,44.50885668866242,44.94904292048816,44.29518890174473,44.87421614858093,39237027
2009-12-11,44.68999811397914,44.87421614858093,44.904711876858826,44.59527487788417,44.68999811397914,30036738
2009-12-14,45.06686754181027,44.68999811397914,45.12506162607481,44.6670491928016,45.06686754181027,48688018
2009-12-15,44.722930007658,45.06686754181027,45.33841430325191,44.70002665958654,44.722930007658,74941736
2009-12-16,44.80459570164405,44.722930007658,45.00250038701104,44.602069186328016,44.80459570164405,38158119
2009-12-17,44.67297076984531,44.80459570164405,44.90324876498846,44.630205866412695,44.67297076984531,33508281
2009-12-18,45.18950270281515,44.67297076984531,45.26740061948541,44.60775968045863,45.18950270281515,97914150
2009-12-21,44.71268171598698,45.18950270281515,45.23502370907693,44.69918835347619,44.71268171598698,43031174
2009-12-22,45.17944161511727,44.71268171598698,45.222421201848064,44.62286927580266,45.17944161511727,65569187
2009-12-23,44.93602826738477,45.17944161511727,45.288337750761784,44.729208270334595,44.93602826738477,85135051
2009-12-24,44.84629615716087,44.93602826738477,45.01303390915934,44.47920683423394,44.84629615716087,51178003
2009-12-25,44.805531327634775,44.84629615716087,45.03339180081996,44.62226717248584,44.805531327634775,80788252
2009-12-28,44.795721149893566,44.805531327634775,44.86870896310499,44.77133538866816,44.795721149893566,35058525
2009-12-29,44.261547012077,44.795721149893566,44.809614363116275,44.0262489329735,44.261547012077,55415635
2009-12-30,44.61462481718355,44.261547012077,44.74665383549892,43.996369785073355,44.61462481718355,52048833
2009-12-31,44.85026873771909,44.61462481718355,44.9198079939071,44.601531340490034,44.85026873771909,31815342
2010-01-01,44.63523849027371,44.85026873771909,45.140407319145716,44.61188967367867,44.63523849027371,63693405
2010-01-04,44.31719571187868,44.63523849027371,44.686215676248885,44.1494774188815,44.31719571187868,35325974
2010-01-05,44.60369439179426,44.31719571187868,44.65400516180348,44.264075325230614,44.60369439179426,68226821
2010-01-06,44.98001553012497,44.60369439179426,45.0557289236009,44.5836480572476,44.98001553012497,43532227
2010-01-07,44.86257632243228,44.98001553012497,45.046057109729645,44.73477178215678,44.86257632243228,57099370
2010-01-08,44.55541341422051,44.86257632243228,45.232059954695984,44.355046106981355,44.55541341422051,72308258
2010-01-11,44.765799777412326,44.55541341422051,44.820194976370274,44.43125736041627,44.765799777412326,45597514
2010-01-12,44.45684324431035,44.765799777412326,44.879355235696465,44.29061962164128,44.45684324431035,43690977
2010-01-13,44.143768894440264,44.45684324431035,44.671604889473016,44.138741308306756,44.143768894440264,48576286
2010-01-14,44.30196306894932,44.143768894440264,44.402066448960184,44.12469186918856,44.30196306894932,70300023
2010-01-15,44.83999033219428,44.30196306894932,44.985543333255904,44.25602366236055,44.83999033219428,66478943
2010-01-18,44.415991230802426,44.83999033219428,44.88554808350016,44.31314371757517,44.415991230802426,72961322
2010-01-19,44.407432330738935,44.415991230802426,44.611391707964955,44.296626931563644,44.407432330738935,60309962
2010-01-20,44.37952057315091,44.407432330738935,44.59517129630947,44.35415958131701,44.37952057315091,81582992
2010-01-21,44.85378049774514,44.37952057315091,45.06000897216278,44.34212604573418,44.85378049774514,82848867
2010-01-22,44.77647256835772,44.85378049774514,44.89001869988508,44.575118350903495,44.77647256835772,54319213
2010-01-25,44.89256921182548,44.77647256835772,45.047379534966346,44.65116486313405,44.89256921182548,82354428
2010-01-26,44.349319582153534,44.89256921182548,45.104597945404514,44.33969217998212,44.349319582153534,63017755
2010-01-27,44.43481392504204,44.349319582153534,44.48916077782857,44.13255664513265,44.43481392504204,93892787
2010-01-28,44.01750150230922,44.43481392504204,44.51226374438824,43.97207542672099,44.01750150230922,93973173
2010-01-29,44.665886539697915,44.01750150230922,44.9418092252928,43.92531783241197,44.665886539697915,50583724
2010-02-01,44.0642790086767,44.665886539697915,44.77288385018019,43.70015097996916,44.0642790086767,38077429
2010-02-02,44.355716432587414,44.0642790086767,44.47236387807567,44.030983671743364,44.355716432587414,52120213
2010-02-03,44.04929738638039,44.355716432587414,44.39720485001276,43.99423241864573,44.04929738638039,67839390
2010-02-04,44.14655702097277,44.04929738638039,44.31241736125236,44.02011195878694,44.14655702097277,79252678
2010-02-05,44.07624584506693,44.14655702097277,44.297068823413966,43.956264007219545,44.07624584506693,49995567
2010-02-08,44.111673134638174,44.07624584506693,44.12531924733886,44.056650962280614,44.111673134638174,54519257
2010-02-09,44.11154017141898,44.111673134638174,44.171415169126625,43.92733149442598,44.11154017141898,93309925
2010-02-10,44.09417503718349,44.11154017141898,44.24027898140963,44.03512431655417,44.09417503718349,48304229
2010-02-11,44.38416679450345,44.09417503718349,44.38916846969874,43.96644652864538,44.38416679450345,65258274
2010-02-12,43.94052569679419,44.38416679450345,44.46003161927786,43.83423384386427,43.94052569679419,80744530
2010-02-15,44.217936495150525,43.94052569679419,44.2609397907146,43.840505258851174,44.217936495150525,39338285
2010-02-16,44.422734059008995,44.217936495150525,44.71559106726247,44.21771683959432,44.422734059008995,44858423
2010-02-17,44.02520304847778,44.422734059008995,44.591813278816225,43.97870915478112,44.02520304847778,55219127
2010-02-18,43.964692970871994,44.02520304847778,44.05032689637655,43.96374949874779,43.964692970871994,49872722
2010-02-19,44.05685276150833,43.964692970871994,44.1070279431726,43.88006640183207,44.05685276150833,33452665
2010-02-22,44.35239172670475,44.05685276150833,44.4664428005503,43.71749360302799,44.35239172670475,34949273
2010-02-23,44.11970141251396,44.35239172670475,44.55525583152332,43.93177460585093,44.11970141251396,33570235
2010-02-24,43.9445078661726,44.11970141251396,44.49055991800418,43.8895226744959,43.9445078661726,38172671
2010-02-25,44.152718373257805,43.9445078661726,44.21024013516207,43.67510100436974,44.152718373257805,86394444
2010-02-26,43.78809537439755,44.152718373257805,44.34168969572483,43.71839606474697,43.78809537439755,78549447
2010-03-01,44.1653361199521,43.78809537439755,44.231466269833426,43.78095692860744,44.1653361199521,37067863
2010-03-02,44.08989360769439,44.1653361199521,44.18228596362738,43.98035577601555,44.08989360769439,64045017
2010-03-03,43.91692119853953,44.08989360769439,44.173980952437454,43.82580745566136,43.91692119853953,69005103
2010-03-04,43.78487090677214,43.91692119853953,43.98269745297249,43.749197332049235,43.78487090677214,86729913
2010-03-05,43.758980969618165,43.78487090677214,44.03092963619231,43.62648381333006,43.758980969618165,75975784
2010-03-08,44.055956793277225,43.758980969618165,44.11548099800243,43.63315866491415,44.055956793277225,97947070
2010-03-09,44.19297994881587,44.055956793277225,44.246919376961735,43.97995257614267,44.19297994881587,64939767
2010-03-10,43.76777874538306,44.19297994881587,44.32759958727985,43.67176173992593,43.76777874538306,51532605
2010-03-11,43.99290594347941,43.76777874538306,44.14756273602934,43.44984350566691,43.99290594347941,55146369
2010-03-12,43.419061457149766,43.99290594347941,44.128456061752495,43.40060247835077,43.419061457149766,45535924
2010-03-15,43.73332729614587,43.419061457149766,43.81832812881351,43.29730775539612,43.73332729614587,98241097
2010-03-16,43.83934477240907,43.73332729614587,43.887013468374896,43.599943725759026,43.83934477240907,86774780
2010-03-17,43.63140861115529,43.83934477240907,43.90640502280019,43.51743032042926,43.63140861115529,72640730
2010-03-18,43.61021768035379,43.63140861115529,43.65525369443926,43.44645720725568,43.61021768035379,84916689
2010-03-19,43.65375627713331,43.61021768035379,43.77055770379898,43.607391012453064,43.65375627713331,55660739
2010-03-22,43.84858311575514,43.65375627713331,44.0099916020117,43.54515354293208,43.84858311575514,87851879
2010-03-23,43.72823453404876,43.84858311575514,43.93802184642833,43.7079205238845,43.72823453404876,47830749
2010-03-24,43.26419002864798,43.72823453404876,43.75249879624672,43.22664043642015,43.26419002864798,70335943
2010-03-25,43.274680728158344,43.26419002864798,43.5864640266775,43.11598885793348,43.274680728158344,36941798
2010-03-26,43.59040685880999,43.274680728158344,43.703287231059065,43.17872303231269,43.59040685880999,68724790
2010-03-29,43.80771443007524,43.59040685880999,44.07583523810585,43.56164110208545,43.80771443007524,91415928
2010-03-30,43.09208355743541,43.80771443007524,44.07114204112841,42.88076788554663,43.09208355743541,92107319
2010-03-31,43.567789694608116,43.09208355743541,43.58050858985424,43.066640553350744,43.567789694608116,61925627
2010-04-01,43.54665450640027,43.567789694608116,43.606759234283295,43.38108965139987,43.54665450640027,91679335
2010-04-02,43.949131867444414,43.54665450640027,44.04037886147536,43.45920985040478,43.949131867444414,52821911
2010-04-05,43.546775241690945,43.949131867444414,43.958124193442266,43.424211120338704,43.546775241690945,66184764
2010-04-06,43.69890567474927,43.546775241690945,43.88332197413204,43.50011540515812,43.69890567474927,42348548
2010-04-07,43.630794056539074,43.69890567474927,43.70890035962915,43.51352141894161,43.630794056539074,59742073
2010-04-08,43.120315781746626,43.630794056539074,43.82672428140612,43.08525453403349,43.120315781746626,76256822
2010-04-09,43.73658175673085,43.120315781746626,43.81676207211684,43.02509768776833,43.73658175673085,91911065
2010-04-12,43.600752885149745,43.73658175673085,43.76816713133759,43.32301017634675,43.600752885149745,69055346
2010-04-13,43.649107711559935,43.600752885149745,43.871867502941285,43.56064632446406,43.649107711559935,76496393
2010-04-14,44.377486651654486,43.649107711559935,44.42728645762326,43.62966678987865,44.377486651654486,58803082
2010-04-15,43.054317585161385,44.377486651654486,44.412697748985096,42.9874424568722,43.054317585161385,70921098
2010-04-16,43.867362879144196,43.054317585161385,43.875746242740504,42.967392568767295,43.867362879144196,37252739
2010-04-19,43.41443640847497,43.867362879144196,43.895897771826526,43.31290595631577,43.41443640847497,85098113
2010-04-20,43.52397724268758,43.41443640847497,43.562203209670386,43.362148036281994,43.52397724268758,30091084
2010-04-21,43.43626718609764,43.52397724268758,43.589511325736645,43.23832556605753,43.43626718609764,57729062
2010-04-22,43.33864467929364,43.43626718609764,43.44002224291564,43.337192660106325,43.33864467929364,99906128
2010-04-23,43.291687036654636,43.33864467929364,43.37959604136956,43.23654402135913,43.291687036654636,51879500
2010-04-26,43.471503395619344,43.291687036654636,43.499540274456265,43.24992081648764,43.471503395619344,89891625
2010-04-27,43.055505398106604,43.471503395619344,43.61801461499649,42.85612002130496,43.055505398106604,76395750
2010-04-28,43.531990974864904,43.055505398106604,43.62040367767581,42.930545910370576,43.531990974864904,79518991
2010-04-29,43.26362801284872,43.531990974864904,43.55717795491114,43.145724125684524,43.26362801284872,32725314
2010-04-30,43.09358420553256,43.26362801284872,43.46070535055067,43.00169480461758,43.09358420553256,67312099
2010-05-03,43.22559721476029,43.09358420553256,43.280096289237406,43.07006216232849,43.22559721476029,42623203
2010-05-04,43.57991346503601,43.22559721476029,43.75052394819377,43.148172895314545,43.57991346503601,95514255
2010-05-05,43.176428235779724,43.57991346503601,43.65926498409121,43.06065990946533,43.176428235779724,30471464
2010-05-06,43.354486925232585,43.176428235779724,43.59405329510721,42.966570240204895,43.354486925232585,74463999
2010-05-07,43.103426996360625,43.354486925232585,43.52419825029033,42.97560040800362,43.103426996360625,38675227
2010-05-10,43.41003987077964,43.103426996360625,43.42764388885845,43.095174255818456,43.41003987077964,76190947
2010-05-11,43.37894436507696,43.41003987077964,43.41680594680849,43.208692429529506,43.37894436507696,41291542
2010-05-12,43.614826324056125,43.37894436507696,43.65163920199308,43.35868748717297,43.614826324056125,68532958
2010-05-13,43.16207818777217,43.614826324056125,43.65996546613657,43.12885494690958,43.16207818777217,94510943
2010-05-14,43.32899338745811,43.16207818777217,43.35850418342978,43.070268591972926,43.32899338745811,43439039
2010-05-17,43.190398270457415,43.32899338745811,43.40592956995244,43.01497288459949,43.190398270457415,90022450
2010-05-18,43.433455411394284,43.190398270457415,43.59949355338943,43.17806950492331,43.433455411394284,84665685
2010-05-19,42.98341492193424,43.433455411394284,43.44825598419895,42.71249210955803,42.98341492193424,64049239
2010-05-20,43.28371153015346,42.98341492193424,43.333390476206944,42.75655443008671,43.28371153015346,80198316
2010-05-21,43.06572755202163,43.28371153015346,43.40381419673662,43.011549763529864,43.06572755202163,31615847
2010-05-24,43.078477608916856,43.06572755202163,43.113212964360834,42.96256096705804,43.078477608916856,45317703
2010-05-25,43.096685150496576,43.078477608916856,43.12087623784711,42.831996948290374,43.096685150496576,39164480
2010-05-26,43.115847759199866,43.096685150496576,43.1660895287276,43.07059773019617,43.115847759199866,56502000
2010-05-27,43.021137779795744,43.115847759199866,43.248720267175926,42.833070097512575,43.021137779795744,43639949
2010-05-28,43.07696559794831,43.021137779795744,43.283887680200166,43.00030334426742,43.07696559794831,91257314
2010-05-31,43.35480139145723,43.07696559794831,43.43616855147441,43.07247233683621,43.35480139145723,53663323
2010-06-01,43.21187168240727,43.35480139145723,43.54790045063453,43.06686887885222,43.21187168240727,90906315
2010-06-02,43.27120261526918,43.21187168240727,43.404437281917225,43.0164349562261,43.27120261526918,66588975
2010-06-03,43.06961541909676,43.27120261526918,43.477533722747395,42.95223626735566,43.06961541909676,52769528
2010-06-04,43.059601582719786,43.06961541909676,43.10629923943578,43.04693166738348,43.059601582719786,78657815
2010-06-07,43.54287180416472,43.059601582719786,43.54379442160699,42.92669607879034,43.54287180416472,69139392
2010-06-08,43.610036418164476,43.54287180416472,43.66204775756755,43.48647274596768,43.610036418164476,76784144
2010-06-09,43.82415077027118,43.610036418164476,44.00617674955349,43.43573871332451,43.82415077027118,74825637
2010-06-10,43.456155367393734,43.82415077027118,43.954009860477115,43.29743184775453,43.456155367393734,76565403
2010-06-11,43.62163176117112,43.456155367393734,43.72313140644189,43.287744411159785,43.62163176117112,97814688
2010-06-14,43.397041098488714,43.62163176117112,43.72368108013291,43.3348339371935,43.397041098488714,49740526
2010-06-15,43.75366558923253,43.397041098488714,43.8838668253884,43.20475896139677,43.75366558923253,42090493
2010-06-16,44.142529264040995,43.75366558923253,44.39188821973623,43.67950948871834,44.142529264040995,89767109
2010-06-17,43.904986799188904,44.142529264040995,44.34429564687314,43.82212026829417,43.904986799188904,93746293
2010-06-18,44.23280195790382,43.904986799188904,44.235208343109065,43.70432668883358,44.23280195790382,64454432
2010-06-21,44.13349460021338,44.23280195790382,44.27172033410034,44.109619979582774,44.13349460021338,40533129
2010-06-22,44.331255062962924,44.13349460021338,44.39572174891382,44.044976586359326,44.331255062962924,53972600
2010-06-23,44.0890481189527,44.331255062962924,44.37139238092803,43.89750879025441,44.0890481189527,32620620
2010-06-24,44.446409122017904,44.0890481189527,44.783806658585085,44.06208103472916,44.446409122017904,86747080
2010-06-25,43.84575137991137,44.446409122017904,44.47679613972621,43.75158160506032,43.84575137991137,49143033
2010-06-28,44.55374628412281,43.84575137991137,44.58459344712283,43.45985124469905,44.55374628412281,44719187
2010-06-29,44.31514656887539,44.55374628412281,44.660272509625294,44.13760417437989,44.31514656887539,46814755
2010-06-30,45.033280604772166,44.31514656887539,45.05002039608388,44.268126508732394,45.033280604772166,57702423
2010-07-01,45.021651457919525,45.033280604772166,45.116361769943616,44.92484667088217,45.021651457919525,95607332
2010-07-02,45.03613837404016,45.021651457919525,45.19875189746395,44.96590754730591,45.03613837404016,95569576
2010-07-05,45.357609684028965,45.03613837404016,45.5602608071541,44.80338406986062,45.357609684028965,84529245
2010-07-06,44.885259587594156,45.357609684028965,45.39108296565265,44.813344924302946,44.885259587594156,44814595
2010-07-07,45.57796346444512,44.885259587594156,45.6390429870038,44.874138323006925,45.57796346444512,51827712
2010-07-08,45.47816396855207,45.57796346444512,45.65823412503495,45.47378231270784,45.47816396855207,78772955
2010-07-09,45.29750477246688,45.47816396855207,45.479057431352295,45.14970712465903,45.29750477246688,45322564
2010-07-12,45.693099660917284,45.29750477246688,45.767454758412185,45.193945996577234,45.693099660917284,56057311
2010-07-13,45.26729663303395,45.693099660917284,45.8039918642619,45.00638896084831,45.26729663303395,86174069
2010-07-14,45.41505161828373,45.26729663303395,45.62730868515915,45.246402937983966,45.41505161828373,58645469
2010-07-15,45.547999637649255,45.41505161828373,45.68363631107374,45.320877272659274,45.547999637649255,90171284
2010-07-16,45.64993319322321,45.547999637649255,45.834120784110915,45.52225360622508,45.64993319322321,68447209
2010-07-19,45.61271978015036,45.64993319322321,45.7971683401903,45.55584116934693,45.61271978015036,79504867
2010-07-20,46.21986694266334,45.61271978015036,46.3650326946313,45.47371184393736,46.21986694266334,60160410
2010-07-21,45.96333461145688,46.21986694266334,46.313873988201216,45.76104529426784,45.96333461145688,95278805
2010-07-22,46.18813473316318,45.96333461145688,46.366152270675364,45.96215735966709,46.18813473316318,70138613
2010-07-23,46.05911465197828,46.18813473316318,46.23400292280825,45.83671246082228,46.05911465197828,87219500
2010-07-26,45.85356880885782,46.05911465197828,46.12194449776023,45.82052550687279,45.85356880885782,44313401
2010-07-27,46.42137627242409,45.85356880885782,46.43059081365608,45.72549816041052,46.42137627242409,91548418
2010-07-28,45.998696211051374,46.42137627242409,46.45743001676149,45.93064792105911,45.998696211051374,88065541
2010-07-29,46.51075097286676,45.998696211051374,46.659464826348,45.86679118607241,46.51075097286676,68475516
2010-07-30,46.29179650278194,46.51075097286676,46.593752343745365,46.17934069215876,46.29179650278194,86384012
2010-08-02,47.158632339209724,46.29179650278194,47.24538704175964,46.17994603214091,47.158632339209724,38204461
2010-08-03,46.99178743364453,47.158632339209724,47.20455819883474,46.98892959630807,46.99178743364453,76053743
2010-08-04,46.88737490551968,46.99178743364453,47.02530175011651,46.67184933338945,46.88737490551968,74045416
2010-08-05,47.24319832318994,46.88737490551968,47.25780755777769,46.84943261867135,47.24319832318994,30177390
2010-08-06,46.831520887894406,47.24319832318994,47.24659700157238,46.795993092488885,46.831520887894406,98982221
2010-08-09,47.2425326230974,46.831520887894406,47.34891715947242,46.58078928878196,47.2425326230974,67023870
2010-08-10,47.245627019529884,47.2425326230974,47.28808421879619,47.18545634151391,47.245627019529884,86021074
2010-08-11,47.34486031999163,47.245627019529884,47.34517046540116,47.1570090861193,47.34486031999163,78104313
2010-08-12,47.667746315578725,47.34486031999163,47.86438795774945,47.179464481017874,47.667746315578725,36693437
2010-08-13,47.62416682865951,47.667746315578725,47.73389002788119,47.4863437868213,47.62416682865951,79013248
2010-08-16,47.6029726049012,47.62416682865951,47.67955562236504,47.57939732853802,47.6029726049012,33726414
2010-08-17,47.22430580812244,47.6029726049012,47.78540194387324,46.880690530283786,47.22430580812244,75125696
2010-08-18,47.47330804201522,47.22430580812244,47.638028313080845,47.213096332044124,47.47330804201522,30430035
2010-08-19,47.756940537240105,47.47330804201522,47.93883907250192,47.31430605948167,47.756940537240105,91393078
2010-08-20,47.892577792331636,47.756940537240105,48.07147820479864,47.61886501975918,47.892577792331636,56409794
2010-08-23,47.683208404641164,47.892577792331636,48.08763750399638,47.47176479177444,47.683208404641164,53969635
2010-08-24,48.61743058471049,47.683208404641164,48.63837228847786,47.63879446042878,48.61743058471049,37265487
2010-08-25,48.48699802001215,48.61743058471049,48.678471892296024,48.465651986829386,48.48699802001215,72808540
2010-08-26,48.351235770735826,48.48699802001215,48.55924137575569,48.30337402529933,48.351235770735826,66606840
2010-08-27,48.30746966352981,48.351235770735826,48.485126844940424,48.198181866308616,48.30746966352981,96511285
2010-08-30,48.32271876937926,48.30746966352981,48.38158947057951,48.1456029972149,48.32271876937926,68108139
2010-08-31,48.227374870831255,48.32271876937926,48.440745065940476,48.15850473269145,48.227374870831255,30517555
2010-09-01,48.56079002355959,48.227374870831255,48.73053941252563,48.21322568287664,48.56079002355959,63512386
2010-09-02,48.68862151453089,48.56079002355959,48.90192185222483,48.38815868073628,48.68862151453089,56523044
2010-09-03,48.407493349918006,48.68862151453089,48.7160733925894,48.143578965656204,48.407493349918006,72082827
2010-09-06,48.87542197171868,48.407493349918006,48.959361317171116,48.20467594705733,48.87542197171868,93108538
2010-09-07,48.83991894314409,48.87542197171868,48.970870638437034,48.71388481523206,48.83991894314409,42212566
2010-09-08,48.494783294800555,48.83991894314409,48.857205504436436,48.34866750467717,48.494783294800555,67367110
2010-09-09,48.834810164341285,48.494783294800555,49.00431527116084,48.43529530061199,48.834810164341285,51890047
2010-09-10,49.028169266675505,48.834810164341285,49.12849190262563,48.80405506758687,49.028169266675505,83437995
2010-09-13,49.67824131018596,49.028169266675505,49.8499812714654,48.93514728204655,49.67824131018596,33957057
2010-09-14,49.434893896115994,49.67824131018596,49.75046779452,49.349291595549126,49.434893896115994,77393846
2010-09-15,49.051937775934846,49.434893896115994,49.4561634021827,48.9459140566833,49.051937775934846,81686159
2010-09-16,49.58585935707734,49.051937775934846,49.745870517865086,48.97301957559841,49.58585935707734,88096471
2010-09-17,49.16627671022142,49.58585935707734,49.63592863573967,49.01507055532271,49.16627671022142,86671302
2010-09-20,49.90227699360205,49.16627671022142,49.97079549891986,49.03285056445226,49.90227699360205,75018020
2010-09-21,49.60044141766069,49.90227699360205,50.05897703692874,49.46163527119057,49.60044141766069,67353128
2010-09-22,49.77821059178113,49.60044141766069,49.89372954699451,49.49692845347224,49.77821059178113,76112644
2010-09-23,50.21618630120947,49.77821059178113,50.290863687700934,49.63769626776902,50.21618630120947,68527425
2010-09-24,49.64787127023082,50.21618630120947,50.23526805439433,49.56861597023813,49.64787127023082,96088382
2010-09-27,49.703782292374584,49.64787127023082,49.78595997721289,49.46677466794002,49.703782292374584,36751111
2010-09-28,49.9911038024641,49.703782292374584,50.203980899271535,49.631013944126856,49.9911038024641,79325209
2010-09-29,50.48211810919298,49.9911038024641,50.61197463919368,49.98798375412834,50.48211810919298,66284235
2010-09-30,49.9231873802522,50.48211810919298,50.51213740084086,49.8767357775207,49.9231873802522,32009555
2010-10-01,49.675761102934054,49.9231873802522,49.97190135288417,49.65542976996429,49.675761102934054,33701375
2010-10-04,50.35942510031297,49.675761102934054,50.38186746138731,49.50796369974388,50.35942510031297,33965340
2010-10-05,50.69672440144314,50.35942510031297,50.74261503388118,50.17169219196049,50.69672440144314,36814733
2010-10-06,50.94513497892241,50.69672440144314,51.087740591440756,50.68473575978104,50.94513497892241,85777775
2010-10-07,50.60772109728788,50.94513497892241,50.95484643163643,50.595596979870905,50.60772109728788,42219908
2010-10-08,50.70463910316931,50.60772109728788,50.81161379782389,50.60600057975647,50.70463910316931,54168815
2010-10-11,51.18675787004898,50.70463910316931,51.45913926467287,50.60179463821775,51.18675787004898,54857114
2010-10-12,50.500529195779926,51.18675787004898,51.789082725896,50.467884131192925,50.500529195779926,95824284
2010-10-13,50.96187727232064,50.500529195779926,51.00526438425875,50.41523695594272,50.96187727232064,86025568
2010-10-14,51.19373435353046,50.96187727232064,51.41255157670842,50.939772033045564,51.19373435353046,40262941
2010-10-15,51.34407278009709,51.19373435353046,51.37679718715616,50.91370069052959,51.34407278009709,59568768
2010-10-18,51.18217860337294,51.34407278009709,51.39060545748015,51.16978529024177,51.18217860337294,48156354
2010-10-19,51.40579737907692,51.18217860337294,51.650602160258515,50.82276875508076,51.40579737907692,78902661
2010-10-20,50.84040917284667,51.40579737907692,51.46748380433577,50.78671993287274,50.84040917284667,50706764
2010-10-21,51.39517297613301,50.84040917284667,51.42074603624893,50.807818868495865,51.39517297613301,95016112
2010-10-22,51.76597099042532,51.39517297613301,51.895953969915354,51.25649112316432,51.76597099042532,97522589
2010-10-25,51.478740203429616,51.76597099042532,51.82319789659638,51.25590594529038,51.478740203429616,36785995
2010-10-26,51.83207575939504,51.478740203429616,51.90324280511676,51.32562560407425,51.83207575939504,71217250
2010-10-27,52.01672847835716,51.83207575939504,52.1839324959626,51.69530029682995,52.01672847835716,64269915
2010-10-28,51.89569618099842,52.01672847835716,52.189905191600715,51.83422780152196,51.89569618099842,61061034
2010-10-29,52.11308142679266,51.89569618099842,52.16361764780741,51.813779026285914,52.11308142679266,70180367
2010-11-01,51.90162637839602,52.11308142679266,52.35502731887907,51.87252092427092,51.90162637839602,78987413
2010-11-02,52.182677824925186,51.90162637839602,52.21460483475858,51.70201609242823,52.182677824925186,88707262
2010-11-03,52.48024510024292,52.182677824925186,52.510629531349075,52.16893160015409,52.48024510024292,88144941
2010-11-04,52.44571066324611,52.48024510024292,52.74418740214532,52.11858211135209,52.44571066324611,90434166
2010-11-05,52.3346187400946,52.44571066324611,52.69193916727906,52.1500118819952,52.3346187400946,53512104
2010-11-08,52.63145718993705,52.3346187400946,52.72633389295285,52.310976542316396,52.63145718993705,83057073
2010-11-09,52.84463276090883,52.63145718993705,52.975055813042324,52.54630271478402,52.84463276090883,36604098
2010-11-10,52.199883805584285,52.84463276090883,52.89779191272696,52.05322719752627,52.199883805584285,44424917
2010-11-11,53.1305646003624,52.199883805584285,53.159303727895974,51.84913321702279,53.1305646003624,91924368
2010-11-12,52.81944345061838,53.1305646003624,53.28296468956065,52.59076981139003,52.81944345061838,38329687
2010-11-15,53.10510500444862,52.81944345061838,53.19923141569047,52.80243345236423,53.10510500444862,95337031
2010-11-16,53.394063277103264,53.10510500444862,53.59349667223025,52.85794677412131,53.394063277103264,81993780
2010-11-17,52.79571238062928,53.394063277103264,53.40231413255521,52.75994193908924,52.79571238062928,56238340
2010-11-18,53.05540645068961,52.79571238062928,53.11515103442206,52.58164464863696,53.05540645068961,51827192
2010-11-19,53.25130529811497,53.05540645068961,53.26970708470235,52.8648579701965,53.25130529811497,87816963
2010-11-22,53.202903687507344,53.25130529811497,53.440307842014,52.93587995741539,53.202903687507344,82727457
2010-11-23,53.96024563066657,53.202903687507344,54.11141155055702,53.1037651628754,53.96024563066657,69280239
2010-11-24,53.35062277379503,53.96024563066657,54.04170925990261,53.19969972427581,53.35062277379503,31263059
2010-11-25,53.51505748626746,53.35062277379503,53.88521634994994,53.114166535259315,53.51505748626746,35495941
2010-11-26,53.80301920501972,53.51505748626746,53.96694323844052,53.352730743132916,53.80301920501972,77935662
2010-11-29,53.50849013519509,53.80301920501972,53.935789925050365,53.303971111634915,53.50849013519509,64487556
2010-11-30,53.80936286766662,53.50849013519509,54.021082903222776,53.35598421546041,53.80936286766662,76189544
2010-12-01,54.085712380537544,53.80936286766662,54.11124298414723,53.56316797912002,54.085712380537544,43794149
2010-12-02,53.93316620692391,54.085712380537544,54.24415754407885,53.91161993571193,53.93316620692391,81950498
2010-12-03,54.020917843437275,53.93316620692391,54.35673376603872,53.87894296661787,54.020917843437275,78830430
2010-12-06,53.926127868523096,54.020917843437275,54.05412976450065,53.867143178060054,53.926127868523096,32393881
2010-12-07,53.682701722532336,53.926127868523096,54.01724302892743,53.444643000608494,53.682701722532336,79879509
2010-12-08,54.20240031699121,53.682701722532336,54.31654362845409,53.40348181788457,54.20240031699121,80106591
2010-12-09,54.61350842147128,54.20240031699121,54.67662186475595,54.06260771102828,54.61350842147128,87132283
2010-12-10,54.16652176470563,54.61350842147128,54.79712215626788,53.98832067174105,54.16652176470563,78901070
2010-12-13,54.24564463238045,54.16652176470563,54.267334001850585,54.02746514705892,54.24564463238045,49204925
2010-12-14,54.39544681751187,54.24564463238045,54.42897939563805,54.16835163455274,54.39544681751187,90014149
2010-12-15,53.88658538459023,54.39544681751187,54.414100444605296,53.75499890255052,53.88658538459023,45845450
2010-12-16,54.71568599553031,53.88658538459023,54.71598203579277,53.787988661707296,54.71568599553031,82043193
2010-12-17,54.331831999521505,54.71568599553031,54.8944983846501,54.096204047825346,54.331831999521505,77484815
2010-12-20,54.743049148102685,54.331831999521505,54.92508806003288,54.32524226442065,54.743049148102685,97411910
2010-12-21,54.12397388406191,54.743049148102685,54.79152883174492,53.998513420810866,54.12397388406191,90036582
2010-12-22,54.84017721087966,54.12397388406191,54.90514332354677,53.99630112931892,54.84017721087966,97683927
2010-12-23,54.579953808916834,54.84017721087966,54.97286460381379,54.475151114903156,54.579953808916834,80719793
2010-12-24,54.542713324886996,54.579953808916834,54.65514649324793,54.26648332633541,54.542713324886996,79987013
2010-12-27,54.47905726884978,54.542713324886996,54.57153383604434,54.419185740984815,54.47905726884978,63771251
2010-12-28,54.370813960380275,54.47905726884978,54.729790269945646,54.28588493835862,54.370813960380275,59687534
2010-12-29,54.78845246699981,54.370813960380275,55.065906832166085,54.142440261195716,54.78845246699981,92083261
2010-12-30,54.522852652235905,54.78845246699981,54.887194615327125,54.420186770163596,54.522852652235905,78579555
2010-12-31,53.97159015693775,54.522852652235905,54.608320620505324,53.73061917000721,53.97159015693775,94798412
2011-01-03,54.22616404511381,53.97159015693775,54.33241545086483,53.9391919732814,54.22616404511381,94918069
2011-01-04,54.50315315097881,54.22616404511381,54.66973743812471,53.99473217748074,54.50315315097881,76646240
2011-01-05,54.66151703021383,54.50315315097881,54.79511289134,54.10191096503812,54.66151703021383,53939807
2011-01-06,54.58455134253033,54.66151703021383,54.736186153065844,54.346208178771484,54.58455134253033,74967783
2011-01-07,54.95599659916633,54.58455134253033,55.01433661503831,54.23019231072297,54.95599659916633,63378976
2011-01-10,54.113052782994984,54.95599659916633,55.31302176785499,54.10291519336205,54.113052782994984,83335680
2011-01-11,54.70847997941317,54.113052782994984,54.88157005403159,54.023673129184296,54.70847997941317,85678036
2011-01-12,54.195160296442204,54.70847997941317,54.87667148142873,54.12045626238135,54.195160296442204,69656832
2011-01-13,54.92322436760688,54.195160296442204,55.11577097222258,54.05160954233676,54.92322436760688,36307924
2011-01-14,54.71260891492425,54.92322436760688,55.087799755735325,54.513092293783835,54.71260891492425,61529900
2011-01-17,54.87643089964769,54.71260891492425,55.07766792163325,54.295191125594435,54.87643089964769,99249864
2011-01-18,54.54797790594922,54.87643089964769,55.058654172852414,54.41858290974363,54.54797790594922,98661839
2011-01-19,55.1583149091562,54.54797790594922,55.37914223780875,54.30979850097721,55.1583149091562,62656091
2011-01-20,55.11636205405428,55.1583149091562,55.24886144017686,54.87198821881567,55.11636205405428,89050605
2011-01-21,55.013894400953,55.11636205405428,55.32327265525092,54.714231937613064,55.013894400953,36882288
2011-01-24,54.84138553695678,55.013894400953,55.085026739291315,54.610569814533136,54.84138553695678,38510064
2011-01-25,55.05917082481351,54.84138553695678,55.098583093004784,54.62886711604825,55.05917082481351,92130327
2011-01-26,54.72895334863732,55.05917082481351,55.1035066616775,54.572748435501495,54.72895334863732,42031738
2011-01-27,55.18120131047635,54.72895334863732,55.22274464685529,54.47121664380005,55.18120131047635,53663191
2011-01-28,55.422584248878415,55.18120131047635,55.560283970102105,55.116595016908505,55.422584248878415,93810540
2011-01-31,55.28668441897274,55.422584248878415,55.536586796418035,55.19045843312344,55.28668441897274,32847843
2011-02-01,54.814687812920674,55.28668441897274,55.392701092522024,54.69168441013692,54.814687812920674,99026935
2011-02-02,55.13792080404189,54.814687812920674,55.16377106087226,54.61262234338821,55.13792080404189,75325696
2011-02-03,54.70552664729906,55.13792080404189,55.251522686970944,54.68930001012595,54.70552664729906,99693222
2011-02-04,55.24226488532034,54.70552664729906,55.34863188933762,54.59295342244671,55.24226488532034,53327746
2011-02-07,55.23185087883643,55.24226488532034,55.336621671783256,55.15342034986981,55.23185087883643,64967951
2011-02-08,54.61534716517588,55.23185087883643,55.3298876433077,54.57982664895604,54.61534716517588,80933913
2011-02-09,54.83346191689032,54.61534716517588,54.974559355313,54.52764927535776,54.83346191689032,91858806
2011-02-10,55.098809411294496,54.83346191689032,55.162414158409135,54.79837454791955,55.098809411294496,49035629
2011-02-11,55.116962709789135,55.098809411294496,55.208855172499476,54.76225880329483,55.116962709789135,67748917
2011-02-14,54.889121733870326,55.116962709789135,55.456608719280396,54.82047196923703,54.889121733870326,33813900
2011-02-15,55.35360173977721,54.889121733870326,55.454135699321526,54.71770214741441,55.35360173977721,53091388
2011-02-16,55.33872453385529,55.35360173977721,55.43208867939801,55.24186512515332,55.33872453385529,87536531
2011-02-17,55.23859974920533,55.33872453385529,55.4268461817183,55.21481544390016,55.23859974920533,96835282
2011-02-18,55.106350127783124,55.23859974920533,55.416444333217115,54.872384998261985,55.106350127783124,42331707
2011-02-21,55.6286307333631,55.106350127783124,55.64792219823312,54.737441272713525,55.6286307333631,63302360
2011-02-22,55.81976788434218,55.6286307333631,55.82475255975119,55.569806970047125,55.81976788434218,61662734
2011-02-23,55.250706050627116,55.81976788434218,55.873620207538586,55.18807338824813,55.250706050627116,55523502
2011-02-24,55.238098526758996,55.250706050627116,55.27001750710674,55.21161152400872,55.238098526758996,87232143
2011-02-25,55.56690932449842,55.238098526758996,55.63020553713515,54.95139344507793,55.56690932449842,46215376
2011-02-28,55.35457562313093,55.56690932449842,55.61883113262798,55.07563085401774,55.35457562313093,45498115
2011-03-01,55.43825643803142,55.35457562313093,55.44800396660386,55.30874438441294,55.43825643803142,90978032
2011-03-02,55.70525374960359,55.43825643803142,55.91044325510324,55.091112249946974,55.70525374960359,77688094
2011-03-03,54.99301029847586,55.70525374960359,55.75871529789608,54.97177276547898,54.99301029847586,87193467
2011-03-04,55.912286964913896,54.99301029847586,56.14558101831214,54.78920609573817,55.912286964913896,67703227
2011-03-07,55.58942477337521,55.912286964913896,55.9657628750302,55.48629579736196,55.58942477337521,50058666
2011-03-08,55.47792842477882,55.58942477337521,55.59291373867657,55.44349618224426,55.47792842477882,33509159
2011-03-09,55.59057065634534,55.47792842477882,55.90679038123062,55.25643769164097,55.59057065634534,79320415
2011-03-10,55.62800967403321,55.59057065634534,55.85511129804629,55.533979036639614,55.62800967403321,69548701
2011-03-11,55.179731821856635,55.62800967403321,55.813160087147025,55.0428885483795,55.179731821856635,51752894
2011-03-14,56.10084068571285,55.179731821856635,56.38909433578669,54.94212202103093,56.10084068571285,54634283
2011-03-15,55.71920308572707,56.10084068571285,56.108576027166,55.477874574624884,55.71920308572707,92830619
2011-03-16,55.85421347827275,55.71920308572707,55.894861332358154,55.63849927685877,55.85421347827275,60453901
2011-03-17,56.019108951427725,55.85421347827275,56.220644024655385,55.613253588614555,56.019108951427725,70092237
2011-03-18,55.49213657770116,56.019108951427725,56.09434758920071,55.48067057499325,55.49213657770116,85838454
2011-03-21,55.93209865983082,55.49213657770116,56.023457009247004,55.44388985036277,55.93209865983082,55076919
2011-03-22,55.74837417705183,55.93209865983082,56.11575075954935,55.70186672101672,55.74837417705183,52024508
2011-03-23,56.082598301079685,55.74837417705183,56.1061993590273,55.562864552091575,56.082598301079685,69631599
2011-03-24,55.2749979709995,56.082598301079685,56.139048099974374,55.17380812837383,55.2749979709995,68893481
2011-03-25,55.8646146467095,55.2749979709995,55.90751484063865,55.16086309707403,55.8646146467095,54852742
2011-03-28,55.74684987127333,55.8646146467095,56.052194097134176,55.607892597905604,55.74684987127333,71036152
2011-03-29,56.05936216065429,55.74684987127333,56.26991228793028,55.41516626226308,56.05936216065429,33079235
2011-03-30,56.09306044088861,56.05936216065429,56.24717451709168,55.92475391629649,56.09306044088861,85173918
2011-03-31,55.786534566826354,56.09306044088861,56.15417532658857,55.63885824275357,55.786534566826354,52818629
2011-04-01,55.808256234420554,55.786534566826354,55.84449008715967,55.694542044674876,55.808256234420554,33511003
2011-04-04,55.99976590213186,55.808256234420554,56.022684727570095,55.7948976747428,55.99976590213186,41085870
2011-04-05,55.80254492652131,55.99976590213186,56.130521192435836,55.74782733826716,55.80254492652131,71602105
2011-04-06,56.31300235153254,55.80254492652131,56.38791487714796,55.76449086166517,56.31300235153254,74029975
2011-04-07,55.99643738027449,56.31300235153254,56.35866155908377,55.813263144833115,55.99643738027449,73264830
2011-04-08,55.30733130583958,55.99643738027449,56.26738202844328,55.039639575422086,55.30733130583958,67645755
2011-04-11,56.04092976187375,55.30733130583958,56.200077872259094,55.159073001389004,56.04092976187375,68182654
2011-04-12,55.87755973154606,56.04092976187375,56.19806651829012,55.649755310323734,55.87755973154606,38934638
2011-04-13,55.73398192954069,55.87755973154606,55.9395713531567,55.645643976861194,55.73398192954069,38166841
2011-04-14,55.867572543379595,55.73398192954069,56.054839586558025,55.66433838239754,55.867572543379595,39946486
2011-04-15,56.26922635913734,55.867572543379595,56.276230376203415,55.83449305273458,56.26922635913734,37540707
2011-04-18,56.63529534683876,56.26922635913734,56.800187048461474,56.07881085381504,56.63529534683876,86707381
2011-04-19,56.37275272289501,56.63529534683876,56.84908191356485,56.17653357979651,56.37275272289501,89935910
2011-04-20,56.136938276856185,56.37275272289501,56.48040549247311,56.10442643382632,56.136938276856185,57549493
2011-04-21,56.45917640081673,56.136938276856185,56.852574212694556,55.881298889869484,56.45917640081673,54779818
2011-04-22,56.22448863028214,56.45917640081673,56.6390242807805,55.92430689167321,56.22448863028214,91145875
2011-04-25,56.181125919015514,56.22448863028214,56.462997825448014,56.087417918950905,56.181125919015514,45580499
2011-04-26,56.074469727558295,56.181125919015514,56.21792546951029,55.972116374182455,56.074469727558295,34087850
2011-04-27,55.92885906547985,56.074469727558295,56.237298539836374,55.860646751613956,55.92885906547985,44695124
2011-04-28,56.33610537851027,55.92885906547985,56.457428541500725,55.67531785116138,56.33610537851027,73561160
2011-04-29,56.513856564211686,56.33610537851027,56.64878856421758,56.15774193364852,56.513856564211686,79527450
2011-05-02,56.465015221823485,56.513856564211686,56.62480255564858,56.215799241217745,56.465015221823485,97829467
2011-05-03,56.397841960783495,56.465015221823485,56.51412473838853,56.3604781944393,56.397841960783495,75504152
2011-05-04,56.27110640207226,56.397841960783495,56.620501896213,56.22983923503962,56.27110640207226,44421330
2011-05-05,56.73355516336383,56.27110640207226,56.82525670132143,56.09573642216934,56.73355516336383,83044404
2011-05-06,56.211968369110494,56.73355516336383,56.765392477152574,56.19400111116561,56.211968369110494,48460180
2011-05-09,56.82733805453747,56.211968369110494,56.84361261562441,56.10489083020929,56.82733805453747,30338865
2011-05-10,56.34698762717929,56.82733805453747,57.00286820669374,56.342226265853576,56.34698762717929,70256025
2011-05-11,56.44070440295749,56.34698762717929,56.47912899923635,56.34154688304041,56.44070440295749,70931808
2011-05-12,56.261258719828604,56.44070440295749,56.73175733293783,56.24683154673909,56.261258719828604,51634778
2011-05-13,56.55785249135793,56.261258719828604,56.73549299172797,56.22934881003428,56.55785249135793,97806128
2011-05-16,56.99969054110833,56.55785249135793,57.007665487494066,56.271686118284386,56.99969054110833,53934856
2011-05-17,56.892453400325046,56.99969054110833,57.088762744091056,56.76131797464051,56.892453400325046,51128991
2011-05-18,57.04695212256796,56.892453400325046,57.189747537106754,56.85067587660049,57.04695212256796,70618561
2011-05-19,56.940576092947325,57.04695212256796,57.08709817858289,56.89802081258082,56.940576092947325,81146554
2011-05-20,56.501857486402876,56.940576092947325,57.05814580624616,56.47544697873329,56.501857486402876,59748639
2011-05-23,56.744453785440136,56.501857486402876,56.837697232936506,56.44704723755788,56.744453785440136,75559918
2011-05-24,56.6397218475986,56.744453785440136,56.864559881769786,56.49297992934151,56.6397218475986,91842258
2011-05-25,57.2630615928988,56.6397218475986,57.40840205854993,56.555934798659905,57.2630615928988,47582957
2011-05-26,56.56715990745147,57.2630615928988,57.375909686139636,56.51509010640294,56.56715990745147,58484579
2011-05-27,57.18516371535264,56.56715990745147,57.30908637912945,56.566287108891096,57.18516371535264,63717514
2011-05-30,57.208131940549436,57.18516371535264,57.21841391932964,57.11767750026091,57.208131940549436,73800438
2011-05-31,57.49815372438889,57.208131940549436,57.519500714768796,57.17714510596075,57.49815372438889,82699485
2011-06-01,56.88323932110059,57.49815372438889,57.55198271365364,56.70752894211724,56.88323932110059,97152801
2011-06-02,57.06297996281088,56.88323932110059,57.20990636789131,56.64465701529889,57.06297996281088,49700949
2011-06-03,57.36801730573468,57.06297996281088,57.585378344590794,56.61832744085354,57.36801730573468,57709690
2011-06-06,56.40666020930469,57.36801730573468,57.69693556947136,56.215472931770194,56.40666020930469,32061854
2011-06-07,56.00865782781849,56.40666020930469,56.50268362724151,55.921515357108184,56.00865782781849,74342132
2011-06-08,55.773080896268524,56.00865782781849,56.31136139230259,55.68657679718201,55.773080896268524,54815804
2011-06-09,56.36293018019769,55.773080896268524,56.70485715304397,55.712701972359774,56.36293018019769,78749268
2011-06-10,55.495754784742665,56.36293018019769,56.67256170731611,55.40903728049212,55.495754784742665,56201891
2011-06-13,55.7796880599756,55.495754784742665,55.811981381460825,55.422048030953334,55.7796880599756,50584345
2011-06-14,55.86607438480609,55.7796880599756,56.164753706003445,55.739767975682206,55.86607438480609,39500117
2011-06-15,55.65613426843725,55.86607438480609,56.25876357502426,55.64589181479673,55.65613426843725,58573119
2011-06-16,55.58310302338131,55.65613426843725,55.75865923953267,55.53105533350468,55.58310302338131,46603334
2011-06-17,55.38707297290119,55.58310302338131,55.61613166435374,55.34629539107394,55.38707297290119,35138985
2011-06-20,55.53892425290612,55.38707297290119,55.75563025979808,55.211712147248285,55.53892425290612,95693878
2011-06-21,54.78440315427805,55.53892425290612,55.683515197957476,54.78075447630567,54.78440315427805,89729740
2011-06-22,54.7211179625697,54.78440315427805,54.82177790885847,54.71856568968416,54.7211179625697,33383226
2011-06-23,54.55585895423107,54.7211179625697,54.86719786460684,54.38103562595377,54.55585895423107,46531538
2011-06-24,54.854665182100604,54.55585895423107,55.0127749050446,54.398515433647674,54.854665182100604,44604904
2011-06-27,54.733678359605776,54.854665182100604,54.89648544966401,54.47359435650051,54.733678359605776,41795004
2011-06-28,54.47145506642411,54.733678359605776,54.848134851833954,54.18446181751286,54.47145506642411,89382991
2011-06-29,54.53008415552563,54.47145506642411,54.5941921101533,54.323545589676804,54.53008415552563,98966980
2011-06-30,53.75128546318022,54.53008415552563,54.69933429693908,53.65427836093212,53.75128546318022,94474088
2011-07-01,54.37980147845199,53.75128546318022,54.48595100789849,53.608470598621864,54.37980147845199,93718843
2011-07-04,54.200378015351205,54.37980147845199,54.4492843399674,54.15946953457231,54.200378015351205,69086056
2011-07-05,53.84849766833092,54.200378015351205,54.374469587182745,53.678693687381084,53.84849766833092,54918868
2011-07-06,53.98836270803282,53.84849766833092,54.11539532310507,53.71455078141853,53.98836270803282,73338378
2011-07-07,52.9300057835325,53.98836270803282,54.09987501922577,52.85973128774925,52.9300057835325,70575767
2011-07-08,53.09296956001102,52.9300057835325,53.130321664286306,52.79164351824466,53.09296956001102,36553830
2011-07-11,52.89782583712361,53.09296956001102,53.34608720794749,52.72786201826278,52.89782583712361,76038375
2011-07-12,53.14451260699946,52.89782583712361,53.22440942038812,52.87524602578938,53.14451260699946,41262641
2011-07-13,52.53664306748413,53.14451260699946,53.22209793894651,52.489207462949345,52.53664306748413,94932048
2011-07-14,52.87392168758714,52.53664306748413,52.875540517934674,52.41116483725966,52.87392168758714,64828418
2011-07-15,52.89488850573123,52.87392168758714,52.90494647819129,52.734468855386346,52.89488850573123,98932326
2011-07-18,52.57747582952201,52.89488850573123,53.010472878953955,52.55617491665096,52.57747582952201,51152127
2011-07-19,52.329952156996214,52.57747582952201,52.72142058131798,52.20410285289806,52.329952156996214,69857243
2011-07-20,51.85885765616761,52.329952156996214,52.440063255755575,51.758707726358836,51.85885765616761,70610153
2011-07-21,51.75666140589649,51.85885765616761,51.9903623789432,51.622909865030806,51.75666140589649,96732792
2011-07-22,52.16109308603561,51.75666140589649,52.25557479034654,51.65539930866729,52.16109308603561,58659568
2011-07-25,51.89912707391645,52.16109308603561,52.398215030554546,51.76897343990823,51.89912707391645,54332387
2011-07-26,51.548080665760466,51.89912707391645,51.98347974797949,51.299077177862856,51.548080665760466,66821722
2011-07-27,51.31116302259437,51.548080665760466,51.80699699927774,51.25464733171427,51.31116302259437,81078759
2011-07-28,50.75966205113831,51.31116302259437,51.44984495374826,50.588657413751896,50.75966205113831,96732640
2011-07-29,50.86572041061778,50.75966205113831,51.02025335280829,50.659773043301584,50.86572041061778,45673546
2011-08-01,51.48741186722064,50.86572041061778,51.75925905072441,50.86548055727463,51.48741186722064,60206996
2011-08-02,50.72993824542533,51.48741186722064,51.556270408015074,50.66651991507801,50.72993824542533,46676037
2011-08-03,51.16206137703707,50.72993824542533,51.23937579637863,50.670620418138554,51.16206137703707,43150588
2011-08-04,51.428211375641936,51.16206137703707,51.50935541649973,51.14536439694544,51.428211375641936,36173426
2011-08-05,50.90584139844578,51.428211375641936,51.46584000033672,50.742672270849916,50.90584139844578,43396921
2011-08-08,51.33145445299358,50.90584139844578,51.51516562776789,50.85267930653242,51.33145445299358,61544091
2011-08-09,51.58167627264052,51.33145445299358,51.642448705723275,51.298257971031845,51.58167627264052,51535056
2011-08-10,51.400939456419685,51.58167627264052,51.63915817379849,51.192599967099746,51.400939456419685,30343853
2011-08-11,52.192507331594264,51.400939456419685,52.47058623093029,51.2716483730745,52.192507331594264,92244139
2011-08-12,51.081604520426424,52.192507331594264,52.34610153931891,51.01869648369945,51.081604520426424,30995549
2011-08-15,51.841165344807564,51.081604520426424,51.961044975431655,51.08014688028804,51.841165344807564,49006451
2011-08-16,51.58039555153454,51.841165344807564,52.06412771989254,51.53261738557167,51.58039555153454,87367287
2011-08-17,51.88128936728393,51.58039555153454,51.9110874972664,51.43936018830035,51.88128936728393,65880344
2011-08-18,51.85279951486856,51.88128936728393,51.9843518734845,51.607507281254556,51.85279951486856,86553414
2011-08-19,51.605583753043895,51.85279951486856,52.08592485280719,51.47585053340457,51.605583753043895,62804836
2011-08-22,51.91164264424954,51.605583753043895,52.09762355069797,51.566632971983466,51.91164264424954,58635253
2011-08-23,51.42688103238708,51.91164264424954,52.114269680267746,51.35161227573183,51.42688103238708,66431066
2011-08-24,52.122650614779154,51.42688103238708,52.435127724370005,51.421283839787726,52.122650614779154,90919159
2011-08-25,52.10028235552867,52.122650614779154,52.232939546299434,52.02875756523746,52.10028235552867,81142361
2011-08-26,52.245851110959734,52.10028235552867,52.323556193900856,51.886110089936906,52.245851110959734,46137804
2011-08-29,52.41219584519885,52.245851110959734,52.51351728668053,52.24481409703887,52.41219584519885,42475479
2011-08-30,52.289118063982,52.41219584519885,52.51888004128154,52.102331611255984,52.289118063982,47366093
2011-08-31,52.2886883609223,52.289118063982,52.33704095645829,52.01236849025437,52.2886883609223,72426808
2011-09-01,52.076388775360684,52.2886883609223,52.38239717732342,52.05607680070829,52.076388775360684,91498568
2011-09-02,52.17716401824462,52.076388775360684,52.19444791988287,52.06987695510572,52.17716401824462,90323391
2011-09-05,52.73150038652716,52.17716401824462,52.92088744711073,51.8310207598477,52.73150038652716,36261150
2011-09-06,52.85414755133807,52.73150038652716,52.9764058791636,52.55196160594568,52.85414755133807,69943872
2011-09-07,52.471546332552805,52.85414755133807,53.012840094122446,52.37437670492467,52.471546332552805,99874652
2011-09-08,52.603005722402735,52.471546332552805,52.72636062388685,52.374109276086045,52.603005722402735,93584748
2011-09-09,52.40959781821897,52.603005722402735,52.73676893973104,52.25920070046245,52.40959781821897,33151877
2011-09-12,53.01359353683809,52.40959781821897,53.14378346394296,52.250633670124024,53.01359353683809,45035072
2011-09-13,52.93690513138642,53.01359353683809,53.16021901806965,52.764162467852934,52.93690513138642,79181018
2011-09-14,53.330839695720655,52.93690513138642,53.46705891627915,52.883814714986876,53.330839695720655,41434640
2011-09-15,52.6427933364706,53.330839695720655,53.54135743766984,52.56103053491057,52.6427933364706,37213506
2011-09-16,52.831774954907566,52.6427933364706,52.90562600654813,52.60224778279334,52.831774954907566,73584799
2011-09-19,53.04995638276914,52.831774954907566,53.18093490949702,52.73195066795067,53.04995638276914,51049190
2011-09-20,53.21692120239227,53.04995638276914,53.22355338895995,52.817280415040685,53.21692120239227,32338016
2011-09-21,53.04501051873522,53.21692120239227,53.388337085167265,53.00574597380825,53.04501051873522,80428276
2011-09-22,52.92706181925327,53.04501051873522,53.117944958440724,52.86181306064869,52.92706181925327,84624908
2011-09-23,53.450433605565294,52.92706181925327,53.56505387937779,52.914337560616204,53.450433605565294,33277782
2011-09-26,53.46481151020532,53.450433605565294,53.75264330851434,53.419482255497556,53.46481151020532,30598348
2011-09-27,53.08522304807128,53.46481151020532,53.712595483009345,52.9210583027449,53.08522304807128,93642209
2011-09-28,53.74817444770419,53.08522304807128,53.84558184926969,52.99526406028086,53.74817444770419,79981605
2011-09-29,53.755877530076795,53.74817444770419,53.97536385929445,53.64852016053645,53.755877530076795,46099453
2011-09-30,53.53592431301379,53.755877530076795,53.766326277723515,53.40016572578165,53.53592431301379,31014940
2011-10-03,53.57813322303285,53.53592431301379,53.701165359175434,53.393631838059974,53.57813322303285,86471289
2011-10-04,53.76216162296165,53.57813322303285,54.00049793501034,53.29592093045781,53.76216162296165,30433724
2011-10-05,53.43921456813521,53.76216162296165,53.80175724238819,53.12385460286635,53.43921456813521,61933471
2011-10-06,53.73534027462999,53.43921456813521,53.77647798311511,53.203486689594236,53.73534027462999,61740177
2011-10-07,53.20527094791845,53.73534027462999,54.01013559751675,52.98794792095302,53.20527094791845,40454316
2011-10-10,54.076854934567784,53.20527094791845,54.090341733399704,53.20268411836837,54.076854934567784,96173972
2011-10-11,53.47692259352036,54.076854934567784,54.21043934287179,53.39650681767457,53.47692259352036,94900851
2011-10-12,54.36012712189664,53.47692259352036,54.514341381896514,53.39085345555343,54.36012712189664,59296474
2011-10-13,53.92221245416917,54.36012712189664,54.442379169161526,53.913123770617,53.92221245416917,38861126
2011-10-14,54.01095957386202,53.92221245416917,54.09866782446814,53.91011533527228,54.01095957386202,63767700
2011-10-17,53.95511951166588,54.01095957386202,54.33126966339752,53.78604686660408,53.95511951166588,88103068
2011-10-18,54.10378583233747,53.95511951166588,54.184164867147636,53.931487830651015,54.10378583233747,38121119
2011-10-19,54.62333239263588,54.10378583233747,54.6732053857966,53.87669642120758,54.62333239263588,31419468
2011-10-20,53.6200710363111,54.62333239263588,54.67461206160619,53.52020419900737,53.6200710363111,70947312
2011-10-21,54.69930258191249,53.6200710363111,54.80080638591539,53.52069219610104,54.69930258191249,37975866
2011-10-24,54.50104866065426,54.69930258191249,55.02514792642008,54.41976568377686,54.50104866065426,44264679
2011-10-25,54.13720143419434,54.50104866065426,54.52124607377593,54.01905270790443,54.13720143419434,88311539
2011-10-26,54.22958245103124,54.13720143419434,54.2648422743207,53.939457506633886,54.22958245103124,67100039
2011-10-27,55.037029301686424,54.22958245103124,55.07982969724026,54.16368521888235,55.037029301686424,74546925
2011-10-28,54.37806834779746,55.037029301686424,55.05756660586937,54.24781012284278,54.37806834779746,36688261
2011-10-31,54.37777977230123,54.37806834779746,54.5131913919343,54.32561331261199,54.37777977230123,98783673
2011-11-01,55.06133985597234,54.37777977230123,55.08119473705229,54.361928577766925,55.06133985597234,47734824
2011-11-02,54.89959321149585,55.06133985597234,55.13580684975844,54.85107813695597,54.89959321149585,47120377
2011-11-03,54.60634632480012,54.89959321149585,54.934128250272934,54.296758827223776,54.60634632480012,33010808
2011-11-04,54.97994025603015,54.60634632480012,55.05540714061878,54.45676794285727,54.97994025603015,90733646
2011-11-07,54.695307302076614,54.97994025603015,55.051482508974686,54.690875250372784,54.695307302076614,80936046
2011-11-08,55.33700443366822,54.695307302076614,55.63115879735264,54.46420485264488,55.33700443366822,93958091
2011-11-09,55.38326854759688,55.33700443366822,55.48908440063397,55.254005152894116,55.38326854759688,54947423
2011-11-10,55.294421936527435,55.38326854759688,55.494757533787116,55.176471286896046,55.294421936527435,41291717
2011-11-11,55.3043721270192,55.294421936527435,55.4861862176056,55.10016582447128,55.3043721270192,70260091
2011-11-14,55.74799192336534,55.3043721270192,55.93270483810235,54.94915707307575,55.74799192336534,46335002
2011-11-15,55.31809505918897,55.74799192336534,55.820499145962536,55.31570256884206,55.31809505918897,52131913
2011-11-16,55.04776860152411,55.31809505918897,55.355032322135024,55.03970161638626,55.04776860152411,80829965
2011-11-17,55.55639396288614,55.04776860152411,55.83672632407526,54.93767661056031,55.55639396288614,76364988
2011-11-18,56.06739589448236,55.55639396288614,56.14780290079312,55.47360308735112,56.06739589448236,48586050
2011-11-21,55.26362815893793,56.06739589448236,56.309541131489596,55.07164201520886,55.26362815893793,98925335
2011-11-22,55.50178197060036,55.26362815893793,55.52506297426629,54.904708701793496,55.50178197060036,72471092
2011-11-23,55.774985948558005,55.50178197060036,55.814892771242484,55.282435935931915,55.774985948558005,44077417
2011-11-24,55.70089230257528,55.774985948558005,55.92316509642173,55.536413731712095,55.70089230257528,96358310
2011-11-25,55.49879852429024,55.70089230257528,55.998616599799654,55.267297106526264,55.49879852429024,34363051
2011-11-28,56.142709525435244,55.49879852429024,56.37255940511906,55.46459795515619,56.142709525435244,65328872
2011-11-29,56.53465683357278,56.142709525435244,56.54355660790856,55.93906536613068,56.53465683357278,39527645
2011-11-30,55.998042907544026,56.53465683357278,56.58152439680176,55.89840468273823,55.998042907544026,67372012
2011-12-01,55.746860878873925,55.998042907544026,56.07091030812076,55.57926756834951,55.746860878873925,39100871
2011-12-02,55.61173785591822,55.746860878873925,55.782929449781385,55.50327932541224,55.61173785591822,90654144
2011-12-05,56.163954485115006,55.61173785591822,56.223355658507884,55.53633899381501,56.163954485115006,98561486
2011-12-06,56.447248625295714,56.163954485115006,56.521911771675576,56.06228011990256,56.447248625295714,32579854
2011-12-07,56.31668834405366,56.447248625295714,56.63631036229721,56.058401060340614,56.31668834405366,61168177
2011-12-08,56.228331805640906,56.31668834405366,56.483587622644016,55.90428571312266,56.228331805640906,70921081
2011-12-09,56.10900341156524,56.228331805640906,56.305792660909454,55.99859450383076,56.10900341156524,93780101
2011-12-12,56.013054073198695,56.10900341156524,56.26348858838858,55.79589649674217,56.013054073198695,73833921
2011-12-13,56.60167190051844,56.013054073198695,56.65437872134637,55.851526178565074,56.60167190051844,98942148
2011-12-14,56.66995314053585,56.60167190051844,56.78162164623172,56.26040909460136,56.66995314053585,35167014
2011-12-15,56.02167108769601,56.66995314053585,56.85327733342569,55.92939424744114,56.02167108769601,50312159
2011-12-16,56.95297664566769,56.02167108769601,57.01430091996119,55.7677699526431,56.95297664566769,97938204
2011-12-19,56.71193586276271,56.95297664566769,57.130634603366325,56.666879776402006,56.71193586276271,49439580
2011-12-20,56.991473080118745,56.71193586276271,57.30754717470639,56.50805165318126,56.991473080118745,81930583
2011-12-21,56.261122599474824,56.991473080118745,57.21504651099516,56.08944498944474,56.261122599474824,45673389
2011-12-22,56.299900374881105,56.261122599474824,56.34612148722584,56.053298919085144,56.299900374881105,57731998
2011-12-23,56.69056717900036,56.299900374881105,56.957044825117464,56.28232695533053,56.69056717900036,56233239
2011-12-26,56.92136299874986,56.69056717900036,57.02366601571753,56.34451392747237,56.92136299874986,59773174
2011-12-27,57.33481335747589,56.92136299874986,57.36503001602848,56.781069349456345,57.33481335747589,80767229
2011-12-28,57.07100335526423,57.33481335747589,57.50139684489087,56.9541243646617,57.07100335526423,54854414
2011-12-29,56.8469682595454,57.07100335526423,57.30758021725508,56.70995932794537,56.8469682595454,80959051
2011-12-30,56.66951270887012,56.8469682595454,56.9782933018451,56.562849609506785,56.66951270887012,58122771
2012-01-02,57.35823069759796,56.66951270887012,57.61740052030071,56.63265634068598,57.35823069759796,85862760
2012-01-03,56.77823632244043,57.35823069759796,57.433745674584415,56.689691400557685,56.77823632244043,47369963
2012-01-04,57.56415819808004,56.77823632244043,57.76086554854535,56.66162763024077,57.56415819808004,36919049
2012-01-05,57.06378230965823,57.56415819808004,57.98866556001346,57.04185288910472,57.06378230965823,50509638
2012-01-06,57.645673316337906,57.06378230965823,57.81528386567167,56.92394268918201,57.645673316337906,67845624
2012-01-09,57.430939954689485,57.645673316337906,57.6653287919765,57.061004510565674,57.430939954689485,89217739
2012-01-10,57.243205566687934,57.430939954689485,57.706457407163406,57.07176710577605,57.243205566687934,44194479
2012-01-11,57.17936386441167,57.243205566687934,57.358802557643,56.921646925661946,57.17936386441167,54182670
2012-01-12,57.27624948068194,57.17936386441167,57.32867192394064,57.16097730279827,57.27624948068194,58856454
2012-01-13,57.542816723665894,57.27624948068194,57.61188876067925,57.21903014155017,57.542816723665894,85722666
2012-01-16,57.48781809555447,57.542816723665894,57.64348771762865,57.43149790979646,57.48781809555447,70665211
2012-01-17,57.34069560502329,57.48781809555447,57.73024093573044,57.29199975204924,57.34069560502329,46646897
2012-01-18,57.50958546435898,57.34069560502329,57.544218635156184,57.29404124107744,57.50958546435898,39215922
2012-01-19,57.62568481932293,57.50958546435898,57.98917623364352,57.42833010150685,57.62568481932293,56117702
2012-01-20,57.03525954652593,57.62568481932293,57.742124369712066,56.90950281945399,57.03525954652593,69718394
2012-01-23,57.82682574853332,57.03525954652593,57.97570947530488,56.738657716424555,57.82682574853332,95622586
2012-01-24,57.457610254055034,57.82682574853332,57.92159188954752,57.417241545213344,57.457610254055034,67960812
2012-01-25,57.4530257140356,57.457610254055034,57.554640758034566,57.44198631421633,57.4530257140356,71540648
2012-01-26,57.34414806207211,57.4530257140356,57.47154481470529,57.188161261948494,57.34414806207211,72874419
2012-01-27,57.35872927790709,57.34414806207211,57.37195598412056,57.26915115043771,57.35872927790709,50537508
2012-01-30,57.53110169261007,57.35872927790709,57.757798366654214,57.24388853769402,57.53110169261007,57866950
2012-01-31,57.763957818616575,57.53110169261007,57.88464886565481,57.49791145045792,57.763957818616575,43361116
2012-02-01,58.58186142920617,57.763957818616575,58.90948626411195,57.66958089745904,58.58186142920617,97465212
2012-02-02,57.90840302233363,58.58186142920617,58.69984077408839,57.85758558545378,57.90840302233363,93083568
2012-02-03,58.15851274079818,57.90840302233363,58.17407564416062,57.79183468356706,58.15851274079818,53513752
2012-02-06,58.2691170687941,58.15851274079818,58.31827352445617,57.999285960874836,58.2691170687941,73881306
2012-02-07,58.23661225113396,58.2691170687941,58.290691640609595,58.07961312323542,58.23661225113396,67193366
2012-02-08,58.22172161811682,58.23661225113396,58.31428684601506,58.2011383194642,58.22172161811682,35496080
2012-02-09,57.94170751225787,58.22172161811682,58.297497521846566,57.7609349208687,57.94170751225787,95914438
2012-02-10,58.75908352381487,57.94170751225787,58.89184097621437,57.83534165090055,58.75908352381487,49873431
2012-02-13,58.909215264524526,58.75908352381487,59.10766533189688,58.65417082710301,58.909215264524526,66634054
2012-02-14,57.9359133723353,58.909215264524526,59.35159492214818,57.510290839503874,57.9359133723353,68760284
2012-02-15,58.173890877626356,57.9359133723353,58.25835663410157,57.87669346502438,58.173890877626356,90161339
2012-02-16,58.437212744860226,58.173890877626356,58.55979282295781,58.09433732354496,58.437212744860226,69743195
2012-02-17,58.282445268604924,58.437212744860226,58.71905097670164,58.18522096036164,58.282445268604924,45295817
2012-02-20,58.75896196639062,58.282445268604924,58.80825122591321,58.11214972575531,58.75896196639062,75395249
2012-02-21,58.44289909911098,58.75896196639062,58.78138427768734,58.32432151978844,58.44289909911098,86103748
2012-02-22,59.33775882295544,58.44289909911098,59.42192618271715,58.0777820002775,59.33775882295544,82445005
2012-02-23,59.097803892445356,59.33775882295544,59.82239180462965,58.85784877265871,59.097803892445356,97159975
2012-02-24,58.85638340396676,59.097803892445356,59.12725952855617,58.46261120034777,58.85638340396676,61506821
2012-02-27,59.14183244723925,58.85638340396676,59.3458258967723,58.80979947752301,59.14183244723925,33755803
2012-02-28,59.2111036592936,59.14183244723925,59.268718261874625,58.93280251947461,59.2111036592936,34346120
2012-02-29,58.76512692336605,59.2111036592936,59.395190245791014,58.60921477655323,58.76512692336605,68144005
2012-03-01,58.73640860949117,58.76512692336605,58.915944570986476,58.49385261728327,58.73640860949117,73513803
2012-03-02,59.045961914613784,58.73640860949117,59.094431730999986,58.70097875083808,59.045961914613784,60705782
2012-03-05,59.323180928678056,59.045961914613784,59.51046352324361,58.87495368007111,59.323180928678056,66764897
2012-03-06,59.15560624912871,59.323180928678056,59.40781157674256,59.05098651902747,59.15560624912871,87333888
2012-03-07,58.69382737645114,59.15560624912871,59.36739085034231,58.559040308613504,58.69382737645114,74286138
2012-03-08,58.96844632109608,58.69382737645114,59.29274396123133,58.68615978997117,58.96844632109608,65220348
2012-03-09,59.22999323025879,58.96844632109608,59.41087399823105,58.93786085899478,59.22999323025879,32460245
2012-03-12,59.27527593838156,59.22999323025879,59.50574687007172,58.89316858730146,59.27527593838156,57900113
2012-03-13,59.92879934665511,59.27527593838156,59.96092373983674,58.93450816832522,59.92879934665511,98516589
2012-03-14,58.97774861863114,59.92879934665511,60.0641589223133,58.97158916278526,58.97774861863114,32965731
2012-03-15,59.58536327621886,58.97774861863114,59.69528827944782,58.92191420250375,59.58536327621886,53775797
2012-03-16,59.92378508931657,59.58536327621886,60.07212628143473,59.41616196257114,59.92378508931657,94260184
2012-03-19,60.202777294458286,59.92378508931657,60.243637778261,59.859998955338014,60.202777294458286,66023955
2012-03-20,59.452064217918796,60.202777294458286,60.404685457337045,59.346769462192746,59.452064217918796,78846742
2012-03-21,59.76481160403606,59.452064217918796,59.97446332360691,59.39051595964374,59.76481160403606,68744736
2012-03-22,59.83409339510935,59.76481160403606,59.861045273321366,59.59771078197845,59.83409339510935,97307687
2012-03-23,59.76828466046603,59.83409339510935,60.14508012531474,59.55109887748465,59.76828466046603,34015876
2012-03-26,59.72619235743125,59.76828466046603,59.8387875090166,59.58311738483697,59.72619235743125,94437758
2012-03-27,59.93188668707418,59.72619235743125,59.938036540907895,59.562149032082715,59.93188668707418,45916910
2012-03-28,59.08958743098769,59.93188668707418,60.085544488643116,58.865510821785676,59.08958743098769,59098280
2012-03-29,60.09738615339814,59.08958743098769,60.17977819751717,59.01554668285453,60.09738615339814,34995314
2012-03-30,59.97674614120434,60.09738615339814,60.35127839705772,59.71027082482792,59.97674614120434,56462416
2012-04-02,59.91800733821055,59.97674614120434,59.990614914127576,59.85012510631002,59.91800733821055,93321330
2012-04-03,60.64490550790605,59.91800733821055,60.83697294181233,59.87863067595628,60.64490550790605,74014845
2012-04-04,59.87359806382131,60.64490550790605,60.84451406683847,59.872411864175525,59.87359806382131,94246865
2012-04-05,60.00096845458487,59.87359806382131,60.113051181652274,59.86931522725218,60.00096845458487,42193242
2012-04-06,60.76707721862511,60.00096845458487,60.85869201831774,59.90747650758785,60.76707721862511,57833886
2012-04-09,59.963232840738335,60.76707721862511,60.9880428496363,59.669672847783254,59.963232840738335,37844867
2012-04-10,60.09379350979004,59.963232840738335,60.36298783052746,59.90993235676435,60.09379350979004,82325431
2012-04-11,60.26101141812581,60.09379350979004,60.2915248350917,60.07671392657764,60.26101141812581,94841269
2012-04-12,60.60484148151589,60.26101141812581,60.65631877733151,60.190818020197355,60.60484148151589,67910907
2012-04-13,60.45969974954883,60.60484148151589,60.623396815644604,59.919216421411036,60.45969974954883,56820703
2012-04-16,60.052098950429325,60.45969974954883,60.9089380636652,59.84821171155418,60.052098950429325,85365468
2012-04-17,60.327599095640466,60.052098950429325,60.41828776721769,59.8998599414618,60.327599095640466,89680079
2012-04-18,60.35052211239035,60.327599095640466,60.62560033854832,60.077739491049655,60.35052211239035,37259851
2012-04-19,60.5567623582103,60.35052211239035,60.57795633203589,60.308409655942775,60.5567623582103,84383420
2012-04-20,60.75504008919229,60.5567623582103,60.9429747580046,60.5121589521289,60.75504008919229,70814086
2012-04-23,60.79862211251135,60.75504008919229,60.89221440115337,60.67022802442364,60.79862211251135,52303868
2012-04-24,60.178381775125914,60.79862211251135,61.12144693982852,60.080942119185586,60.178381775125914,76092837
2012-04-25,61.086601918358184,60.178381775125914,61.25336147684068,60.15267269183416,61.086601918358184,70677090
2012-04-26,60.885952802565235,61.086601918358184,61.20389307212138,60.794238862592096,60.885952802565235,81163698
2012-04-27,61.276240056619024,60.885952802565235,61.341758925702585,60.82929675024218,61.276240056619024,90135796
2012-04-30,61.03602344485209,61.276240056619024,61.397776045809884,60.831998143719574,61.03602344485209,63869679
2012-05-01,61.28217414101383,61.03602344485209,61.31904845507568,60.91205370196917,61.28217414101383,48880861
2012-05-02,61.134644925133074,61.28217414101383,61.29649996498601,60.97306361067333,61.134644925133074,72303222
2012-05-03,61.44902370788538,61.134644925133074,61.55033612341665,60.93548321561769,61.44902370788538,97134821
2012-05-04,61.24347517516848,61.44902370788538,61.72718848660663,61.19151103695927,61.24347517516848,60281749
2012-05-07,61.09984330940783,61.24347517516848,61.448947916922876,61.0707644839068,61.09984330940783,60905632
2012-05-08,61.870659994261885,61.09984330940783,62.134114734897786,60.95828968452931,61.870659994261885,58832455
2012-05-09,61.49351441682002,61.870659994261885,61.91223614394579,61.42134965668478,61.49351441682002,69453860
2012-05-10,61.442934073396245,61.49351441682002,61.62943291898362,61.34640374641787,61.442934073396245,77161752
2012-05-11,60.92170698192229,61.442934073396245,61.55700785679339,60.78798280065475,60.92170698192229,53833013
2012-05-14,60.96353371644382,60.92170698192229,61.07861465769321,60.85832722639,60.96353371644382,99679604
2012-05-15,61.49445050909729,60.96353371644382,62.032055143938805,60.83610325207648,61.49445050909729,64673689
2012-05-16,61.49509334511581,61.49445050909729,61.730696648226285,61.280387676983295,61.49509334511581,59547029
2012-05-17,61.30735223726309,61.49509334511581,61.694925669030056,61.044021927425426,61.30735223726309,43311983
2012-05-18,61.585366508560014,61.30735223726309,61.62852462464229,61.22882112916,61.585366508560014,35226861
2012-05-21,62.07698633799449,61.585366508560014,62.47120060096414,61.38213172435696,62.07698633799449,69861339
2012-05-22,61.847888533569424,62.07698633799449,62.23271170696368,61.76639445948744,61.847888533569424,55531208
2012-05-23,61.327505772564805,61.847888533569424,61.897211302952215,60.87053625282047,61.327505772564805,67014390
2012-05-24,61.69077632151611,61.327505772564805,61.890153570559896,61.256172647461156,61.69077632151611,58960303
2012-05-25,61.52237447469241,61.69077632151611,61.69408211212151,61.462372354117704,61.52237447469241,98633074
2012-05-28,61.69696206400471,61.52237447469241,61.75889418796298,61.48691826639229,61.69696206400471,83030057
2012-05-29,61.734658726936544,61.69696206400471,61.83941618942466,61.669453785529186,61.734658726936544,59636340
2012-05-30,61.760545584926774,61.734658726936544,61.81103816420163,61.589926252260014,61.760545584926774,44590650
2012-05-31,61.56539394355206,61.760545584926774,61.951466969705166,61.53894303389569,61.56539394355206,72213300
2012-06-01,61.960427048729365,61.56539394355206,62.200486940389276,61.36673567081133,61.960427048729365,48000551
2012-06-04,61.890546920436414,61.960427048729365,62.01749317083896,61.83219230755773,61.890546920436414,91241861
2012-06-05,61.21901319726704,61.890546920436414,61.94471341422118,61.01493986797393,61.21901319726704,90022915
2012-06-06,62.83195646181278,61.21901319726704,62.87231549756377,61.15577164777135,62.83195646181278,77060212
2012-06-07,62.596987973006165,62.83195646181278,62.924155551331374,62.49341611091333,62.596987973006165,32174774
2012-06-08,62.205320483781435,62.596987973006165,62.60734852027207,62.195441134018076,62.205320483781435,97710077
2012-06-11,62.392967103580375,62.205320483781435,62.39308099863293,61.95703696592828,62.392967103580375,32769367
2012-06-12,62.08575438445052,62.392967103580375,62.616950453335456,62.05802388233305,62.08575438445052,72964932
2012-06-13,63.04617918341894,62.08575438445052,63.33293518052758,62.069334899841074,63.04617918341894,46229617
2012-06-14,63.17431291417093,63.04617918341894,63.46002877854779,62.70995804210364,63.17431291417093,56210805
2012-06-15,62.69424180971851,63.17431291417093,63.17621215229839,62.529442598767545,62.69424180971851,88119174
2012-06-18,63.030603801983276,62.69424180971851,63.16083027990862,62.58626703756205,63.030603801983276,60803031
2012-06-19,62.829210979323456,63.030603801983276,63.0894059598767,62.46012738617422,62.829210979323456,69904139
2012-06-20,62.418719168559626,62.829210979323456,62.905080306915636,62.32699899508386,62.418719168559626,31465794
2012-06-21,62.77370071460014,62.418719168559626,62.899770086546376,62.04672972917218,62.77370071460014,42666186
2012-06-22,63.00927796631272,62.77370071460014,63.03047298507136,62.61689218135871,63.00927796631272,89584362
2012-06-25,62.88900221896376,63.00927796631272,63.37095254529685,62.58864274878673,62.88900221896376,81325584
2012-06-26,63.02779261118339,62.88900221896376,63.210266689322076,62.803723719080466,63.02779261118339,92405632
2012-06-27,63.1324257526447,63.02779261118339,63.30222034924325,62.7037521874465,63.1324257526447,48714603
2012-06-28,63.200238410352206,63.1324257526447,63.71982522000811,63.04400460904182,63.200238410352206,52823984
2012-06-29,63.306859864250974,63.200238410352206,63.53237671712259,63.13126460334818,63.306859864250974,59693254
2012-07-02,63.018866395096296,63.306859864250974,63.40585216617531,62.87327029571545,63.018866395096296,76895991
2012-07-03,63.19199133077653,63.018866395096296,63.441506693377995,62.95291362288833,63.19199133077653,77547306
2012-07-04,63.07611905888749,63.19199133077653,63.229635277784354,62.88072910086016,63.07611905888749,80149743
2012-07-05,63.859080102077705,63.07611905888749,64.25399846436432,62.94101892221805,63.859080102077705,73031575
2012-07-06,62.94317165011143,63.859080102077705,63.94152778926843,62.84023296225386,62.94317165011143,69598802
2012-07-09,64.04470763511414,62.94317165011143,64.2896119951098,62.76082849705242,64.04470763511414,43289764
2012-07-10,64.18377845306313,64.04470763511414,64.3618348715505,64.0082983002131,64.18377845306313,96523096
2012-07-11,63.7100462578949,64.18377845306313,64.31138058313991,63.648150813981374,63.7100462578949,65374142
2012-07-12,63.03964331711322,63.7100462578949,63.72662891428824,62.85118092929621,63.03964331711322,40302007
2012-07-13,63.8199810429324,63.03964331711322,63.92199784464996,62.79157215244584,63.8199810429324,79802697
2012-07-16,63.97946106838758,63.8199810429324,64.1367097489383,63.725806080196264,63.97946106838758,99622720
2012-07-17,63.740798699229224,63.97946106838758,64.16283680607253,63.52604057425695,63.740798699229224,57475356
2012-07-18,63.96382997308213,63.740798699229224,64.19362623251725,63.72567969675534,63.96382997308213,68492748
2012-07-19,64.68469168479646,63.96382997308213,64.85814040550139,63.87607551808366,64.68469168479646,73320952
2012-07-20,64.47169917859758,64.68469168479646,64.89893235793627,64.44158920830391,64.47169917859758,76377867
2012-07-23,64.02522889611777,64.47169917859758,64.75993554866893,64.01457255262349,64.02522889611777,33221943
2012-07-24,63.87277291249799,64.02522889611777,64.05335152176443,63.826228336029835,63.87277291249799,90708297
2012-07-25,64.34622893538962,63.87277291249799,64.57044395858993,63.38831483701957,64.34622893538962,38650980
2012-07-26,64.44727200666115,64.34622893538962,64.4830164144535,64.1398504469641,64.44727200666115,64186584
2012-07-27,64.74086947953248,64.44727200666115,65.03331974500873,64.28385368312124,64.74086947953248,30046343
2012-07-30,64.47213311419587,64.74086947953248,64.90400569898493,64.44295284071181,64.47213311419587,74040931
2012-07-31,64.87517228196384,64.47213311419587,65.20325285709092,64.43618128322824,64.87517228196384,33558502
2012-08-01,65.40093376007113,64.87517228196384,65.52772831437453,64.75135532554644,65.40093376007113,65427257
2012-08-02,65.10308984759887,65.40093376007113,65.49482744776573,65.05278174431302,65.10308984759887,92613526
2012-08-03,64.8876203102017,65.10308984759887,65.20380314859244,64.63441550008733,64.8876203102017,94263434
2012-08-06,64.90824757279012,64.8876203102017,65.22406652104924,64.6059422515628,64.90824757279012,80368987
2012-08-07,64.91628176798281,64.90824757279012,65.01751886761237,64.66057360839741,64.91628176798281,46988084
2012-08-08,65.4810537679562,64.91628176798281,65.74280441521412,64.67124929858551,65.4810537679562,70507842
2012-08-09,64.95690755470618,65.4810537679562,65.60509163507844,64.8920730335573,64.95690755470618,33158913
2012-08-10,65.24055488993515,64.95690755470618,65.39694982339506,64.84087677446203,65.24055488993515,33008498
2012-08-13,65.30703621829151,65.24055488993515,65.30823749885845,65.21337619880613,65.30703621829151,57368760
2012-08-14,65.19086858473611,65.30703621829151,65.41638630530076,64.98486994867885,65.19086858473611,78185933
2012-08-15,64.97042578530501,65.19086858473611,65.3853418242628,64.55524444185511,64.97042578530501,76079456
2012-08-16,65.5896190713458,64.97042578530501,65.69352011252856,64.82399328814664,65.5896190713458,54265839
2012-08-17,65.5283935369661,65.5896190713458,65.74082324984957,65.47041373879605,65.5283935369661,77166702
2012-08-20,65.77701437336032,65.5283935369661,65.78670228790057,65.46158973121881,65.77701437336032,90325073
2012-08-21,65.50219189936932,65.77701437336032,66.043748230648,65.4664011995517,65.50219189936932,66195676
2012-08-22,66.14323125919047,65.50219189936932,66.2793322924264,65.23498778088084,66.14323125919047,43041665
2012-08-23,65.51796475585934,66.14323125919047,66.19526618606132,65.50917707561038,65.51796475585934,72185502
2012-08-24,66.43483649354266,65.51796475585934,66.5216756272665,65.3437958634772,66.43483649354266,89306612
2012-08-27,65.35932757643727,66.43483649354266,66.44138852668038,65.04174205495966,65.35932757643727,31898352
2012-08-28,66.14347412130377,65.35932757643727,66.1514723951064,65.2587301855519,66.14347412130377,65651371
2012-08-29,66.22156161900234,66.14347412130377,66.39935261765233,66.09440463408988,66.22156161900234,34317054
2012-08-30,65.86598516301954,66.22156161900234,66.33899043313002,65.73835502854924,65.86598516301954,81957217
2012-08-31,66.33400909040174,65.86598516301954,66.36513485396553,65.66324686947688,66.33400909040174,45521717
2012-09-03,66.68195666898183,66.33400909040174,66.83472532838897,66.25007463933251,66.68195666898183,33714633
2012-09-04,65.58745491391743,66.68195666898183,66.76212250154076,65.56096202401147,65.58745491391743,83797835
2012-09-05,66.55397561513162,65.58745491391743,66.63915132050404,65.58417603964335,66.55397561513162,42480158
2012-09-06,65.62320356614839,66.55397561513162,66.57887708291773,65.55411163643012,65.62320356614839,93682002
2012-09-07,66.19496760889277,65.62320356614839,66.22440243687036,65.57676890247691,66.19496760889277,76417570
2012-09-10,67.12299989954121,66.19496760889277,67.22474387080258,65.96629408553422,67.12299989954121,96264091
2012-09-11,66.45129650306644,67.12299989954121,67.19690687633448,66.22353829298268,66.45129650306644,34524235
2012-09-12,66.31813165058101,66.45129650306644,66.52912609287971,66.22093842200917,66.31813165058101,35706272
2012-09-13,66.70810788725835,66.31813165058101,67.10210411226299,66.28387992663376,66.70810788725835,75238580
2012-09-14,67.5297906343024,66.70810788725835,67.72017105530442,66.67733600486707,67.5297906343024,82543097
2012-09-17,66.29049855149916,67.5297906343024,67.68388024517722,66.11711351791004,66.29049855149916,76452054
2012-09-18,66.61572268119947,66.29049855149916,66.72982362195881,66.2806946988143,66.61572268119947,54945648
2012-09-19,67.53413919962053,66.61572268119947,67.55811720904525,66.51975022319594,67.53413919962053,68434009
2012-09-20,67.72000336686426,67.53413919962053,67.79955090758502,67.38910329499589,67.72000336686426,94542284
2012-09-21,67.12655745016575,67.72000336686426,67.74790563175014,67.02498855136811,67.12655745016575,30130134
2012-09-24,66.80932486579587,67.12655745016575,67.36612729632775,66.74936013071192,66.80932486579587,31853470
2012-09-25,67.9954725072216,66.80932486579587,68.06597436314966,66.75906001362851,67.9954725072216,76078755
2012-09-26,67.89180576031812,67.9954725072216,68.00813775833892,67.8647817434681,67.89180576031812,51115374
2012-09-27,67.64822567813276,67.89180576031812,68.10407436097141,67.58286503203922,67.64822567813276,39336322
2012-09-28,67.20975069129402,67.64822567813276,67.6955696354533,67.1147671017493,67.20975069129402,63620701
2012-10-01,67.53182783230406,67.20975069129402,67.55643884381776,67.19328872967888,67.53182783230406,82430606
2012-10-02,67.55869117260161,67.53182783230406,67.62233604066934,67.45189499291085,67.55869117260161,85456741
2012-10-03,67.78937516727153,67.55869117260161,67.8084122588836,67.55514082227151,67.78937516727153,45805633
2012-10-04,68.23340371291546,67.78937516727153,68.2352924803298,67.46314808388736,68.23340371291546,60607065
2012-10-05,68.10460235814045,68.23340371291546,68.35350021910898,68.09819335762523,68.10460235814045,51011646
2012-10-08,67.50535495710066,68.10460235814045,68.25807619253132,67.49248750045234,67.50535495710066,99838282
2012-10-09,68.40304863286147,67.50535495710066,68.60796440899115,67.45622538255458,68.40304863286147,79277445
2012-10-10,68.10646492760448,68.40304863286147,68.68869633425021,67.98515453808571,68.10646492760448,62188147
2012-10-11,68.29834013375198,68.10646492760448,68.47858984046022,67.86220727861419,68.29834013375198,90436100
2012-10-12,68.62860230561233,68.29834013375198,68.66448141462257,68.17036134250361,68.62860230561233,32713668
2012-10-15,67.81453537944006,68.62860230561233,68.64983275228147,67.75887187491567,67.81453537944006,94557526
2012-10-16,68.24583759281566,67.81453537944006,68.30138217637985,67.7796968728493,68.24583759281566,45300907
2012-10-17,68.1410289129389,68.24583759281566,68.72813846622785,68.08349197461439,68.1410289129389,43499535
2012-10-18,67.85099000293955,68.1410289129389,68.4629107165295,67.84975610029966,67.85099000293955,36895302
2012-10-19,68.5702771891093,67.85099000293955,68.79377791867046,67.75953663598578,68.5702771891093,53964565
2012-10-22,69.37653969605893,68.5702771891093,69.46931552409755,68.37113190895779,69.37653969605893,30301806
2012-10-23,67.94967656696464,69.37653969605893,69.7735450031517,67.85310682757836,67.94967656696464,44444950
2012-10-24,68.63408175156238,67.94967656696464,68.83532321778364,67.82673112218663,68.63408175156238,30916035
2012-10-25,68.92973491156602,68.63408175156238,69.3200754090975,68.6003237735333,68.92973491156602,72184362
2012-10-26,68.81651656869855,68.92973491156602,69.129330762896,68.73177724071459,68.81651656869855,53416104
2012-10-29,68.79977173160185,68.81651656869855,68.86580390587271,68.67865398895377,68.79977173160185,37133982
2012-10-30,68.45562481414188,68.79977173160185,69.06269088317913,68.20838658422457,68.45562481414188,52372880
2012-10-31,69.04801581554938,68.45562481414188,69.051059609974,67.95738719449515,69.04801581554938,37491720
2012-11-01,68.77105243373967,69.04801581554938,69.12800790693306,68.66216615167858,68.77105243373967,32586842
2012-11-02,68.34019156579612,68.77105243373967,68.80296708436,68.2123782216635,68.34019156579612,80469381
2012-11-05,69.57438801948088,68.34019156579612,69.72339077836133,67.94256163425861,69.57438801948088,34382405
2012-11-06,69.55753160796468,69.57438801948088,69.59505462866535,69.39269950875718,69.55753160796468,71575871
2012-11-07,69.30822060939938,69.55753160796468,69.66654524490943,69.24575113997521,69.30822060939938,81668311
2012-11-08,69.4342758999423,69.30822060939938,69.55234471681845,69.29426545721802,69.4342758999423,38423095
2012-11-09,69.79224715538128,69.4342758999423,69.96203363870157,69.26084146170741,69.79224715538128,58910609
2012-11-12,69.56181090656452,69.79224715538128,69.92912553134171,69.37781370617743,69.56181090656452,91935007
2012-11-13,69.86275191097829,69.56181090656452,70.05460962285497,69.44363845881679,69.86275191097829,54010735
2012-11-14,69.5093602275023,69.86275191097829,70.11901794290202,69.40208799896665,69.5093602275023,37774767
2012-11-15,70.13449756053544,69.5093602275023,70.48560078545927,69.2920375152424,70.13449756053544,60369308
2012-11-16,69.8537965708817,70.13449756053544,70.37286922937473,69.57691699268166,69.8537965708817,98940703
2012-11-19,69.87418200096181,69.8537965708817,70.30609305285192,69.64706132527351,69.87418200096181,44440779
2012-11-20,69.42726575513706,69.87418200096181,69.92700767098727,69.40219422349573,69.42726575513706,73079405
2012-11-21,70.03582585356874,69.42726575513706,70.16169792058754,69.38248838952539,70.03582585356874,87165576
2012-11-22,69.70881577887694,70.03582585356874,70.25370842648896,69.53671545640978,69.70881577887694,94777414
2012-11-23,69.84091127709355,69.70881577887694,69.89863108489203,69.40275857421675,69.84091127709355,67451277
2012-11-26,69.8431247393614,69.84091127709355,69.88131780053162,69.63922184929687,69.8431247393614,77594634
2012-11-27,69.81933432067537,69.8431247393614,70.11848814440103,69.81052890793949,69.81933432067537,57558034
2012-11-28,71.00447614770498,69.81933432067537,71.03400727043456,69.62930676056176,71.00447614770498,50754876
2012-11-29,70.79069663792497,71.00447614770498,71.11058069164586,70.7087352132799,70.79069663792497,88522432
2012-11-30,71.06294224027079,70.79069663792497,71.17298242952515,70.74040313767036,71.06294224027079,80811798
2012-12-03,70.02083827053075,71.06294224027079,71.2900788870539,69.87100106173929,70.02083827053075,45313511
2012-12-04,70.54125172537181,70.02083827053075,70.70521827182748,69.86699939120192,70.54125172537181,33699940
2012-12-05,70.12416214775055,70.54125172537181,70.65396396725122,69.95637628460445,70.12416214775055,71604923
2012-12-06,70.39942390628039,70.12416214775055,70.79975178178412,70.06205992613417,70.39942390628039,81118398
2012-12-07,70.38507510521788,70.39942390628039,70.43117299900959,70.2553102447846,70.38507510521788,67433217
2012-12-10,71.212846340344,70.38507510521788,71.25558126642025,70.15088295768767,71.212846340344,78836643
2012-12-11,70.69836768175622,71.212846340344,71.2271622677579,70.67614605114237,70.69836768175622,91964542
2012-12-12,71.28198351217088,70.69836768175622,71.4576966295097,70.58945931432902,71.28198351217088,79947960
2012-12-13,71.18210741243463,71.28198351217088,71.62916865949784,70.89536860005339,71.18210741243463,61478721
2012-12-14,71.85042137615076,71.18210741243463,71.96416808257263,71.04235293293085,71.85042137615076,58836884
2012-12-17,70.57085563422581,71.85042137615076,72.09340919581949,70.4375875492168,70.57085563422581,93779293
2012-12-18,71.6093336333822,70.57085563422581,71.70616526608033,70.55848689690126,71.6093336333822,63210103
2012-12-19,71.6340873293298,71.6093336333822,72.06425847693555,71.21371377346638,71.6340873293298,88640855
2012-12-20,70.94336012386455,71.6340873293298,71.77405047875911,70.70316135777618,70.94336012386455,74041153
2012-12-21,71.71415789359334,70.94336012386455,71.92244347497639,70.3564059142349,71.71415789359334,94425637
2012-12-24,71.53939112066776,71.71415789359334,71.84699301657238,71.11356117926397,71.53939112066776,34690389
2012-12-25,71.40256654966826,71.53939112066776,71.68391805467806,71.28960838638699,71.40256654966826,98525404
2012-12-26,71.25363082095099,71.40256654966826,71.59274098844794,71.14096361113009,71.25363082095099,91096525
2012-12-27,71.35541564802948,71.25363082095099,71.65478386783721,71.11734118151475,71.35541564802948,43085463
2012-12-28,72.41204556078004,71.35541564802948,72.5817450729067,71.32377192794283,72.41204556078004,52849921
2012-12-31,71.74218041763895,72.41204556078004,72.45883568053863,71.19734948446244,71.74218041763895,57783020
2013-01-01,72.08726151345307,71.74218041763895,72.11777918633514,71.59002053367027,72.08726151345307,60216637
2013-01-02,71.58675422220077,72.08726151345307,72.4170574780058,71.53312311100659,71.58675422220077,77609814
2013-01-03,71.65498837579447,71.58675422220077,71.68374625394327,71.57695195102995,71.65498837579447,65554358
2013-01-04,72.38951453132998,71.65498837579447,72.57637470029229,71.65050818731352,72.38951453132998,43477195
2013-01-07,71.57823334570868,72.38951453132998,72.54030038030305,71.47231455814182,71.57823334570868,50768178
2013-01-08,71.97928742176835,71.57823334570868,72.53484207283975,71.57202718572975,71.97928742176835,77202192
2013-01-09,72.20583118483542,71.97928742176835,72.31410129484438,71.57460788274203,72.20583118483542,88899941
2013-01-10,72.29830235937447,72.20583118483542,72.73017051696152,71.73006720118018,72.29830235937447,74915930
2013-01-11,72.25781820241836,72.29830235937447,72.37665134850045,71.99751646049563,72.25781820241836,60159664
2013-01-14,72.5303579981902,72.25781820241836,72.55701093019701,71.97927630906726,72.5303579981902,85459311
2013-01-15,72.70260548831723,72.5303579981902,72.72165882559275,72.45525921753529,72.70260548831723,59266580
2013-01-16,72.78249438745041,72.70260548831723,72.94206559408909,72.65112458649122,72.78249438745041,98016359
2013-01-17,72.22289377911248,72.78249438745041,72.83605322209569,71.98914086617562,72.22289377911248,48122462
2013-01-18,72.54194882572006,72.22289377911248,72.81234912210321,71.75504782624407,72.54194882572006,52331751
2013-01-21,73.14403153075331,72.54194882572006,73.3513748309706,72.43335172977443,73.14403153075331,78235936
2013-01-22,73.09972968631722,73.14403153075331,73.28574025993316,72.71362354206566,73.09972968631722,41905895
2013-01-23,72.3387231223477,73.09972968631722,73.32246380920616,72.27685278559892,72.3387231223477,54499752
2013-01-24,73.03134589916064,72.3387231223477,73.14926485294357,72.23618278850792,73.03134589916064,94750123
2013-01-25,72.24600878805067,73.03134589916064,73.33138724703046,72.22873605317321,72.24600878805067,54578297
2013-01-28,73.04939687391366,72.24600878805067,73.43615527310904,72.11490950461122,73.04939687391366,42322303
2013-01-29,73.79037742902361,73.04939687391366,73.96177843844201,72.88481145657583,73.79037742902361,44620810
2013-01-30,72.81454505116676,73.79037742902361,73.8398907512785,72.67918499087082,72.81454505116676,83440474
2013-01-31,72.92033656237646,72.81454505116676,72.99266185318855,72.71522468483006,72.92033656237646,60977254
2013-02-01,73.57030252640862,72.92033656237646,73.69508142752503,72.79971210417048,73.57030252640862,50940713
2013-02-04,72.78897892813117,73.57030252640862,73.60195378622893,72.7503497972538,72.78897892813117,56763275
2013-02-05,73.18707250838413,72.78897892813117,73.31339853133106,72.6641301252892,73.18707250838413,54281360
2013-02-06,73.70301498571149,73.18707250838413,73.91541526012352,73.16097711272576,73.70301498571149,72250727
2013-02-07,73.31513359149486,73.70301498571149,73.8780222278655,73.20490529914068,73.31513359149486,88023001
2013-02-08,73.52605104664266,73.31513359149486,73.56394868143836,72.83636090776685,73.52605104664266,72812987
2013-02-11,73.9515677681225,73.52605104664266,73.98409871684794,73.43911856491104,73.9515677681225,89478603
2013-02-12,73.89736360434914,73.9515677681225,74.4727285502929,73.82883011324873,73.89736360434914,43318931
2013-02-13,73.90491620818128,73.89736360434914,74.11552062416936,73.88358524003307,73.90491620818128,71121361
2013-02-14,73.74571128717284,73.90491620818128,74.10929810841847,73.71267761367089,73.74571128717284,76756082
2013-02-15,74.07228710906395,73.74571128717284,74.0945061649858,73.17799038908267,74.07228710906395,50866225
2013-02-18,73.95421890836309,74.07228710906395,74.14676156545859,73.85663189484244,73.95421890836309,78832768
2013-02-19,74.2340518839338,73.95421890836309,74.26419110956196,73.55720928187675,74.2340518839338,71605114
2013-02-20,73.94484680746433,74.2340518839338,74.50786310591884,73.94198485449108,73.94484680746433,79529141
2013-02-21,74.12582118692372,73.94484680746433,74.2174236309682,73.87667930732546,74.12582118692372,56241539
2013-02-22,73.89050276799117,74.12582118692372,74.52867036486545,73.88675514611502,73.89050276799117,89462870
2013-02-25,74.30957136557188,73.89050276799117,74.43866410068995,73.81185973109706,74.30957136557188,68715270
2013-02-26,74.08545677555999,74.30957136557188,74.86492277489845,73.93902977927758,74.08545677555999,74854617
2013-02-27,74.03690012790744,74.08545677555999,74.35588132269379,73.9860633945645,74.03690012790744,37484027
2013-02-28,74.61250116960419,74.03690012790744,74.85640112176168,73.94252093741301,74.61250116960419,64423960
2013-03-01,74.65997650996498,74.61250116960419,74.74044920710465,74.23720383965804,74.65997650996498,58322974
2013-03-04,74.93734997139855,74.65997650996498,75.09859945900517,74.43459652681864,74.93734997139855,51825212
2013-03-05,74.54863115820388,74.93734997139855,75.13055326967701,74.02523262542971,74.54863115820388,41761415
2013-03-06,74.9267526611238,74.54863115820388,75.0324568623443,74.40174716460267,74.9267526611238,86953412
2013-03-07,75.04481457543143,74.9267526611238,75.38218897673889,74.54997835119848,75.04481457543143,76919758
2013-03-08,75.06980077125564,75.04481457543143,75.1309969311254,74.86680670533842,75.06980077125564,93728867
2013-03-11,74.6582549743819,75.06980077125564,75.49088192133165,74.57906507978093,74.6582549743819,36833478
2013-03-12,75.08829346125205,74.6582549743819,75.10255345415979,74.49419871593408,75.08829346125205,95494573
2013-03-13,75.23350300148633,75.08829346125205,75.25124044176893,74.97323329821494,75.23350300148633,43161595
2013-03-14,75.16398803675733,75.23350300148633,75.50397539756885,75.14415279905812,75.16398803675733,71352851
2013-03-15,74.4410216291417,75.16398803675733,75.16722078475206,74.23769466528137,74.4410216291417,48676987
2013-03-18,75.3507391584442,74.4410216291417,75.44603877479365,74.28240175523034,75.3507391584442,98245213
2013-03-19,76.18846330774709,75.3507391584442,76.42732697307355,74.9733713255968,76.18846330774709,41112124
2013-03-20,75.28358519187842,76.18846330774709,76.21607177433762,74.97087299801628,75.28358519187842,82464101
2013-03-21,75.20908057919654,75.28358519187842,75.4529783812089,74.77143334915172,75.20908057919654,92104029
2013-03-22,75.6894165043297,75.20908057919654,75.95167977859366,74.98315412532195,75.6894165043297,99922374
2013-03-25,75.73100234279575,75.6894165043297,75.77500094142273,75.6690426747764,75.73100234279575,69380576
2013-03-26,76.1287349513011,75.73100234279575,76.12940320172655,75.63951894105013,76.1287349513011,66459751
2013-03-27,75.26556864031063,76.1287349513011,76.16936677362727,75.1510833287636,75.26556864031063,99830648
2013-03-28,76.08366832154051,75.26556864031063,76.32804945330018,75.23490643206217,76.08366832154051,68817821
2013-03-29,76.09494720775217,76.08366832154051,76.21540256647896,76.07259909240537,76.09494720775217,44732604
2013-04-01,75.88151404065194,76.09494720775217,76.09576506144415,75.59576863647735,75.88151404065194,64380172
2013-04-02,76.12870118081024,75.88151404065194,76.1731596636181,75.43336067937338,76.12870118081024,84889143
2013-04-03,76.45604205509822,76.12870118081024,76.7478965689444,76.08316557760747,76.45604205509822,40643982
2013-04-04,76.46107488659146,76.45604205509822,76.51094414214988,76.2620818333761,76.46107488659146,47682967
2013-04-05,75.7580949007874,76.46107488659146,76.6571755051401,75.63406540525835,75.7580949007874,66635611
2013-04-08,76.57078289572418,75.7580949007874,76.57294112469054,75.71648307367927,76.57078289572418,33793501
2013-04-09,76.2978946387892,76.57078289572418,76.8134254042167,76.06210619522415,76.2978946387892,87941062
2013-04-10,76.41492997808076,76.2978946387892,76.50606114512941,76.02804239813932,76.41492997808076,72044091
2013-04-11,76.47959304333452,76.41492997808076,76.48267222311738,75.93417449081493,76.47959304333452,78621577
2013-04-12,76.45864897267266,76.47959304333452,76.48264069904836,76.38923670860854,76.45864897267266,36166034
2013-04-15,77.03695380615035,76.45864897267266,77.2575349392435,76.26754827122596,77.03695380615035,54236161
2013-04-16,76.61307840764488,77.03695380615035,77.1541075348976,76.42539086755355,76.61307840764488,31479056
2013-04-17,76.28027730753303,76.61307840764488,76.62231903308306,76.01062360003947,76.28027730753303,61057116
2013-04-18,76.62312886174067,76.28027730753303,76.73852144569823,76.02946499870102,76.62312886174067,98600244
2013-04-19,76.90736303474881,76.62312886174067,77.16264820602456,76.4385339976061,76.90736303474881,67381232
2013-04-22,77.37587871705875,76.90736303474881,77.66608840782803,76.52563027413692,77.37587871705875,91797827
2013-04-23,77.19983611585289,77.37587871705875,77.47395169054906,77.14126921694772,77.19983611585289,98081194
2013-04-24,76.70466479908904,77.19983611585289,77.4378552727898,76.1427938511852,76.70466479908904,70791257
2013-04-25,78.05477482271976,76.70466479908904,78.12865903903456,76.42621169372195,78.05477482271976,91064304
2013-04-26,77.26344234578376,78.05477482271976,78.06598167618334,77.19242610918641,77.26344234578376,75441723
2013-04-29,77.71827184302737,77.26344234578376,77.77679452782769,76.83476745927571,77.71827184302737,95792407
2013-04-30,77.23169229308854,77.71827184302737,77.76010312098157,77.15831828799847,77.23169229308854,73653218
2013-05-01,77.56112830141994,77.23169229308854,77.91403047644727,77.11097825521027,77.56112830141994,94970859
2013-05-02,77.74431038884585,77.56112830141994,77.8257697621103,77.46711277368331,77.74431038884585,56701975
2013-05-03,77.9558231770377,77.74431038884585,78.33387500582107,77.32486079180143,77.9558231770377,51281516
2013-05-06,77.95837313002085,77.9558231770377,78.1125726407586,77.75638851492101,77.95837313002085,77747098
2013-05-07,77.95137193260896,77.95837313002085,78.03281581769647,77.94044624019443,77.95137193260896,51327990
2013-05-08,77.55504373407815,77.95137193260896,78.07803217731038,77.39227835609265,77.55504373407815,73676370
2013-05-09,77.51969226433644,77.55504373407815,77.57528914242805,77.16104130862752,77.51969226433644,62106595
2013-05-10,77.93584666369387,77.51969226433644,78.07218517839843,77.31375483615803,77.93584666369387,71791490
2013-05-13,78.23428567203732,77.93584666369387,78.34852529322212,77.82753074537875,78.23428567203732,56919717
2013-05-14,77.84869464305221,78.23428567203732,78.28059569362944,77.78244265202994,77.84869464305221,56953672
2013-05-15,78.4154170666286,77.84869464305221,78.59739124320714,77.74901946475728,78.4154170666286,31596744
2013-05-16,78.63150524581879,78.4154170666286,78.8794165032855,78.25416214773436,78.63150524581879,97630185
2013-05-17,77.77107592483938,78.63150524581879,78.71178969921431,77.5364339578602,77.77107592483938,72415333
2013-05-20,77.86633938935448,77.77107592483938,77.91906797447737,77.76229229492132,77.86633938935448,54059987
2013-05-21,78.20313711404768,77.86633938935448,78.31003616740344,77.59508154586557,78.20313711404768,32019590
2013-05-22,78.4430457352199,78.20313711404768,78.62971379517187,77.82586708390616,78.4430457352199,90508617
2013-05-23,78.18150034783002,78.4430457352199,78.6585257549551,77.9949359804982,78.18150034783002,79061524
2013-05-24,78.98202530887175,78.18150034783002,79.26314182746306,78.17465764646047,78.98202530887175,40733976
2013-05-27,78.68260947434449,78.98202530887175,79.21633473123634,78.61892756366619,78.68260947434449,79257552
2013-05-28,78.59614403379264,78.68260947434449,78.79847895521584,78.59341033588031,78.59614403379264,65552667
2013-05-29,78.08052460980782,78.59614403379264,78.72156733011816,77.84020602725681,78.08052460980782,92937907
2013-05-30,78.19184022708338,78.08052460980782,78.80933359167973,78.07475116914502,78.19184022708338,75550582
2013-05-31,78.88487493374004,78.19184022708338,78.98661278184001,77.87872253132826,78.88487493374004,71218849
2013-06-03,77.99805424027058,78.88487493374004,79.28189275331047,77.96902089363587,77.99805424027058,43423486
2013-06-04,79.30272759741764,77.99805424027058,79.60406971363999,77.61521519479335,79.30272759741764,33552104
2013-06-05,78.90529667564138,79.30272759741764,79.5381736603764,78.71051282235335,78.90529667564138,81321598
2013-06-06,80.31380286701727,78.90529667564138,80.47923433007264,78.6867796963439,80.31380286701727,30671118
2013-06-07,80.0095178462114,80.31380286701727,80.51756444095605,79.99213280139101,80.0095178462114,98838407
2013-06-10,79.08947161033332,80.0095178462114,80.0738211918663,78.89150046547074,79.08947161033332,59136497
2013-06-11,79.18368327770695,79.08947161033332,79.35205428386227,79.07463906765281,79.18368327770695,92768644
2013-06-12,79.68502247764789,79.18368327770695,79.88089023734967,78.93636702290208,79.68502247764789,45492168
2013-06-13,80.03061364845136,79.68502247764789,80.30875332276828,79.52891762092096,80.03061364845136,91814904
2013-06-14,78.76889878396653,80.03061364845136,80.32443651221773,78.18187890298347,78.76889878396653,67683501
2013-06-17,78.77393078280097,78.76889878396653,78.9982702327671,78.48710838850567,78.77393078280097,61038400
2013-06-18,79.30097776927465,78.77393078280097,79.4256386578584,78.72572104710494,79.30097776927465,97216240
2013-06-19,79.84487037988275,79.30097776927465,79.86708555408015,79.13988180413902,79.84487037988275,35875945
2013-06-20,79.87536738202479,79.84487037988275,79.99446890907603,79.79637823287686,79.87536738202479,45581413
2013-06-21,80.16846371560001,79.87536738202479,80.39770323410563,79.60518793414231,80.16846371560001,63725982
2013-06-24,79.3277335991652,80.16846371560001,80.2557661392387,79.01698070953793,79.3277335991652,80677544
2013-06-25,78.94600448311114,79.3277335991652,79.6070379165367,78.70703694612735,78.94600448311114,81191858
2013-06-26,80.27841277031592,78.94600448311114,80.51778395415612,78.88891368179311,80.27841277031592,91197918
2013-06-27,79.66872149081391,80.27841277031592,80.55607490912585,79.60324916101801,79.66872149081391,41789040
2013-06-28,79.25646985815926,79.66872149081391,80.12298832828412,78.96141248025694,79.25646985815926,89668972
2013-07-01,80.18715134596178,79.25646985815926,80.28176299626514,79.05523337925774,80.18715134596178,60414744
2013-07-02,80.51158625175994,80.18715134596178,80.77883411311248,79.8351855815565,80.51158625175994,46211928
2013-07-03,80.20908417020681,80.51158625175994,80.57096716580416,80.15046255377914,80.20908417020681,80476160
2013-07-04,80.13870282554929,80.20908417020681,80.53096503435947,80.09840150653336,80.13870282554929,33520597
2013-07-05,80.32304343830523,80.13870282554929,80.47055790084723,79.87111952873059,80.32304343830523,84030035
2013-07-08,80.30254299847942,80.32304343830523,80.46022459143119,80.05415693688633,80.30254299847942,86761364
2013-07-09,79.97343135622538,80.30254299847942,80.31980849986824,79.65707057832763,79.97343135622538,75052328
2013-07-10,80.29269801110934,79.97343135622538,80.35108094949815,79.70522581774192,80.29269801110934,96629792
2013-07-11,80.85535480040879,80.29269801110934,81.08875443358043,80.10382271927632,80.85535480040879,58322172
2013-07-12,80.83949027589097,80.85535480040879,81.09446018287757,80.56930470710344,80.83949027589097,95818867
2013-07-15,80.84206802486145,80.83949027589097,81.02973009144642,80.69600523748252,80.84206802486145,79706531
2013-07-16,80.436477081367,80.84206802486145,81.08656026924893,80.06934095406656,80.436477081367,81282012
2013-07-17,80.82980484989737,80.436477081367,80.85040989385949,80.30795652585824,80.82980484989737,53791983
2013-07-18,80.08638173119813,80.82980484989737,81.09360738949646,79.95490749650565,80.08638173119813,61068318
2013-07-19,81.1045698999484,80.08638173119813,81.27105540322268,79.65636813064846,81.1045698999484,30155582
2013-07-22,81.67615294797471,81.1045698999484,81.84908314570777,81.03250413736167,81.67615294797471,92913715
2013-07-23,80.56307799286807,81.67615294797471,81.7400094060084,80.52434504864169,80.56307799286807,48977205
2013-07-24,80.98784421267514,80.56307799286807,81.34922196252897,80.47383571955218,80.98784421267514,63233268
2013-07-25,81.42408856166927,80.98784421267514,81.44539032265325,80.60132924009885,81.42408856166927,38723155
2013-07-26,81.86446276193969,81.42408856166927,82.17079229172771,81.33650365138051,81.86446276193969,91377698
2013-07-29,81.23688404329975,81.86446276193969,81.89773854715045,81.13732835933516,81.23688404329975,85007085
2013-07-30,81.20183478520553,81.23688404329975,81.61252042464088,81.00839162335734,81.20183478520553,52621750
2013-07-31,80.74557456386647,81.20183478520553,81.52680408608556,80.72777669184921,80.74557456386647,62565973
2013-08-01,81.65511265599184,80.74557456386647,81.84563078469044,80.50875259710664,81.65511265599184,49525996
2013-08-02,82.51137686026514,81.65511265599184,82.52986415538896,81.40307334576333,82.51137686026514,92687246
2013-08-05,81.85529457139009,82.51137686026514,82.51694647430722,81.41122745683613,81.85529457139009,86158360
2013-08-06,81.79733879174034,81.85529457139009,82.04285773747117,81.76310316301506,81.79733879174034,99594054
2013-08-07,82.00281369431075,81.79733879174034,82.09916797037283,81.64761689085304,82.00281369431075,33404851
2013-08-08,81.93093972741461,82.00281369431075,82.46592968968552,81.84684923064887,81.93093972741461,38762198
2013-08-09,81.66666410737335,81.93093972741461,82.05187079092168,81.49092978449173,81.66666410737335,34129236
2013-08-12,82.40232646862647,81.66666410737335,82.68193452813344,81.50490072929964,82.40232646862647,43263726
2013-08-13,82.22174013513587,82.40232646862647,82.64017449540928,82.0031850341118,82.22174013513587,36027859
2013-08-14,82.20078686547208,82.22174013513587,82.22179537531761,82.19526675633882,82.20078686547208,98612462
2013-08-15,81.85690590813554,82.20078686547208,82.22424488482821,81.69683270546172,81.85690590813554,46355968
2013-08-16,82.85912132940281,81.85690590813554,83.2101313613728,81.74322808463162,82.85912132940281,65646333
2013-08-19,82.6609114212227,82.85912132940281,82.90025878617732,82.49351340143626,82.6609114212227,75890575
2013-08-20,82.22366682898212,82.6609114212227,82.9004973760036,81.92827965850356,82.22366682898212,72038682
2013-08-21,82.92946257672877,82.22366682898212,83.21018085680414,82.20228179229699,82.92946257672877,52515499
2013-08-22,82.37519655705385,82.92946257672877,83.24604165302416,82.19158337800255,82.37519655705385,88261595
2013-08-23,82.32201726648172,82.37519655705385,82.76075469220184,81.94438122806108,82.32201726648172,45319497
2013-08-26,82.39550342044849,82.32201726648172,82.91887738678764,82.04602762874612,82.39550342044849,78821299
2013-08-27,82.04119969238323,82.39550342044849,82.49716145106828,81.76550941146489,82.04119969238323,95537884
2013-08-28,83.03401948917967,82.04119969238323,83.0702929828371,81.99377661457875,83.03401948917967,65764170
2013-08-29,82.14418671978555,83.03401948917967,83.50532894677555,81.94853525533914,82.14418671978555,87751418
2013-08-30,82.45813588161039,82.14418671978555,82.47350675424661,82.0915495690744,82.45813588161039,96398199
2013-09-02,82.170554268489,82.45813588161039,82.51465652498082,81.8724416830656,82.170554268489,90923354
2013-09-03,83.06101362441461,82.170554268489,83.08248375952216,82.09592439279454,83.06101362441461,74503426
2013-09-04,83.09878610539018,83.06101362441461,83.23916016733607,82.99713281492541,83.09878610539018,61360957
2013-09-05,83.08985867257728,83.09878610539018,83.33476119277046,82.94435270212163,83.08985867257728,73005534
2013-09-06,82.85613941812267,83.08985867257728,83.3716645637061,82.82432341245253,82.85613941812267,63683092
2013-09-09,82.86628193243867,82.85613941812267,82.87394055064148,82.66686561480688,82.86628193243867,52836512
2013-09-10,83.61304201082766,82.86628193243867,83.99952299038559,82.7030752779024,83.61304201082766,63832389
2013-09-11,83.25405993560297,83.61304201082766,83.74510438457594,82.92605418645897,83.25405993560297,94885106
2013-09-12,83.68054323431913,83.25405993560297,83.78969480272949,82.88970208828756,83.68054323431913,39131669
2013-09-13,83.24281216218806,83.68054323431913,83.8852913426589,83.18502049158857,83.24281216218806,33842252
2013-09-16,83.75317367012067,83.24281216218806,84.16096158168551,83.18149679566706,83.75317367012067,56323115
2013-09-17,84.28763061046331,83.75317367012067,84.59447046484301,83.61283061607071,84.28763061046331,81732701
2013-09-18,84.05207399184201,84.28763061046331,84.56514383406115,83.90312832608798,84.05207399184201,31512503
2013-09-19,83.69802001171567,84.05207399184201,84.34758442383986,83.344232423315,83.69802001171567,35850686
2013-09-20,84.04342447110744,83.69802001171567,84.50206230094845,83.49109676638633,84.04342447110744,74726886
2013-09-23,83.89892062669732,84.04342447110744,84.51453674191654,83.82261778974346,83.89892062669732,39031846
2013-09-24,84.06782834859911,83.89892062669732,84.41935401691131,83.73902739325645,84.06782834859911,62851462
2013-09-25,83.9920655445156,84.06782834859911,84.114263902522,83.80316731747438,83.9920655445156,76538893
2013-09-26,84.1243685665547,83.9920655445156,84.14180381120039,83.9078921194252,84.1243685665547,63620057
2013-09-27,84.34741739326286,84.1243685665547,85.05862511254017,83.79660109360319,84.34741739326286,69546769
2013-09-30,83.90376779988593,84.34741739326286,84.41505989485124,83.47025363009786,83.90376779988593,60354872
2013-10-01,83.95846144977327,83.90376779988593,84.07140570933313,83.52968671278497,83.95846144977327,83333626
2013-10-02,83.86528961194676,83.95846144977327,84.0477032614219,83.7516437074289,83.86528961194676,46875379
2013-10-03,83.83988543648391,83.86528961194676,84.09261168339945,83.78369634358548,83.83988543648391,81024754
2013-10-04,84.06585238403191,83.83988543648391,84.16357674706872,83.79030890310204,84.06585238403191,74654193
2013-10-07,84.71264993836354,84.06585238403191,84.89372435651099,83.87467006477405,84.71264993836354,58826309
2013-10-08,84.33153870714813,84.71264993836354,84.88783461447335,83.88681796550068,84.33153870714813,41101519
2013-10-09,84.99189980838699,84.33153870714813,85.35153472440322,84.18723140297693,84.99189980838699,52428575
2013-10-10,84.85343502568053,84.99189980838699,85.32278900864019,84.56894198172049,84.85343502568053,35529473
2013-10-11,84.0675640177792,84.85343502568053,85.22563030921141,83.67724484834697,84.0675640177792,89899502
2013-10-14,85.24600091755484,84.0675640177792,85.50419041659045,83.616842854918,85.24600091755484,86488650
2013-10-15,85.37697826286771,85.24600091755484,85.76490739154893,84.98808126293777,85.37697826286771,58146546
2013-10-16,84.6739016554493,85.37697826286771,85.4471680872916,84.6111943927093,84.6739016554493,51153169
2013-10-17,85.34021059245852,84.6739016554493,85.40829267262983,84.27751768547091,85.34021059245852,59476533
2013-10-18,84.86082768657498,85.34021059245852,85.36649074508439,84.57769401663313,84.86082768657498,50067554
2013-10-21,85.33197427034236,84.86082768657498,85.68105217822885,84.64267461506283,85.33197427034236,96303779
2013-10-22,84.815183421806,85.33197427034236,85.44420988879824,84.66892984281836,84.815183421806,37301477
2013-10-23,84.65352485704652,84.815183421806,84.9708027176777,84.3285533201108,84.65352485704652,43814347
2013-10-24,85.32024749153639,84.65352485704652,85.32986223484573,84.28546171920749,85.32024749153639,52527804
2013-10-25,85.4954630378192,85.32024749153639,85.53445381800192,85.29128024837374,85.4954630378192,67945054
2013-10-28,85.44267066018497,85.4954630378192,86.08537381360554,85.32715178216607,85.44267066018497,73281268
2013-10-29,85.17019594150982,85.44267066018497,85.81212692444878,84.59284369915184,85.17019594150982,40292259
2013-10-30,85.57049488594443,85.17019594150982,85.90142983333926,84.98593146043248,85.57049488594443,79399261
2013-10-31,85.92198774868787,85.57049488594443,86.09118701932243,85.50469340372639,85.92198774868787,32400705
2013-11-01,85.85169270222804,85.92198774868787,86.0455929708297,85.50050451943922,85.85169270222804,82968268
2013-11-04,86.01390044282522,85.85169270222804,86.43433256507184,85.77392893394703,86.01390044282522,97514457
2013-11-05,85.71185046380468,86.01390044282522,86.49078992046832,85.5818374356495,85.71185046380468,40610083
2013-11-06,86.56873280588108,85.71185046380468,86.7042388409093,85.6912385395923,86.56873280588108,31627867
2013-11-07,85.6225189018385,86.56873280588108,86.88258312500717,85.35572231279298,85.6225189018385,89668445
2013-11-08,86.40367114738963,85.6225189018385,86.51048771994172,85.11079106290639,86.40367114738963,51872589
2013-11-11,86.76780270686692,86.40367114738963,87.05753708586263,86.3290104075171,86.76780270686692,60461565
2013-11-12,86.53014678325742,86.76780270686692,86.88053072813783,86.17111830413062,86.53014678325742,33719671
2013-11-13,86.29961937418071,86.53014678325742,86.57854389453777,86.16709722962858,86.29961937418071,70598661
2013-11-14,86.22325224434569,86.29961937418071,86.42372356257091,85.82332071913603,86.22325224434569,59548303
2013-11-15,86.96432049679129,86.22325224434569,87.065715827784,85.85730080475233,86.96432049679129,35354772
2013-11-18,85.96463472590285,86.96432049679129,87.03440198778084,85.9477351664721,85.96463472590285,56457117
2013-11-19,86.22487842526134,85.96463472590285,86.50648064623815,85.81801190488655,86.22487842526134,79450628
2013-11-20,86.5373168913481,86.22487842526134,87.26458679775283,86.15054597329743,86.5373168913481,88487689
2013-11-21,87.31117558188828,86.5373168913481,87.43878100025385,85.84555112528528,87.31117558188828,64257391
2013-11-22,87.00360233487454,87.31117558188828,87.8920417491957,86.5143572973113,87.00360233487454,99954750
2013-11-25,86.48259431073765,87.00360233487454,87.22339919345626,86.45006190110267,86.48259431073765,57395258
2013-11-26,86.83280813327134,86.48259431073765,87.16293171387105,86.32481022008739,86.83280813327134,38358027
2013-11-27,86.76492841245616,86.83280813327134,87.04801776457472,86.73446324123557,86.76492841245616,70433983
2013-11-28,86.78767253564024,86.76492841245616,86.87141899271279,86.70146153495736,86.78767253564024,65856250
2013-11-29,87.5878967076162,86.78767253564024,87.69266395471385,86.46394790274834,87.5878967076162,83913896
2013-12-02,86.62754944814056,87.5878967076162,87.68512517616794,86.60674811112004,86.62754944814056,98627655
2013-12-03,87.99247757993827,86.62754944814056,88.06621974099158,86.28387951002637,87.99247757993827,99471003
2013-12-04,87.71658806468064,87.99247757993827,88.09039502039197,87.24308777831754,87.71658806468064,74775423
2013-12-05,87.89616695602194,87.71658806468064,87.91757666502734,87.4990726891682,87.89616695602194,51777786
2013-12-06,87.2813722650625,87.89616695602194,88.11643477731828,86.92138950482169,87.2813722650625,85233982
2013-12-09,87.48275175619666,87.2813722650625,87.57095416184735,87.1345936221232,87.48275175619666,90496372
2013-12-10,86.98509026963724,87.48275175619666,87.6140054957681,86.5429861758606,86.98509026963724,44644767
2013-12-11,87.44741412541812,86.98509026963724,87.57846952960725,86.80494317455661,87.44741412541812,44745617
2013-12-12,87.95850664283701,87.44741412541812,88.19188935084794,87.33169951083237,87.95850664283701,73889972
2013-12-13,88.37546510551113,87.95850664283701,88.45186128733499,87.87755684117153,88.37546510551113,48159471
2013-12-16,87.38453303726293,88.37546510551113,88.47060520148676,87.30405283731854,87.38453303726293,46205432
2013-12-17,87.77477916383519,87.38453303726293,88.08782077970315,87.2227058643975,87.77477916383519,77624522
2013-12-18,87.93342834309769,87.77477916383519,88.10886764582447,87.59082723814939,87.93342834309769,67471804
2013-12-19,87.44991862548622,87.93342834309769,88.1591734796006,87.22723472086378,87.44991862548622,79669041
2013-12-20,88.38960744007805,87.44991862548622,88.70407687389857,87.43301747715412,88.38960744007805,80217227
2013-12-23,87.8742920053251,88.38960744007805,88.43811067949845,87.51577327354651,87.8742920053251,72387443
2013-12-24,88.17184064502898,87.8742920053251,88.66218159634295,87.76800712647311,88.17184064502898,90721601
2013-12-25,88.12299397092019,88.17184064502898,88.29408757696264,88.01142646437022,88.12299397092019,52453886
2013-12-26,88.03826007973034,88.12299397092019,88.1518612381452,87.98102244212348,88.03826007973034,66876170
2013-12-27,88.44849720158263,88.03826007973034,88.74956873052591,87.54509669866084,88.44849720158263,38084476
2013-12-30,88.42070440587247,88.44849720158263,88.6267874306457,88.00585322414206,88.42070440587247,54751704
2013-12-31,88.41594810568755,88.42070440587247,88.47463704391811,87.82781838130344,88.41594810568755,50928831
2014-01-01,88.32228830058426,88.41594810568755,88.71361012072904,88.12864126845058,88.32228830058426,75867812
2014-01-02,88.85140207171824,88.32228830058426,89.22008269613308,88.13404933903676,88.85140207171824,31941272
2014-01-03,89.50818624562754,88.85140207171824,89.6908238595149,88.56996224250054,89.50818624562754,59888187
2014-01-06,88.90084668374823,89.50818624562754,89.55699897089464,88.63921924806093,88.90084668374823,45420856
2014-01-07,89.34601641940245,88.90084668374823,89.42493190784548,88.64720687774658,89.34601641940245,63121354
2014-01-08,88.34931740813334,89.34601641940245,89.44616974934382,88.22672002839015,88.34931740813334,52721802
2014-01-09,89.10248735039528,88.34931740813334,89.17267578348336,88.24937818617246,89.10248735039528,63156034
2014-01-10,88.60791430693578,89.10248735039528,89.44501069446223,88.4001919467369,88.60791430693578,43262759
2014-01-13,88.502867661339,88.60791430693578,89.11024235996254,88.38997527431687,88.502867661339,75696820
2014-01-14,88.89595140112391,88.502867661339,89.00826171978318,88.40224412928261,88.89595140112391,69718740
2014-01-15,89.82244796091238,88.89595140112391,89.94315066571616,88.67999310454613,89.82244796091238,49529186
2014-01-16,89.7792812653895,89.82244796091238,89.94565511654567,89.41705235970393,89.7792812653895,35762075
2014-01-17,89.528001466054,89.7792812653895,90.14363046587107,88.95250118940486,89.528001466054,87458005
2014-01-20,88.79811107207506,89.528001466054,89.84982564033156,88.68268662354832,88.79811107207506,41187058
2014-01-21,89.46050401802371,88.79811107207506,89.53713811117804,88.55013170292561,89.46050401802371,46742189
2014-01-22,89.74808429431114,89.46050401802371,90.09806715611954,89.39191651958956,89.74808429431114,72357521
2014-01-23,89.75612753519815,89.74808429431114,89.94839640065797,89.51726348378065,89.75612753519815,48629142
2014-01-24,88.91460745979946,89.75612753519815,90.00678607515047,88.37677340839535,88.91460745979946,73655452
2014-01-27,89.40667017921173,88.91460745979946,89.89228853745243,88.83045063519874,89.40667017921173,31845869
2014-01-28,89.84217408856156,89.40667017921173,90.16963374842938,89.23129063488636,89.84217408856156,94840809
2014-01-29,90.17664178318289,89.84217408856156,90.20525583714186,89.47809835695986,90.17664178318289,48288685
2014-01-30,89.01174248050502,90.17664178318289,90.26639786954296,88.78154273574575,89.01174248050502,97018496
2014-01-31,89.99150804200971,89.01174248050502,90.4041887498005,88.98196300661256,89.99150804200971,75511823
2014-02-03,90.193496494039,89.99150804200971,90.27752246126943,89.16232537756282,90.193496494039,51815357
2014-02-04,90.57669598707925,90.193496494039,90.87973406253167,89.60437889279879,90.57669598707925,96148069
2014-02-05,90.57074443882199,90.57669598707925,90.79221453898816,90.19873931631543,90.57074443882199,42601679
2014-02-06,90.5856773697846,90.57074443882199,90.90927091458948,90.46364686213512,90.5856773697846,71214162
2014-02-07,90.02557527422923,90.5856773697846,90.71079222371327,89.58882023403471,90.02557527422923,53546255
2014-02-10,89.58870354959778,90.02557527422923,90.03312916211705,89.44707586517544,89.58870354959778,51729988
2014-02-11,90.3382409618848,89.58870354959778,90.41239454177689,89.51412653311773,90.3382409618848,68398298
2014-02-12,91.03428744599769,90.3382409618848,91.19828752698221,90.05707221992952,91.03428744599769,76558415
2014-02-13,91.27671084231349,91.03428744599769,91.56951294134458,90.56401407006499,91.27671084231349,71540404
2014-02-14,91.03194581865506,91.27671084231349,91.3337237157017,90.6436327348225,91.03194581865506,52597034
2014-02-17,90.96905888312324,91.03194581865506,91.24706953625056,90.70559920146471,90.96905888312324,40291999
2014-02-18,91.01113955642822,90.96905888312324,91.07292490777212,90.66062882780808,91.01113955642822,66003306
2014-02-19,90.65046086639164,91.01113955642822,91.54725509930846,90.54405038131236,90.65046086639164,44048534
2014-02-20,90.90858547938367,90.65046086639164,90.99999239842022,90.47244066979641,90.90858547938367,73671443
2014-02-21,91.79195390352935,90.90858547938367,91.89187558459389,90.85079200248028,91.79195390352935,86001244
2014-02-24,90.66745422445867,91.79195390352935,92.21257989070016,90.47437534396335,90.66745422445867,43947847
2014-02-25,91.89731691331387,90.66745422445867,91.95780712409905,90.65736501981486,91.89731691331387,72266396
2014-02-26,91.07892006114459,91.89731691331387,91.96208470640309,90.87955070534424,91.07892006114459,37183505
2014-02-27,91.89531820463532,91.07892006114459,92.00216881263123,90.79803429109089,91.89531820463532,98049988
2014-02-28,90.71224191824243,91.89531820463532,92.35444135842812,90.58185600756117,90.71224191824243,98143755
2014-03-03,91.6871697590485,90.71224191824243,91.92112755882422,90.54114124545708,91.6871697590485,45249929
2014-03-04,91.14685804749234,91.6871697590485,92.08725730340194,91.09556141607989,91.14685804749234,72305646
2014-03-05,90.90055995311599,91.14685804749234,91.53897210527329,90.52759914507082,90.90055995311599,34451876
2014-03-06,91.71300591620115,90.90055995311599,91.95695494631354,90.829540094692,91.71300591620115,58954192
2014-03-07,92.14014819728865,91.71300591620115,92.32611192750852,91.62970082525604,92.14014819728865,35922435
2014-03-10,91.35435266913551,92.14014819728865,92.4659298104387,91.17333703885365,91.35435266913551,40780191
2014-03-11,91.11835493169926,91.35435266913551,91.73922388378863,91.08215572734655,91.11835493169926,34777520
2014-03-12,91.82877840502807,91.11835493169926,91.89633753002782,91.09517504298684,91.82877840502807,63160039
2014-03-13,91.89529182467501,91.82877840502807,92.15709457260758,91.13443204762211,91.89529182467501,81825598
2014-03-14,92.25222702867507,91.89529182467501,92.72689057119403,91.89068583468664,92.25222702867507,60984130
2014-03-17,92.5016359526894,92.25222702867507,92.68968357422027,91.74653834532664,92.5016359526894,72334782
2014-03-18,92.10166294230415,92.5016359526894,92.50376554302507,91.76430820842609,92.10166294230415,55830081
2014-03-19,93.04887556027128,92.10166294230415,93.28668868655386,91.73270666315298,93.04887556027128,65017537
2014-03-20,92.3615018337695,93.04887556027128,93.3042578199692,92.07261819622858,92.3615018337695,68251878
2014-03-21,92.16266569996907,92.3615018337695,92.37972975192216,92.0109141956188,92.16266569996907,41471661
2014-03-24,91.64265662637573,92.16266569996907,92.32878788348097,91.50890619922262,91.64265662637573,63753689
2014-03-25,92.33019642173772,91.64265662637573,92.54616492668745,91.46002879302827,92.33019642173772,35507619
2014-03-26,92.36052294202594,92.33019642173772,92.37719064509307,92.26859709005515,92.36052294202594,34150289
2014-03-27,93.02517334924643,92.36052294202594,93.268746264042,91.8337702568339,93.02517334924643,44594966
2014-03-28,92.8593956400516,93.02517334924643,93.28196531176357,92.83619157094364,92.8593956400516,70546380
2014-03-31,92.1629827652303,92.8593956400516,93.27090142493087,92.07498870681286,92.1629827652303,94032747
2014-04-01,92.85409735730937,92.1629827652303,92.9962452323413,92.07213775470635,92.85409735730937,70431744
2014-04-02,93.15043011487681,92.85409735730937,93.45857883000505,92.8371368200272,93.15043011487681,36185478
2014-04-03,93.61302101855435,93.15043011487681,93.662962572887,93.09724770476896,93.61302101855435,79849455
2014-04-04,93.38028813453022,93.61302101855435,93.76180048472293,93.16609254232596,93.38028813453022,64163412
2014-04-07,93.38617447597326,93.38028813453022,93.61166172718599,92.93909989351049,93.38617447597326,91571983
2014-04-08,93.1247432549128,93.38617447597326,93.61939989710355,93.05648737042445,93.1247432549128,76801711
2014-04-09,93.34216855994563,93.1247432549128,93.36886916408265,92.70335301929157,93.34216855994563,70806314
2014-04-10,93.80823696178076,93.34216855994563,93.85878938749127,92.94546584405113,93.80823696178076,97693362
2014-04-11,92.6686464139498,93.80823696178076,94.02750357282888,92.43208089410793,92.6686464139498,84277185
2014-04-14,93.19172944952163,92.6686464139498,93.63268336839016,92.5194059634785,93.19172944952163,95396006
2014-04-15,93.05849046832289,93.19172944952163,93.42942364444129,92.59655703243469,93.05849046832289,63571624
2014-04-16,93.66109447388199,93.05849046832289,94.12141411822562,92.52307434839128,93.66109447388199,91903885
2014-04-17,94.12381359828827,93.66109447388199,94.19711629865117,93.62482515501655,94.12381359828827,56477513
2014-04-18,93.33348074515088,94.12381359828827,94.46588612790748,93.06203923231276,93.33348074515088,84693871
2014-04-21,92.55783163175302,93.33348074515088,93.47500618738054,92.48277861927488,92.55783163175302,73728113
2014-04-22,93.54872363144499,92.55783163175302,93.69204512323684,91.69796136581746,93.54872363144499,50691296
2014-04-23,94.23490026011399,93.54872363144499,94.48134085261587,93.10828978309043,94.23490026011399,65689057
2014-04-24,94.12330693832004,94.23490026011399,94.53698424330607,93.99044083875077,94.12330693832004,66584347
2014-04-25,94.13659328284264,94.12330693832004,94.16160661845097,93.72440544945471,94.13659328284264,42033923
2014-04-28,93.868403148119,94.13659328284264,94.32996345403387,93.83326899438234,93.868403148119,85039813
2014-04-29,93.46295909244888,93.868403148119,94.17167915716499,93.12573790514551,93.46295909244888,46506197
2014-04-30,94.37155303717743,93.46295909244888,94.76167777099117,93.43246651525381,94.37155303717743,79652227
2014-05-01,93.80062856688691,94.37155303717743,94.97988328711624,93.2518681115619,93.80062856688691,49650353
2014-05-02,95.28740817015124,93.80062856688691,95.43640407567041,93.6268289470844,95.28740817015124,38834820
2014-05-05,94.5916392060046,95.28740817015124,95.88323984404578,94.24476828154963,94.5916392060046,30700460
2014-05-06,94.11306823656888,94.5916392060046,94.75005095272842,94.00466589966211,94.11306823656888,64087667
2014-05-07,94.16288128962034,94.11306823656888,94.3359974836672,94.07491573783871,94.16288128962034,56380490
2014-05-08,94.4722053991326,94.16288128962034,94.59166068397423,94.11672060261269,94.4722053991326,80039322
2014-05-09,94.46738392977939,94.4722053991326,94.83276760850939,94.41611345513896,94.46738392977939,56583425
2014-05-12,95.17367585442013,94.46738392977939,95.34160712093065,94.45656658670019,95.17367585442013,30327605
2014-05-13,94.79795449586591,95.17367585442013,95.37538946534706,94.57950674815382,94.79795449586591,91446773
2014-05-14,94.4274945082398,94.79795449586591,94.80713041005585,94.07819612023265,94.4274945082398,36171591
2014-05-15,95.73514445392871,94.4274945082398,95.99185821141553,94.19688239056622,95.73514445392871,38527870
2014-05-16,94.92662340505363,95.73514445392871,95.78758382305845,94.83853287702752,94.92662340505363,98195286
2014-05-19,95.33281677516975,94.92662340505363,95.49142958249446,94.66986033540537,95.33281677516975,49800014
2014-05-20,94.74325237243028,95.33281677516975,95.66879682953801,94.33917172419929,94.74325237243028,31552588
2014-05-21,95.26942981783722,94.74325237243028,95.8742036042631,94.18311474114543,95.26942981783722,42544252
2014-05-22,95.30931846352782,95.26942981783722,95.71853521742878,95.20474684246327,95.30931846352782,78314445
2014-05-23,94.32608956286002,95.30931846352782,95.85921976401764,94.1856343147855,94.32608956286002,97633920
2014-05-26,96.25050365746786,94.32608956286002,96.32129756472621,94.12169430619947,96.25050365746786,75917146
2014-05-27,95.97018468169145,96.25050365746786,96.68894848478885,95.80358493610086,95.97018468169145,37074208
2014-05-28,95.22985423465164,95.97018468169145,95.98348949010766,95.01267522268259,95.22985423465164,70244661
2014-05-29,94.95762605939527,95.22985423465164,95.44381746549806,94.7106625712979,94.95762605939527,36727991
2014-05-30,95.7144318548526,94.95762605939527,96.14346468327489,94.76006790897509,95.7144318548526,73237572
2014-06-02,95.6543503195265,95.7144318548526,95.77226095215089,95.31559087204568,95.6543503195265,58673389
2014-06-03,95.84756679055461,95.6543503195265,95.90310716549875,95.57815506911034,95.84756679055461,61169107
2014-06-04,95.8336454374039,95.84756679055461,96.41643693184061,95.57336044156607,95.8336454374039,88119359
2014-06-05,96.04895737713525,95.8336454374039,96.05650254596942,95.41524849422746,96.04895737713525,75075942
2014-06-06,96.56474073203105,96.04895737713525,96.58539223952842,95.79821825788495,96.56474073203105,83356567
2014-06-09,96.20799015033107,96.56474073203105,96.7498428293413,96.05795613076678,96.20799015033107,82087726
2014-06-10,95.49616536052324,96.20799015033107,96.41247679921169,95.442179445282,95.49616536052324,53934026
2014-06-11,96.71898583473832,95.49616536052324,96.84521937357705,95.06411896974215,96.71898583473832,97589997
2014-06-12,96.91758570954758,96.71898583473832,97.34731894031962,96.503706940184,96.91758570954758,57736986
2014-06-13,97.70958599714757,96.91758570954758,98.38122981182421,96.69775107360395,97.70958599714757,97134857
2014-06-16,95.7173377104537,97.70958599714757,98.03451837260995,94.9743975033904,95.7173377104537,79277606
2014-06-17,96.43955575665592,95.7173377104537,96.89388032841522,95.1498632891815,96.43955575665592,85164361
2014-06-18,95.38365952820504,96.43955575665592,96.53697290922042,95.32611233578197,95.38365952820504,37837805
2014-06-19,96.71837354476999,95.38365952820504,96.8687127944869,95.26568503159483,96.71837354476999,82586034
2014-06-20,96.25157817869113,96.71837354476999,96.87454580417669,96.07367634249489,96.25157817869113,99882162
2014-06-23,97.50948334027514,96.25157817869113,97.79745216285305,96.00627468285408,97.50948334027514,84974525
2014-06-24,96.27084734674585,97.50948334027514,98.4551006958389,96.02052408086313,96.27084734674585,63237170
2014-06-25,95.89287568583455,96.27084734674585,96.70646640827825,95.84861700216742,95.89287568583455,56376731
2014-06-26,96.54616270611169,95.89287568583455,96.8358795480381,95.74268675712317,96.54616270611169,51134243
2014-06-27,95.88219124367842,96.54616270611169,96.66561543161266,95.53142607076535,95.88219124367842,36890403
2014-06-30,97.26714560666775,95.88219124367842,97.69168523091734,95.68763731178693,97.26714560666775,56385228
2014-07-01,95.96650973596024,97.26714560666775,97.55075627737268,95.86520543566877,95.96650973596024,82372998
2014-07-02,97.04606458132241,95.96650973596024,97.08782222298207,95.69424630728776,97.04606458132241,81297856
2014-07-03,96.08803006810207,97.04606458132241,97.28665107784744,95.79168343934381,96.08803006810207,92228424
2014-07-04,97.0056875826993,96.08803006810207,97.11983309211547,96.06821189553763,97.0056875826993,59011578
2014-07-07,98.0247002841282,97.0056875826993,98.5182095357956,96.4752989912421,98.0247002841282,53039963
2014-07-08,97.46576032912424,98.0247002841282,98.0461587041984,97.1476515439259,97.46576032912424,93134755
2014-07-09,96.93451230648641,97.46576032912424,97.51889872138734,96.82338717988982,96.93451230648641,84414408
2014-07-10,97.40415571990387,96.93451230648641,97.6792391265071,96.64641396669597,97.40415571990387,98533277
2014-07-11,97.49265273989006,97.40415571990387,98.04677596646168,97.24502471994724,97.49265273989006,46341730
2014-07-14,97.77890873642427,97.49265273989006,97.8258539569989,97.3484358357932,97.77890873642427,45359278
2014-07-15,96.94578816011487,97.77890873642427,97.87438547370343,96.77733918928016,96.94578816011487,84738266
2014-07-16,97.96682156535641,96.94578816011487,98.28998995039488,96.70647494015708,97.96682156535641,58111644
2014-07-17,96.42027312197479,97.96682156535641,98.62765574171337,96.35789032735983,96.42027312197479,51276158
2014-07-18,97.49841774794079,96.42027312197479,97.82750308303707,96.2942470680356,97.49841774794079,63504772
2014-07-21,97.63202857451647,97.49841774794079,97.80212536675927,97.13544120087089,97.63202857451647,66498496
2014-07-22,98.2456097167665,97.63202857451647,98.24663565103772,97.5383536513527,98.2456097167665,43257330
2014-07-23,98.01108911781166,98.2456097167665,98.28835648712756,97.55861682103698,98.01108911781166,40031556
2014-07-24,97.37533682520595,98.01108911781166,98.04686963966424,97.1091334099652,97.37533682520595,42378972
2014-07-25,97.64575014697816,97.37533682520595,97.76529668429143,97.22242275520463,97.64575014697816,61995831
2014-07-28,98.29109386275198,97.64575014697816,98.55745086656347,97.26693890546844,98.29109386275198,82626960
2014-07-29,98.2192194962388,98.29109386275198,98.56654721529101,98.14146935236481,98.2192194962388,98097918
2014-07-30,98.0378757602952,98.2192194962388,98.34693957777618,97.92179507956689,98.0378757602952,86505138
2014-07-31,98.15055757128845,98.0378757602952,98.24473271644882,97.95599873366126,98.15055757128845,61170940
2014-08-01,98.7943072140855,98.15055757128845,99.26878900200198,97.82303107724223,98.7943072140855,79599706
2014-08-04,98.26112369071893,98.7943072140855,99.25560234599912,98.12698396384836,98.26112369071893,57394696
2014-08-05,98.53722470294309,98.26112369071893,98.8129994606603,97.72391258812169,98.53722470294309,64565669
2014-08-06,99.71543001392747,98.53722470294309,100.61842007312332,98.21603358575221,99.71543001392747,33201274
2014-08-07,98.0070211501831,99.71543001392747,100.18776558059372,97.85320108080738,98.0070211501831,33734412
2014-08-08,97.85962218643846,98.0070211501831,98.24069689614669,97.55839028169461,97.85962218643846,67432665
2014-08-11,99.22595463434564,97.85962218643846,99.82321807173663,97.8068565186915,99.22595463434564,71976628
2014-08-12,98.56762586678586,99.22595463434564,99.59432045066852,98.54643457444078,98.56762586678586,54117110
2014-08-13,98.81026568788478,98.56762586678586,99.27813506581488,98.36162992724871,98.81026568788478,51719008
2014-08-14,98.64545966437701,98.81026568788478,99.0707260454676,98.45684963193024,98.64545966437701,31425529
2014-08-15,98.96804741412294,98.64545966437701,99.36848001141489,98.595286489284,98.96804741412294,74911339
2014-08-18,99.95385583170712,98.96804741412294,100.55181690238298,98.93231502572894,99.95385583170712,76698616
2014-08-19,99.62376566753376,99.95385583170712,100.0187922750057,99.4084417808679,99.62376566753376,95407105
2014-08-20,99.71837483380452,99.62376566753376,100.18871565796313,99.36715888869115,99.71837483380452,57937019
2014-08-21,98.6512936561546,99.71837483380452,99.81035333762787,98.14949916920418,98.6512936561546,76351719
2014-08-22,98.84712002966839,98.6512936561546,98.96275502807028,98.04542667150035,98.84712002966839,36879020
2014-08-25,98.07165829260434,98.84712002966839,98.8693272957917,97.64345502837016,98.07165829260434,58847533
2014-08-26,99.14552432034493,98.07165829260434,99.51629743954295,98.05836403349389,99.14552432034493,65524654
2014-08-27,100.08940313541272,99.14552432034493,100.57916089065051,98.84732041626809,100.08940313541272,41972174
2014-08-28,99.93505882801009,100.08940313541272,100.31195072280245,99.82597758239497,99.93505882801009,97721716
2014-08-29,99.63146467596002,99.93505882801009,100.17722332814505,99.52803693039803,99.63146467596002,56410912
2014-09-01,99.79532305196393,99.63146467596002,100.26845460584737,99.46580112021083,99.79532305196393,64605480
2014-09-02,99.52696941293333,99.79532305196393,100.06973053531166,99.285401248483,99.52696941293333,89954550
2014-09-03,100.03779726091624,99.52696941293333,100.35514535061569,99.428786806074,100.03779726091624,87488090
2014-09-04,100.3829391397403,100.03779726091624,100.40727665402756,99.72724018404017,100.3829391397403,46724078
2014-09-05,99.25605148152464,100.3829391397403,100.90756521172523,98.93313066539223,99.25605148152464,62757522
2014-09-08,100.27904942307212,99.25605148152464,100.41599668445834,99.25446420654319,100.27904942307212,51233407
2014-09-09,100.66066817890082,100.27904942307212,100.73881037470082,100.02755861501522,100.66066817890082,38719398
2014-09-10,100.04997875837125,100.66066817890082,100.8107690852354,99.75132429525694,100.04997875837125,59335686
2014-09-11,100.67406111349919,100.04997875837125,100.69058017615716,99.9116730149293,100.67406111349919,48489953
2014-09-12,101.79987171470943,100.67406111349919,101.93468113949775,100.55524787047815,101.79987171470943,95922081
2014-09-15,100.399205893974,101.79987171470943,102.06038222491108,100.12911964737249,100.399205893974,30109530
2014-09-16,100.71379754319622,100.399205893974,100.79782906633383,100.19759437739472,100.71379754319622,33627435
2014-09-17,100.2094738730877,100.71379754319622,101.28900206124935,99.68295052763692,100.2094738730877,71674692
2014-09-18,100.73637155279327,100.2094738730877,100.8823016008285,100.1840193948153,100.73637155279327,63389635
2014-09-19,100.94144645374111,100.73637155279327,100.95468302583342,100.271082634842,100.94144645374111,98774086
2014-09-22,100.87236894693612,100.94144645374111,101.31174245492683,100.51083729225441,100.87236894693612,71538095
2014-09-23,100.32458587590165,100.87236894693612,101.0441973133794,100.31145028651346,100.32458587590165,65913986
2014-09-24,101.00733864850098,100.32458587590165,101.16265065203858,100.28250213857933,101.00733864850098,64609825
2014-09-25,101.70591504648165,101.00733864850098,101.79442601231064,100.41048930910657,101.70591504648165,93844156
2014-09-26,101.25889148620315,101.70591504648165,101.71930987815868,100.94341961099524,101.25889148620315,58834727
2014-09-29,101.5830432017018,101.25889148620315,101.86662242083452,101.24690379053179,101.5830432017018,97977453
2014-09-30,101.04140813903877,101.5830432017018,101.78443398121934,100.72027184668613,101.04140813903877,49849903
2014-10-01,101.6053527340825,101.04140813903877,101.78067880039417,100.89207251875312,101.6053527340825,32563808
2014-10-02,101.43175822774192,101.6053527340825,101.60898029606746,100.9193334962931,101.43175822774192,44865994
2014-10-03,100.87294169150366,101.43175822774192,101.62655178434693,100.52906495876258,100.87294169150366,78425041
2014-10-06,101.58087581275606,100.87294169150366,101.73568881310297,100.69529160286336,101.58087581275606,47033869
2014-10-07,100.98066488658336,101.58087581275606,101.79821590945734,100.86163674752704,100.98066488658336,77276853
2014-10-08,101.22704724107462,100.98066488658336,101.29577156125943,100.97334234646863,101.22704724107462,88665147
2014-10-09,101.70909422064048,101.22704724107462,101.7396596653771,101.0693041342909,101.70909422064048,48794988
2014-10-10,101.8285345080152,101.70909422064048,101.89419129607799,101.35514035366567,101.8285345080152,31365750
2014-10-13,101.13696142018496,101.8285345080152,101.96897888555101,100.63441514347161,101.13696142018496,72477822
2014-10-14,102.34296436997631,101.13696142018496,102.44707427371142,100.5529423464446,102.34296436997631,62972098
2014-10-15,102.16232190756016,102.34296436997631,102.37244198925775,102.14788493167262,102.16232190756016,57670952
2014-10-16,101.57629970055962,102.16232190756016,102.22425510980344,100.83790923697123,101.57629970055962,44616141
2014-10-17,101.21583175381093,101.57629970055962,101.5775801456109,101.09466792185644,101.21583175381093,39744868
2014-10-20,101.99056805028812,101.21583175381093,102.51236067670516,101.09424158185394,101.99056805028812,73997619
2014-10-21,101.90131325837348,101.99056805028812,102.29370551368056,101.46357913025669,101.90131325837348,56115758
2014-10-22,102.25135951095871,101.90131325837348,102.27105428691773,101.76099378650898,102.25135951095871,68573587
2014-10-23,102.07240648131238,102.25135951095871,102.73407663159078,101.64935236997694,102.07240648131238,46387552
2014-10-24,101.29553981253495,102.07240648131238,102.1863442371165,100.80576056197415,101.29553981253495,40902598
2014-10-27,102.18828819642452,101.29553981253495,102.53018359983254,100.66928219478336,102.18828819642452,95060541
2014-10-28,102.2950570489108,102.18828819642452,102.38046633941737,102.02610782603705,102.2950570489108,41306424
2014-10-29,102.84093140915031,102.2950570489108,102.95572173443388,102.23805719048089,102.84093140915031,83269266
2014-10-30,102.2225362959253,102.84093140915031,102.927592724403,101.88128759677036,102.2225362959253,74800101
2014-10-31,103.50670045333412,102.2225362959253,103.67835314508115,101.93171135671906,103.50670045333412,30563667
2014-11-03,101.72795749785885,103.50670045333412,103.69155483892223,101.48943803343516,101.72795749785885,85348252
2014-11-04,103.44796445935471,101.72795749785885,103.89357374475118,101.57803194466425,103.44796445935471,94163857
2014-11-05,102.723366309813,103.44796445935471,103.53627802503667,102.63106307253014,102.723366309813,99494692
2014-11-06,103.34549608754452,102.723366309813,103.51944232344226,102.39545917114826,103.34549608754452,82454419
2014-11-07,103.00882682856702,103.34549608754452,103.4232636782909,102.9536401783419,103.00882682856702,85858501
2014-11-10,103.61931296484924,103.00882682856702,104.13078461406207,102.57550693421952,103.61931296484924,84546864
2014-11-11,102.89709534859503,103.61931296484924,103.69241583420278,102.7648969478708,102.89709534859503,56904101
2014-11-12,102.59461481940022,102.89709534859503,103.10986903583724,102.55443601077224,102.59461481940022,45115603
2014-11-13,103.95896995472054,102.59461481940022,104.1726044372908,102.52848293308304,103.95896995472054,54558741
2014-11-14,103.23171531804601,103.95896995472054,104.13022982473616,103.11120206770167,103.23171531804601,62916712
2014-11-17,103.46933441120838,103.23171531804601,103.6538712621538,102.61351663403282,103.46933441120838,51120103
2014-11-18,104.05784107039156,103.46933441120838,104.45731324768033,103.21723433800734,104.05784107039156,35432319
2014-11-19,102.94991735215501,104.05784107039156,104.40878657544985,102.88477285933023,102.94991735215501,48710459
2014-11-20,103.85669770668096,102.94991735215501,104.11508913294709,102.91439173450989,103.85669770668096,85225966
2014-11-21,103.30729968423245,103.85669770668096,104.04101354398752,102.99466209232858,103.30729968423245,54211676
2014-11-24,103.60890446628372,103.30729968423245,103.72740319931185,102.96540192213608,103.60890446628372,67541825
2014-11-25,103.77942728268967,103.60890446628372,103.84392464703694,103.59895216651805,103.77942728268967,74760312
2014-11-26,103.02778807255868,103.77942728268967,104.17485430626833,102.93794789500194,103.02778807255868,33930847
2014-11-27,103.46647495518036,103.02778807255868,103.868444429718,102.92624344555652,103.46647495518036,81700866
2014-11-28,104.63760594505729,103.46647495518036,104.72616858093924,102.7612034920782,104.63760594505729,81232797
2014-12-01,104.4608194180641,104.63760594505729,104.8356420873653,103.96285795029927,104.4608194180641,83863186
2014-12-02,104.0135668106566,104.4608194180641,104.73171671475257,103.82476231279776,104.0135668106566,80966537
2014-12-03,104.2188441015614,104.0135668106566,104.43544497138309,103.83832516631828,104.2188441015614,54620120
2014-12-04,103.98525172918053,104.2188441015614,104.28284715533216,103.61112867555357,103.98525172918053,85802285
2014-12-05,104.89129097606363,103.98525172918053,105.01291082006846,103.75141513205226,104.89129097606363,34433042
2014-12-08,104.12635471426496,104.89129097606363,105.14732995918664,104.12569296389007,104.12635471426496,58702843
2014-12-09,104.39780197696076,104.12635471426496,104.63885642102963,104.0592886324757,104.39780197696076,87128554
2014-12-10,104.92086387749441,104.39780197696076,105.02160622332204,104.00438242815974,104.92086387749441,62744965
2014-12-11,103.96356244975425,104.92086387749441,105.33491463519762,103.94966932142705,103.96356244975425,77389173
2014-12-12,105.22919247655234,103.96356244975425,105.54326016435486,103.144323935756,105.22919247655234,74392977
2014-12-15,103.66216669444943,105.22919247655234,105.39772059888207,103.61148948168542,103.66216669444943,49060472
2014-12-16,105.35924299974225,103.66216669444943,105.40653958917801,103.64251742642448,105.35924299974225,57074517
2014-12-17,104.3590228254971,105.35924299974225,105.78183195647334,104.2832847913852,104.3590228254971,92536376
2014-12-18,104.47306855488738,104.3590228254971,104.47694427742859,103.8693384305881,104.47306855488738,96779869
2014-12-19,103.65724237043183,104.47306855488738,104.57597064394851,103.58733072153936,103.65724237043183,42628827
2014-12-22,104.45424014986499,103.65724237043183,104.46993354256439,103.33338668977434,104.45424014986499,53964066
2014-12-23,104.19392285667453,104.45424014986499,104.91541885396553,103.9399595995868,104.19392285667453,64038071
2014-12-24,104.46625544166625,104.19392285667453,104.52194578999527,103.96951059438216,104.46625544166625,44813767
2014-12-25,104.75879715993189,104.46625544166625,105.00853978078152,103.83503468552706,104.75879715993189,68926452
2014-12-26,105.37917426429706,104.75879715993189,105.6040491787305,104.7426563145445,105.37917426429706,83575943
2014-12-29,105.0319888351194,105.37917426429706,105.56731756314863,104.77452535185202,105.0319888351194,98313108
2014-12-30,105.13071367739659,105.0319888351194,105.54031133498715,104.97253953811024,105.13071367739659,75656540
2014-12-31,104.44015266551848,105.13071367739659,105.2196284055568,104.14593561981873,104.44015266551848,37434788
2015-01-01,104.59887156323869,104.44015266551848,104.81498729097365,104.24558142376449,104.59887156323869,71706668
2015-01-02,106.0529914865674,104.59887156323869,106.2469850153136,103.73809203014778,106.0529914865674,86366076
2015-01-05,104.76730007133794,106.0529914865674,106.50447956501348,104.54246811407701,104.76730007133794,67440573
2015-01-06,106.07116554058214,104.76730007133794,106.69155144642468,104.68802323790551,106.07116554058214,93440484
2015-01-07,105.11824756449661,106.07116554058214,106.28348361227049,104.62978894184309,105.11824756449661,40920566
2015-01-08,105.29351220268971,105.11824756449661,105.60425527211866,104.64958020070509,105.29351220268971,96592387
2015-01-09,105.90221463477648,105.29351220268971,106.32753605056799,104.67752054083164,105.90221463477648,85716181
2015-01-12,106.05480485309843,105.90221463477648,106.33659295235664,105.90114789658209,106.05480485309843,63163820
2015-01-13,105.37235396341595,106.05480485309843,106.32549364823285,104.9030716206008,105.37235396341595,89936350
2015-01-14,105.27216966346586,105.37235396341595,105.60273697902917,104.35925688550044,105.27216966346586,92754188
2015-01-15,105.49357243412202,105.27216966346586,105.64602659193888,105.04989930441786,105.49357243412202,66971780
2015-01-16,105.74762035067144,105.49357243412202,105.82458436118426,105.37715079506374,105.74762035067144,36034298
2015-01-19,106.08606152387391,105.74762035067144,106.3615695667841,105.4274578552095,106.08606152387391,84896254
2015-01-20,105.66377312858243,106.08606152387391,106.43019949579983,104.96045074430037,105.66377312858243,94371878
2015-01-21,106.0347975195167,105.66377312858243,106.30131271546102,105.43276837159739,106.0347975195167,56780689
2015-01-22,106.62016036920234,106.0347975195167,106.8903474767605,105.76502370489082,106.62016036920234,66751606
2015-01-23,106.00171278488806,106.62016036920234,107.04103977600182,105.93710801650445,106.00171278488806,84392103
2015-01-26,106.0110901268702,106.00171278488806,106.21677621575023,105.9030718786882,106.0110901268702,41012509
2015-01-27,105.08810283006963,106.0110901268702,106.03744390352936,104.91666000137921,105.08810283006963,50505919
2015-01-28,104.54498402136885,105.08810283006963,105.23732898977151,104.26283216683349,104.54498402136885,56684106
2015-01-29,106.19042464605128,104.54498402136885,106.19991927480388,104.35235243902183,106.19042464605128,40401460
2015-01-30,105.9804977998471,106.19042464605128,106.35754225681822,105.45496131659452,105.9804977998471,32870567
2015-02-02,105.80389026588176,105.9804977998471,106.087347347216,105.47385758030592,105.80389026588176,59865615
2015-02-03,106.25229779603671,105.80389026588176,106.33798122186597,105.69545657756886,106.25229779603671,31864572
2015-02-04,106.13716568190863,106.25229779603671,106.73379476237217,105.98868350748734,106.13716568190863,63361980
2015-02-05,106.81432268079818,106.13716568190863,107.03471832160498,105.68430222100682,106.81432268079818,60097573
2015-02-06,106.30728982823574,106.81432268079818,107.03126615168675,106.23716843138597,106.30728982823574,67095281
2015-02-09,105.91067385385885,106.30728982823574,106.42669099754254,105.87477951615878,105.91067385385885,51416944
2015-02-10,106.88038609307118,105.91067385385885,107.17746437624481,105.84905879098432,106.88038609307118,89712811
2015-02-11,106.28448626812862,106.88038609307118,107.05146213924758,106.26433676896666,106.28448626812862,54310414
2015-02-12,106.72639287033297,106.28448626812862,107.21127672090854,105.88714224831428,106.72639287033297,93324510
2015-02-13,106.23810485321026,106.72639287033297,106.90207533816854,106.13903620639987,106.23810485321026,56459196
2015-02-16,106.1923037552254,106.23810485321026,106.264403092832,106.01887015991807,106.1923037552254,96751725
2015-02-17,106.62947057682513,106.1923037552254,107.17494673014731,105.85848323920881,106.62947057682513,45172515
2015-02-18,106.63760887141548,106.62947057682513,106.90468166784058,106.23585289041046,106.63760887141548,44661488
2015-02-19,106.93285543563336,106.63760887141548,107.04083669101216,106.20945973764493,106.93285543563336,67365898
2015-02-20,106.57972341609926,106.93285543563336,107.1070560975071,106.08963236861354,106.57972341609926,43043653
2015-02-23,105.7888971615872,106.57972341609926,106.80256290027545,105.67314979277849,105.7888971615872,64678121
2015-02-24,106.58425007124968,105.7888971615872,106.60810128486881,105.69899671471212,106.58425007124968,45682972
2015-02-25,107.28568177482931,106.58425007124968,107.39627106228255,106.2623790768638,107.28568177482931,95363662
2015-02-26,106.74873335579537,107.28568177482931,107.74798193269652,106.56716132104833,106.74873335579537,70529775
2015-02-27,106.82208789120915,106.74873335579537,106.99838551012549,106.44316579588659,106.82208789120915,94660683
2015-03-02,107.52771143065968,106.82208789120915,107.7858725457934,106.70134406417839,107.52771143065968,73947855
2015-03-03,106.66508386805633,107.52771143065968,107.53349469084918,106.19310665419867,106.66508386805633,69709733
2015-03-04,106.26619590752395,106.66508386805633,106.67641814488876,105.94811261485334,106.26619590752395,43693945
2015-03-05,107.05241268335573,106.26619590752395,107.22168378215939,106.08543014798654,107.05241268335573,43003208
2015-03-06,106.92513539089616,107.05241268335573,107.38116842012609,106.62185240011095,106.92513539089616,72741269
2015-03-09,106.71271255010151,106.92513539089616,107.01677660939852,106.19726577854836,106.71271255010151,89039456
2015-03-10,107.18285277130911,106.71271255010151,107.70547538897617,106.33197756017903,107.18285277130911,51260121
2015-03-11,107.5868264150149,107.18285277130911,108.02632130042335,106.75408732987188,107.5868264150149,92802541
2015-03-12,107.36424424067833,107.5868264150149,108.13303817609382,107.32405396696485,107.36424424067833,91301983
2015-03-13,107.58025706534579,107.36424424067833,107.66407967639498,107.28118888769968,107.58025706534579,34654247
2015-03-16,108.43589636724079,107.58025706534579,108.44740296119414,107.19499758092114,108.43589636724079,98240490
2015-03-17,107.32338173195659,108.43589636724079,108.78941175001421,107.00276917060752,107.32338173195659,98720126
2015-03-18,107.70353348498467,107.32338173195659,107.95273880931988,107.20108669928806,107.70353348498467,94715560
2015-03-19,107.32604321092167,107.70353348498467,107.86602892398305,107.14338320675992,107.32604321092167,76928806
2015-03-20,107.19061700307314,107.32604321092167,107.66273412181133,106.64770344878352,107.19061700307314,37476196
2015-03-23,107.37735741739043,107.19061700307314,107.44465659192899,106.99575636468207,107.37735741739043,72457258
2015-03-24,107.48055797874105,107.37735741739043,107.61179686421387,107.33672317853134,107.48055797874105,78622010
2015-03-25,107.97834518750886,107.48055797874105,108.57787804270224,107.37522565997271,107.97834518750886,60407517
2015-03-26,109.09728247607582,107.97834518750886,109.47889632136079,107.67532488617515,109.09728247607582,94364919
2015-03-27,107.49070026344874,109.09728247607582,109.13089224501581,107.43020487744582,107.49070026344874,58527304
2015-03-30,107.69825949854673,107.49070026344874,107.77833733809878,107.33173770248327,107.69825949854673,37627562
2015-03-31,107.93515405338347,107.69825949854673,108.28172969329918,107.59311758495475,107.93515405338347,31554229
2015-04-01,108.22914643975315,107.93515405338347,108.4521507005058,107.51129613260339,108.22914643975315,48635237
2015-04-02,108.20393699255158,108.22914643975315,108.35847821757739,107.71347303428954,108.20393699255158,45167822
2015-04-03,108.80179547262104,108.20393699255158,109.6153248799499,107.8394721869458,108.80179547262104,91872869
2015-04-06,106.84172798031827,108.80179547262104,109.0171739402377,106.62980138438378,106.84172798031827,92292021
2015-04-07,106.90867094022416,106.84172798031827,107.26690293653871,106.65940409266082,106.90867094022416,45873757
2015-04-08,107.97776932167204,106.90867094022416,108.31717852597775,106.61218906591849,107.97776932167204,43650268
2015-04-09,108.88645354000924,107.97776932167204,109.11116319457606,107.30389649196657,108.88645354000924,75178539
2015-04-10,107.49036204318719,108.88645354000924,108.99985708788795,107.23394109327101,107.49036204318719,95532296
2015-04-13,106.75471001283519,107.49036204318719,107.786317025395,106.41933689242403,106.75471001283519,30340521
2015-04-14,108.74043634269485,106.75471001283519,109.13521831046633,106.73674776650097,108.74043634269485,42369052
2015-04-15,108.60907900648674,108.74043634269485,108.95082574925064,108.2301481595222,108.60907900648674,63352526
2015-04-16,107.93151306911052,108.60907900648674,108.86754553377492,107.73080220142968,107.93151306911052,74873808
2015-04-17,108.03423438751635,107.93151306911052,108.27908127538113,107.70255595582815,108.03423438751635,52434617
2015-04-20,108.08873917995224,108.03423438751635,108.81286323172874,107.80169115106543,108.08873917995224,67966567
2015-04-21,108.72159314979373,108.08873917995224,108.94761131834457,107.77563582493755,108.72159314979373,41400638
2015-04-22,108.36726586603777,108.72159314979373,109.05626673367023,108.3324386151639,108.36726586603777,75107710
2015-04-23,109.02250291101831,108.36726586603777,109.29847921267721,108.15108405786509,109.02250291101831,31551461
2015-04-24,107.24708309538,109.02250291101831,109.12588496753632,106.75069356972244,107.24708309538,93551285
2015-04-27,108.37982869647851,107.24708309538,108.59784875538232,107.1884249358081,108.37982869647851,94049693
2015-04-28,108.27921462035935,108.37982869647851,108.42905399920356,108.24464039046244,108.27921462035935,66521273
2015-04-29,108.79883474280341,108.27921462035935,109.50175837441637,107.86720399743007,108.79883474280341,82967096
2015-04-30,108.69142074452738,108.79883474280341,108.87208465881017,108.38595252449998,108.69142074452738,98213173
2015-05-01,109.46571683600934,108.69142074452738,109.58052951449297,108.29362866587066,109.46571683600934,88276593
2015-05-04,108.06286940684079,109.46571683600934,109.50955766482357,107.82933771201539,108.06286940684079,72125405
2015-05-05,109.14789777243186,108.06286940684079,110.121488126523,107.9550401394404,109.14789777243186,94147890
2015-05-06,109.4739965583931,109.14789777243186,109.88965939789492,108.74548751337323,109.4739965583931,47688334
2015-05-07,110.22925693478103,109.4739965583931,110.47664147425807,109.4247752329502,110.22925693478103,89580750
2015-05-08,108.99834600563801,110.22925693478103,110.32570497723248,108.80319740173145,108.99834600563801,59741715
2015-05-11,109.48502141414805,108.99834600563801,109.58005624298886,108.52177102797633,109.48502141414805,41610935
2015-05-12,108.36754948234359,109.48502141414805,109.54093228067553,108.14443525982773,108.36754948234359,32832792
2015-05-13,108.09159995624078,108.36754948234359,108.57406948870769,107.68937486622363,108.09159995624078,61470344
2015-05-14,109.90844037763931,108.09159995624078,110.24681847439626,107.75694904655337,109.90844037763931,44562581
2015-05-15,109.48926364539282,109.90844037763931,110.10965031085831,109.38204596880934,109.48926364539282,83137484
2015-05-18,110.1839238731819,109.48926364539282,110.34085071699911,109.34823576493963,110.1839238731819,72075044
2015-05-19,108.83209624783605,110.1839238731819,110.3087252590048,108.4530495029018,108.83209624783605,82839035
2015-05-20,109.91575558817553,108.83209624783605,109.97578292276665,108.7846796339504,109.91575558817553,52600219
2015-05-21,110.70175402963362,109.91575558817553,111.30975368739685,109.88856925849032,110.70175402963362,61872653
2015-05-22,109.95333387683107,110.70175402963362,110.86554691302067,109.72667377437254,109.95333387683107,82893060
2015-05-25,109.9210314647994,109.95333387683107,110.27274914626275,109.54976081695163,109.9210314647994,60965771
2015-05-26,109.82008256191723,109.9210314647994,110.00291344683318,109.2905066608012,109.82008256191723,48722722
2015-05-27,108.99864119343567,109.82008256191723,110.06799592170752,108.71116727471714,108.99864119343567,36402878
2015-05-28,110.65263177328575,108.99864119343567,110.84785906600418,108.3712702729075,110.65263177328575,47065385
2015-05-29,109.61801541910103,110.65263177328575,111.01422429580734,109.61470484261467,109.61801541910103,47695146
2015-06-01,110.27746579101066,109.61801541910103,110.40385491775,109.05947040242388,110.27746579101066,98707219
2015-06-02,109.16305292135071,110.27746579101066,111.05243351525486,108.97099587904322,109.16305292135071,79564769
2015-06-03,109.39682860597159,109.16305292135071,109.49517809780014,108.91707891126681,109.39682860597159,84191990
2015-06-04,110.85849332860249,109.39682860597159,110.99352866951953,109.38324619253407,110.85849332860249,43792731
2015-06-05,109.90042772475762,110.85849332860249,111.03714616326239,109.85018866838043,109.90042772475762,38444871
2015-06-08,110.91463735656158,109.90042772475762,111.22881909634121,109.39106912321482,110.91463735656158,32683554
2015-06-09,110.09432397141617,110.91463735656158,110.97957633961508,109.34808716345337,110.09432397141617,33618088
2015-06-10,109.14578523810859,110.09432397141617,110.64432842823028,109.08151834260966,109.14578523810859,69848569
2015-06-11,110.67466044788273,109.14578523810859,110.73399541918901,108.71600760066885,110.67466044788273,62962575
2015-06-12,109.8810581911665,110.67466044788273,110.88211494910756,109.76761686422924,109.8810581911665,72254085
2015-06-15,110.61408650638114,109.8810581911665,110.8812004688001,109.67549286340655,110.61408650638114,62523283
2015-06-16,110.26580612823975,110.61408650638114,110.64639001265358,109.7419164526916,110.26580612823975,76492618
2015-06-17,109.42397381981439,110.26580612823975,110.52342265882314,109.31604889377967,109.42397381981439,80004359
2015-06-18,110.38831660552822,109.42397381981439,110.58525145547907,109.38370959435962,110.38831660552822,46193755
2015-06-19,111.53205407825925,110.38831660552822,111.67344384954535,110.11724987934149,111.53205407825925,76985229
2015-06-22,110.61550073503155,111.53205407825925,111.97120775702234,109.94443656929406,110.61550073503155,96052737
2015-06-23,110.33467207355142,110.61550073503155,110.69561150589936,110.16038264391948,110.33467207355142,72263573
2015-06-24,110.98284507388163,110.33467207355142,111.09113714293574,110.02233611586941,110.98284507388163,50430164
2015-06-25,110.52851559849991,110.98284507388163,111.37547901517145,110.14017332698283,110.52851559849991,89641797
2015-06-26,110.55081418737448,110.52851559849991,110.81319770222773,110.11301777743658,110.55081418737448,53022769
2015-06-29,109.85512151751365,110.55081418737448,110.64526732936743,109.51321666663483,109.85512151751365,66193047
2015-06-30,110.61009475104018,109.85512151751365,111.00105045158955,109.24416198757648,110.61009475104018,52766004
2015-07-01,111.07591904183404,110.61009475104018,111.22015681063664,109.69541691754841,111.07591904183404,94515514
2015-07-02,110.06468153052458,111.07591904183404,111.44605283019781,109.59494906834976,110.06468153052458,43039607
2015-07-03,111.33700566730147,110.06468153052458,111.58924576842628,109.90391176353636,111.33700566730147,64446616
2015-07-06,110.52181825344496,111.33700566730147,111.69923310829476,110.48249643963207,110.52181825344496,48797230
2015-07-07,110.10450363804692,110.52181825344496,110.59207350221565,110.04654734634877,110.10450363804692,67801847
2015-07-08,111.17010253536836,110.10450363804692,111.32572477097948,109.47997002356766,111.17010253536836,91605556
2015-07-09,110.48256505142021,111.17010253536836,111.41586673202654,110.24821202246473,110.48256505142021,42656318
2015-07-10,111.08437737877428,110.48256505142021,111.10300505134862,110.1832002969968,111.08437737877428,42770497
2015-07-13,110.52555342871187,111.08437737877428,111.11056800768797,109.95560300615922,110.52555342871187,44497138
2015-07-14,110.67680692520557,110.52555342871187,110.74543018517433,110.46676581089845,110.67680692520557,82526104
2015-07-15,111.00609100473562,110.67680692520557,111.04914942058271,110.67645127628643,111.00609100473562,67259934
2015-07-16,110.91681776368603,111.00609100473562,111.05059148051605,110.41108098530674,110.91681776368603,49262557
2015-07-17,109.67331461076658,110.91681776368603,111.17526306188098,109.65508903612371,109.67331461076658,34169539
2015-07-20,110.18034912643245,109.67331461076658,110.491592861404,109.48447867002909,110.18034912643245,98363142
2015-07-21,111.33943412821348,110.18034912643245,111.3649925614659,110.17727837752412,111.33943412821348,83037889
2015-07-22,110.77409330505957,111.33943412821348,111.39770159500476,110.53285271539231,110.77409330505957,97548033
2015-07-23,110.57989796024992,110.77409330505957,111.02248069857464,110.08473999319484,110.57989796024992,97906560
2015-07-24,110.13984714810513,110.57989796024992,111.02174640776683,109.83953244948422,110.13984714810513,76703691
2015-07-27,110.31723020045276,110.13984714810513,110.75010316122301,109.901469026367,110.31723020045276,36294106
2015-07-28,109.81745039562722,110.31723020045276,110.50078881858192,109.69591043904603,109.81745039562722,30462221
2015-07-29,110.9056405905708,109.81745039562722,111.44594553636084,109.79665960607504,110.9056405905708,35754967
2015-07-30,110.65264564946307,110.9056405905708,111.15955094773669,110.21043486993457,110.65264564946307,96057809
2015-07-31,110.47114041562182,110.65264564946307,110.95887059560738,110.33916072599429,110.47114041562182,51376328
2015-08-03,110.9927154496539,110.47114041562182,111.03412998030774,109.85581428397809,110.9927154496539,60137553
2015-08-04,111.25553605868876,110.9927154496539,111.78893211185304,110.98191809909932,111.25553605868876,61266356
2015-08-05,112.2388596607476,111.25553605868876,112.31183275724146,110.72345111286378,112.2388596607476,67165508
2015-08-06,110.25939117220142,112.2388596607476,112.71592763210019,110.24937895645733,110.25939117220142,67436207
2015-08-07,111.76630190256968,110.25939117220142,111.88874266901955,109.85792166785022,111.76630190256968,40230690
2015-08-10,111.68581521864046,111.76630190256968,111.84841569984472,111.39645776344875,111.68581521864046,73762423
2015-08-11,110.73488826093347,111.68581521864046,111.88795431976432,110.5605256623012,110.73488826093347,79728941
2015-08-12,111.30382957688933,110.73488826093347,111.4953474619857,110.6781111439109,111.30382957688933,52466120
2015-08-13,110.95926493093131,111.30382957688933,111.86068216862755,110.84902770039905,110.95926493093131,42767903
2015-08-14,111.33991809136877,110.95926493093131,111.6707869796633,110.88861684463014,111.33991809136877,69821095
2015-08-17,112.09906811146455,111.33991809136877,112.39437798545241,111.3371542468018,112.09906811146455,47108618
2015-08-18,111.619409452645,112.09906811146455,112.43030273976139,111.36082020152263,111.619409452645,52587309
2015-08-19,111.58839765992812,111.619409452645,111.65752461424312,111.12382623195839,111.58839765992812,85722287
2015-08-20,111.08871636938098,111.58839765992812,111.73334192573965,110.70922655642255,111.08871636938098,75077170
2015-08-21,110.5248879934637,111.08871636938098,111.14334671080091,110.39709879418399,110.5248879934637,99504700
2015-08-24,111.25795606138227,110.5248879934637,111.50583628388452,110.46950073232857,111.25795606138227,89666954
2015-08-25,112.06900888564616,111.25795606138227,112.2391596614607,111.16273640101798,112.06900888564616,81111960
2015-08-26,110.56906328111518,112.06900888564616,112.44994568433432,110.46224677273675,110.56906328111518,30449107
2015-08-27,110.85483779824384,110.56906328111518,110.92955836039896,110.17969941191012,110.85483779824384,93432432
2015-08-28,111.5360214307057,110.85483779824384,111.89573219836616,110.2975128293923,111.5360214307057,47181814
2015-08-31,110.9396609491338,111.5360214307057,111.53744784401891,110.74373290185594,110.9396609491338,78320619
2015-09-01,111.06957318643286,110.9396609491338,111.35593750983227,110.8079606394138,111.06957318643286,79094835
2015-09-02,111.29812218024311,111.06957318643286,111.78407248796574,110.82701394318839,111.29812218024311,76389378
2015-09-03,110.7955292845483,111.29812218024311,111.4944582511712,110.67755818683581,110.7955292845483,65590746
2015-09-04,111.03668935014716,110.7955292845483,111.09883877916882,110.08844415584218,111.03668935014716,59478818
2015-09-07,111.99557695203934,111.03668935014716,112.72506894348588,110.42196007429801,111.99557695203934,47832694
2015-09-08,110.89627220131437,111.99557695203934,112.48085717326406,110.64508083471917,110.89627220131437,76944423
2015-09-09,110.75685199087323,110.89627220131437,111.45266248388997,110.12666630254824,110.75685199087323,81560670
2015-09-10,111.31997574711444,110.75685199087323,111.44926777057775,110.74203316533374,111.31997574711444,82982228
2015-09-11,112.10343408063832,111.31997574711444,112.10362241183134,111.08420499261095,112.10343408063832,40537490
2015-09-14,111.60755913511319,112.10343408063832,112.38137877614,111.21622879705139,111.60755913511319,64829837
2015-09-15,111.48089550299785,111.60755913511319,111.85699492065267,111.46242408744405,111.48089550299785,46906212
2015-09-16,111.78814721963457,111.48089550299785,112.06972201253613,111.3644063076257,111.78814721963457,71477309
2015-09-17,110.81052902111463,111.78814721963457,112.01487729759094,110.74657951339788,110.81052902111463,82572377
2015-09-18,112.08572342407798,110.81052902111463,112.27803849862057,110.59175286515115,112.08572342407798,71999658
2015-09-21,112.04646271794134,112.08572342407798,112.35988202126376,111.70444389461016,112.04646271794134,61340785
2015-09-22,111.62604591332348,112.04646271794134,112.4435109575702,111.58800478574418,111.62604591332348,44873761
2015-09-23,112.44056601698047,111.62604591332348,112.65058719494485,111.28748513407245,112.44056601698047,39052011
2015-09-24,111.26992498799417,112.44056601698047,113.04403871437857,111.26635545598977,111.26992498799417,98741574
2015-09-25,112.55486265874366,111.26992498799417,112.89493068362971,111.1516206114598,112.55486265874366,35635206
2015-09-28,112.03304006129596,112.55486265874366,112.98404451357345,111.74632719255335,112.03304006129596,36604992
2015-09-29,111.78104758059798,112.03304006129596,112.14296915364481,111.40280567117777,111.78104758059798,42164430
2015-09-30,111.9812379349432,111.78104758059798,112.08133215108433,111.64498662701556,111.9812379349432,85315854
2015-10-01,111.95519071856833,111.9812379349432,112.13349498397379,111.78745454552995,111.95519071856833,71774243
2015-10-02,112.72175923934056,111.95519071856833,113.22037785685586,111.78976904950814,112.72175923934056,61921383
2015-10-05,111.45779963392083,112.72175923934056,112.85993720626907,111.34818577568983,111.45779963392083,85655391
2015-10-06,111.65663855006146,111.45779963392083,111.89029411569483,111.29748116104588,111.65663855006146,94208429
2015-10-07,112.68775359820522,111.65663855006146,113.23501803553887,111.31226676163769,112.68775359820522,53620300
2015-10-08,111.79588501286582,112.68775359820522,113.06473681875894,111.62751977646684,111.79588501286582,63123860
2015-10-09,112.65765770886091,111.79588501286582,112.6824039041737,111.22342438065871,112.65765770886091,46397488
2015-10-12,113.12874854085163,112.65765770886091,113.35115768860388,112.56713521951525,113.12874854085163,43727398
2015-10-13,111.9730693394661,113.12874854085163,113.19491789860548,111.11525563111819,111.9730693394661,36690085
2015-10-14,112.60369112835815,111.9730693394661,112.7904749837833,111.52414609581771,112.60369112835815,84979347
2015-10-15,111.59679804180071,112.60369112835815,112.96114471011231,111.30314202484713,111.59679804180071,71965395
2015-10-16,112.69083445094209,111.59679804180071,113.0887564811129,111.22962531208162,112.69083445094209,61313725
2015-10-19,112.40204300892616,112.69083445094209,113.21902355105048,112.17000876566453,112.40204300892616,64731219
2015-10-20,112.57861878799326,112.40204300892616,112.87886182676088,112.21525283845405,112.57861878799326,98090678
2015-10-21,111.97327333541708,112.57861878799326,113.16307675040711,111.7282635651191,111.97327333541708,46970644
2015-10-22,111.42559210710942,111.97327333541708,112.15465354481094,111.12888036432183,111.42559210710942,70699947
2015-10-23,112.66446095027644,111.42559210710942,112.80979520107095,111.37188557952656,112.66446095027644,63303130
2015-10-26,111.24490032747099,112.66446095027644,113.11174142533373,110.78288530146524,111.24490032747099,85125699
2015-10-27,112.24908633397908,111.24490032747099,112.26022189279833,111.17551277484051,112.24908633397908,80748990
2015-10-28,112.97956297993254,112.24908633397908,113.05441480001788,112.21612133486025,112.97956297993254,96789467
2015-10-29,112.58119928398294,112.97956297993254,112.99407781883106,112.1649457038355,112.58119928398294,85842229
2015-10-30,113.59208876168958,112.58119928398294,114.5963237786369,112.45723157955875,113.59208876168958,88339046
2015-11-02,113.09580568355175,113.59208876168958,114.13894436755633,113.00086904224534,113.09580568355175,85942963
2015-11-03,112.17402962064565,113.09580568355175,113.26239714413742,112.0242629216445,112.17402962064565,65165084
2015-11-04,112.58025813356066,112.17402962064565,112.6916528295536,112.08016583735503,112.58025813356066,78462047
2015-11-05,112.5611194468768,112.58025813356066,112.60112242867133,112.31466359971765,112.5611194468768,60371234
2015-11-06,111.71983696134038,112.5611194468768,112.61630630211108,111.65973346723067,111.71983696134038,92456785
2015-11-09,112.10398526668982,111.71983696134038,112.30485731376245,111.65220676345025,112.10398526668982,80024562
2015-11-10,112.34062177613707,112.10398526668982,112.54842249957464,111.97022045379474,112.34062177613707,52054122
2015-11-11,111.53218889913524,112.34062177613707,112.78114249833415,111.33661746835081,111.53218889913524,77427343
2015-11-12,112.72905318951402,111.53218889913524,112.7919791441766,111.08441516729818,112.72905318951402,88410257
2015-11-13,112.58480748358812,112.72905318951402,112.91897012641552,111.8945155661811,112.58480748358812,65989434
2015-11-16,111.80501362891711,112.58480748358812,112.65190886214128,111.51093514130706,111.80501362891711,71753829
2015-11-17,112.9989097961352,111.80501362891711,113.12463276481837,111.59687488580761,112.9989097961352,36789848
2015-11-18,113.19762349906692,112.9989097961352,113.53427359094835,112.74464930699774,113.19762349906692,98538401
2015-11-19,112.94486040317345,113.19762349906692,113.52561138459853,112.8562289059063,112.94486040317345,66337027
2015-11-20,112.65685588679621,112.94486040317345,113.02506834974155,112.15341168051756,112.65685588679621,77449796
2015-11-23,113.19635390128438,112.65685588679621,113.42678194181661,112.38106410594658,113.19635390128438,37716340
2015-11-24,113.26943124773774,113.19635390128438,113.90652614713153,112.90799536546949,113.26943124773774,91213566
2015-11-25,113.08193916792841,113.26943124773774,113.44681818905349,113.0068307348365,113.08193916792841,66235725
2015-11-26,112.46567505217818,113.08193916792841,113.26621800499287,112.19436138837652,112.46567505217818,36537664
2015-11-27,113.11041456210951,112.46567505217818,113.17583969150583,111.92546237072095,113.11041456210951,63301717
2015-11-30,113.65240891726019,113.11041456210951,114.10912723366323,112.50063071264138,113.65240891726019,89937172
2015-12-01,112.66290458188438,113.65240891726019,113.94277396972824,111.97949359192872,112.66290458188438,30319820
2015-12-02,113.86381627766121,112.66290458188438,114.19383642736337,112.47892965103804,113.86381627766121,95551068
2015-12-03,112.0683273479973,113.86381627766121,113.87504212519265,111.77964042188039,112.0683273479973,87391994
2015-12-04,112.06360983815533,112.0683273479973,112.19701935367088,111.88106319254938,112.06360983815533,73856456
2015-12-07,111.35159781932191,112.06360983815533,112.10277215405512,111.13175185231526,111.35159781932191,55383648
2015-12-08,111.53346291337286,111.35159781932191,111.69715338008179,111.27005652672104,111.53346291337286,75642325
2015-12-09,110.12318413254532,111.53346291337286,111.680852543027,109.8759769697759,110.12318413254532,58370595
2015-12-10,110.4702945764281,110.12318413254532,110.49515934093316,109.98434169268255,110.4702945764281,56803951
2015-12-11,109.85139670071659,110.4702945764281,110.83251312125033,109.45264765564225,109.85139670071659,60774172
2015-12-14,110.21089200385069,109.85139670071659,110.53175866246038,109.81356756357003,110.21089200385069,95655432
2015-12-15,110.36422383164306,110.21089200385069,110.50108828108912,109.71401665252715,110.36422383164306,68135447
2015-12-16,109.85368838744523,110.36422383164306,110.38230539274184,109.78773183057801,109.85368838744523,49295634
2015-12-17,107.88710777618567,109.85368838744523,110.0703158277065,107.48299017440783,107.88710777618567,88359904
2015-12-18,109.97517200426415,107.88710777618567,110.07885684556791,107.82016931884228,109.97517200426415,63204893
2015-12-21,108.7057110223188,109.97517200426415,110.32515701534115,108.48414066295449,108.7057110223188,80875577
2015-12-22,107.80708080601958,108.7057110223188,108.99907339951847,107.71310094888773,107.80708080601958,54999591
2015-12-23,107.99386856356466,107.80708080601958,108.32376409754679,107.45727462307643,107.99386856356466,66058355
2015-12-24,107.68569120678724,107.99386856356466,108.34570065534251,107.1722091309344,107.68569120678724,97263171
2015-12-25,106.9150538699987,107.68569120678724,107.91223483248004,106.10420862954251,106.9150538699987,33758650
2015-12-28,107.0603858905127,106.9150538699987,107.37390324503637,106.64749015054505,107.0603858905127,95551309
2015-12-29,106.31247045755518,107.0603858905127,107.56666663894374,106.21580496869798,106.31247045755518,48757401
2015-12-30,106.10322665888592,106.31247045755518,106.43837335735752,105.95669985833256,106.10322665888592,92177941
2015-12-31,105.63627205804981,106.10322665888592,106.21862763418946,105.11326016587053,105.63627205804981,81047841
2016-01-01,104.9247816480353,105.63627205804981,106.00472547795523,104.61564415401018,104.9247816480353,57599328
2016-01-04,105.440465667718,104.9247816480353,105.49751065428252,104.88374854496017,105.440465667718,97565836
2016-01-05,105.35286977222484,105.440465667718,105.86535153861527,105.32604011266058,105.35286977222484,50877878
2016-01-06,104.99688450121818,105.35286977222484,105.65608216692834,104.8779382326049,104.99688450121818,88327445
2016-01-07,104.83712916029617,104.99688450121818,105.36920204309916,104.697588091841,104.83712916029617,45782652
2016-01-08,104.25971342748501,104.83712916029617,105.00631866353457,104.1538081517906,104.25971342748501,54850003
2016-01-11,103.49631538353883,104.25971342748501,104.31692122250018,103.43618754836146,103.49631538353883,31144724
2016-01-12,103.88888067169214,103.49631538353883,104.25210991863439,103.47900880006006,103.88888067169214,63043297
2016-01-13,102.43631652320424,103.88888067169214,104.34723695585795,102.2320288763884,102.43631652320424,55009840
2016-01-14,102.3551548483538,102.43631652320424,102.84358734950311,101.66753619347897,102.3551548483538,36580613
2016-01-15,102.0058474633956,102.3551548483538,102.76849672152784,101.53325432508178,102.0058474633956,62222618
2016-01-18,102.7336286411239,102.0058474633956,103.09889693737715,101.33123728394193,102.7336286411239,91533821
2016-01-19,102.34381569549724,102.7336286411239,103.0104862827653,102.01247908121258,102.34381569549724,54497520
2016-01-20,101.79287270444513,102.34381569549724,102.55682386093724,101.72362480572183,101.79287270444513,98319817
2016-01-21,101.76981541132425,101.79287270444513,101.89744988069987,101.56446034201578,101.76981541132425,36037043
2016-01-22,100.46545277796486,101.76981541132425,102.15980888474384,99.56269024483977,100.46545277796486,70049519
2016-01-25,100.76623659096644,100.46545277796486,101.04160261238019,100.45697620914818,100.76623659096644,93280642
2016-01-26,100.20996936613336,100.76623659096644,100.78860209496767,99.97175171825619,100.20996936613336,80294700
2016-01-27,100.37779403328248,100.20996936613336,100.5010540138628,99.91098747630953,100.37779403328248,66868702
2016-01-28,99.57896101869218,100.37779403328248,100.74630445778334,99.3706429300501,99.57896101869218,57350694
2016-01-29,99.12702267927817,99.57896101869218,100.31908347432376,99.03755996034002,99.12702267927817,33202578
2016-02-01,99.26774971668769,99.12702267927817,99.57703055828803,98.94379189063856,99.26774971668769,78036581
2016-02-02,99.56069441941709,99.26774971668769,99.89306730272878,99.15080992900874,99.56069441941709,72793363
2016-02-03,98.92119765761481,99.56069441941709,99.68101354704002,98.61498910309587,98.92119765761481,57898069
2016-02-04,99.34896205433834,98.92119765761481,99.39942999293902,98.65729999082107,99.34896205433834,35640134
2016-02-05,98.97914249623933,99.34896205433834,99.54434798953682,98.85015973045176,98.97914249623933,50925813
2016-02-08,98.38774753450409,98.97914249623933,99.51531316780363,98.34889951415244,98.38774753450409,79184899
2016-02-09,99.85860857132411,98.38774753450409,100.25554793490431,98.24264926690354,99.85860857132411,50359176
2016-02-10,100.18916020378464,99.85860857132411,100.48141248619191,99.79449503381481,100.18916020378464,85754904
2016-02-11,100.1425427187278,100.18916020378464,100.77303374635133,99.93093994336618,100.1425427187278,49794391
2016-02-12,99.16180565028299,100.1425427187278,100.85143603395275,98.90054979286978,99.16180565028299,67094368
2016-02-15,100.08847933456568,99.16180565028299,100.76977909466731,98.6436703554119,100.08847933456568,81620351
2016-02-16,99.27729601515597,100.08847933456568,100.1450654362409,99.02285535899759,99.27729601515597,77833802
2016-02-17,101.20563426358828,99.27729601515597,101.59137596974391,99.20838487688837,101.20563426358828,87263789
2016-02-18,100.09715552178011,101.20563426358828,101.49808612049503,100.09034565439345,100.09715552178011,69778983
2016-02-19,101.40265077265144,100.09715552178011,101.43550026865707,99.89593304063669,101.40265077265144,52863698
2016-02-22,101.37372665127928,101.40265077265144,101.43702052876228,101.0963609363125,101.37372665127928,99887009
2016-02-23,100.56808686158394,101.37372665127928,101.64575053006457,99.97072800313283,100.56808686158394,30647908
2016-02-24,100.57652255338184,100.56808686158394,100.67741330119239,100.51192100642614,100.57652255338184,83387776
2016-02-25,101.4532822975046,100.57652255338184,101.81419674226397,100.55107437020067,101.4532822975046,74422258
2016-02-26,100.9742168588489,101.4532822975046,101.55212070314572,100.71689731850388,100.9742168588489,86298709
2016-02-29,101.58076131288412,100.9742168588489,101.7822425663971,100.40901173465159,101.58076131288412,89716142
2016-03-01,101.40976280384504,101.58076131288412,101.73625674052461,101.40110171835364,101.40976280384504,45807255
2016-03-02,100.87516334712109,101.40976280384504,101.48947591981414,100.57888215067094,100.87516334712109,91309212
2016-03-03,100.77153278979556,100.87516334712109,101.15764092613522,100.57709794744203,100.77153278979556,83472500
2016-03-04,102.15013080884404,100.77153278979556,102.26097912170798,100.40072562070678,102.15013080884404,48369095
2016-03-07,101.8740732615295,102.15013080884404,102.20488423157468,101.81728693852239,101.8740732615295,67911893
2016-03-08,102.0044858459357,101.8740732615295,103.0374584775734,101.85552644472574,102.0044858459357,92057174
2016-03-09,102.77012337967389,102.0044858459357,102.90875519737065,101.72642601944713,102.77012337967389,51410956
2016-03-10,103.14185508907114,102.77012337967389,103.37822617836645,102.12385512078355,103.14185508907114,31194943
2016-03-11,102.52676037636762,103.14185508907114,103.26265311773606,102.3795228089217,102.52676037636762,73423387
2016-03-14,102.61804745770719,102.52676037636762,102.7615774915351,102.17191750872861,102.61804745770719,39725149
2016-03-15,103.17691268497136,102.61804745770719,103.49927438578369,102.58922574681687,103.17691268497136,41031881
2016-03-16,102.34684325388756,103.17691268497136,103.48748527028694,102.068093242737,102.34684325388756,73345288
2016-03-17,103.28752998962158,102.34684325388756,103.45747824006365,102.34149637364975,103.28752998962158,96047369
2016-03-18,103.58389650740033,103.28752998962158,103.84039548823014,103.1370625998836,103.58389650740033,45243850
2016-03-21,103.77705238019206,103.58389650740033,104.31447657044063,103.3130731177748,103.77705238019206,90418949
2016-03-22,102.54895373006639,103.77705238019206,103.82700547782521,102.09127104910142,102.54895373006639,49708176
2016-03-23,103.28348134863927,102.54895373006639,103.37027386877276,102.37614509543137,103.28348134863927,35291427
2016-03-24,103.3487588829742,103.28348134863927,103.43574909593812,102.95885055229493,103.3487588829742,87292720
2016-03-25,103.98294125527404,103.3487588829742,104.17511032294419,103.23554218849651,103.98294125527404,61621316
2016-03-28,104.30759659084134,103.98294125527404,104.41590050511893,103.72561964996135,104.30759659084134,93444678
2016-03-29,104.96357374328105,104.30759659084134,105.23111900169673,104.0343985482491,104.96357374328105,57540988
2016-03-30,104.05219472791148,104.96357374328105,105.56591288554222,103.89879773080536,104.05219472791148,55827863
2016-03-31,104.1769572574921,104.05219472791148,104.73241674074131,103.63188194453303,104.1769572574921,37839538
2016-04-01,105.16428542274367,104.1769572574921,105.3169338412583,103.68948974696735,105.16428542274367,68783122
2016-04-04,104.84489785954794,105.16428542274367,105.17764083341677,104.4841059326257,104.84489785954794,62910794
2016-04-05,105.48044334083467,104.84489785954794,105.76740314422274,104.76634720196685,105.48044334083467,37273538
2016-04-06,105.0940279693954,105.48044334083467,105.93986385856864,104.9581591099311,105.0940279693954,38104814
2016-04-07,104.46108028668633,105.0940279693954,105.30359625594707,104.24264230583532,104.46108028668633,51094370
2016-04-08,104.4942074308663,104.46108028668633,104.53216247490728,104.37181629983024,104.4942074308663,77559800
2016-04-11,104.50479846332603,104.4942074308663,104.93292129723059,104.13653537888975,104.50479846332603,49094538
2016-04-12,105.79733698460197,104.50479846332603,105.81209462798822,104.36319577609399,105.79733698460197,64355783
2016-04-13,106.20214148391116,105.79733698460197,106.34553179350526,105.69592628559738,106.20214148391116,47443612
2016-04-14,106.67854794552811,106.20214148391116,106.86723423908505,106.03810340428302,106.67854794552811,74408950
2016-04-15,106.2737052180862,106.67854794552811,106.83435476051686,106.1589372128162,106.2737052180862,30545287
2016-04-18,106.57006011538606,106.2737052180862,107.10629068813962,106.1423144769502,106.57006011538606,78474844
2016-04-19,105.77281777390455,106.57006011538606,106.8883401335206,105.32969343771911,105.77281777390455,71134159
2016-04-20,105.59279987662568,105.77281777390455,105.79866526196002,104.93480056397662,105.59279987662568,44721607
2016-04-21,106.78529217840199,105.59279987662568,107.00168964086923,105.34024756939293,106.78529217840199,60132935
2016-04-22,106.68210109926675,106.78529217840199,106.97030312860913,106.18953226104583,106.68210109926675,48810540
2016-04-25,106.64346733811857,106.68210109926675,106.84423261088969,106.25048795987871,106.64346733811857,39066756
2016-04-26,106.91933085208025,106.64346733811857,107.275998779926,106.4396634786585,106.91933085208025,69663549
2016-04-27,107.01172465858903,106.91933085208025,107.36630085039285,106.528753025406,107.01172465858903,35888932
2016-04-28,107.65213791366651,107.01172465858903,107.69320459808955,106.7885187813106,107.65213791366651,63090192
2016-04-29,107.78536670653675,107.65213791366651,107.99292221660464,107.5345268560822,107.78536670653675,62462925
2016-05-02,107.51014295670292,107.78536670653675,107.9092427862186,107.1878747763693,107.51014295670292,72357477
2016-05-03,107.7987904038428,107.51014295670292,108.09730866717678,107.10601240764926,107.7987904038428,43286547
2016-05-04,107.74749913018228,107.7987904038428,107.88594370650162,107.6868971459511,107.74749913018228,40332189
2016-05-05,107.34959713439218,107.74749913018228,107.77215547044692,106.96182238734521,107.34959713439218,50826549
2016-05-06,108.13163931800493,107.34959713439218,108.67064774666328,107.007751046355,108.13163931800493,82012704
2016-05-09,107.09858923959158,108.13163931800493,108.41072682803009,107.06144076896886,107.09858923959158,79442878
2016-05-10,108.54599179553261,107.09858923959158,109.44713804338471,106.7882587713458,108.54599179553261,79171590
2016-05-11,107.45778803169543,108.54599179553261,109.43003928725217,107.32028312585085,107.45778803169543,46611183
2016-05-12,108.38454734186547,107.45778803169543,108.87288881210159,106.97740542770572,108.38454734186547,71122664
2016-05-13,107.89843296746648,108.38454734186547,108.46941527913056,107.85034627803665,107.89843296746648,48931066
2016-05-16,108.78292443806072,107.89843296746648,108.7860007192675,107.85630368055459,108.78292443806072,75663558
2016-05-17,108.59077244483949,108.78292443806072,108.88179893735462,107.93333239557845,108.59077244483949,85285958
2016-05-18,107.86859819745833,108.59077244483949,108.78270458971635,107.48428359421064,107.86859819745833,85499946
2016-05-19,109.09106012674576,107.86859819745833,109.15409920777867,107.48310758557545,109.09106012674576,75651258
2016-05-20,108.67357213759036,109.09106012674576,109.13818745742287,108.32445037634287,108.67357213759036,99457774
2016-05-23,109.59567389774031,108.67357213759036,109.62666954366561,108.39504698662907,109.59567389774031,89949876
2016-05-24,109.24210341067423,109.59567389774031,109.6553359403554,108.81876365380347,109.24210341067423,81520831
2016-05-25,109.58404773999811,109.24210341067423,110.01587281888604,109.15015161233714,109.58404773999811,45636455
2016-05-26,108.97001138704168,109.58404773999811,109.59705637161366,108.7794458857218,108.97001138704168,75820409
2016-05-27,109.29767462694697,108.97001138704168,109.35126800283189,108.61218439501691,109.29767462694697,96191390
2016-05-30,109.49545507485671,109.29767462694697,109.53778041863647,108.92622356856856,109.49545507485671,49457652
2016-05-31,110.34420798900221,109.49545507485671,110.41565501030702,109.13237452892298,110.34420798900221,83962002
2016-06-01,110.92255739829302,110.34420798900221,111.3011996816912,110.32947634792008,110.92255739829302,38630980
2016-06-02,109.6331840969415,110.92255739829302,111.04024153574674,109.39762804206093,109.6331840969415,91727920
2016-06-03,110.74576025677139,109.6331840969415,110.82128639790298,109.57024513723883,110.74576025677139,93460075
2016-06-06,109.03320069038323,110.74576025677139,111.17677086179285,108.72499762657729,109.03320069038323,32985926
2016-06-07,109.6467161509243,109.03320069038323,109.6728261502062,108.69813562753916,109.6467161509243,56364146
2016-06-08,109.85252150853204,109.6467161509243,109.92319950063886,109.50537842189777,109.85252150853204,97637748
2016-06-09,109.71103813983942,109.85252150853204,109.88428579453365,109.6072384763335,109.71103813983942,30501195
2016-06-10,109.65914656930825,109.71103813983942,110.11829751368364,109.22858803355318,109.65914656930825,61774078
2016-06-13,110.83909748995713,109.65914656930825,110.92479536337879,109.33512020618133,110.83909748995713,57749074
2016-06-14,110.56855031995975,110.83909748995713,111.26583507927582,110.3087223789077,110.56855031995975,86455500
2016-06-15,110.97347985951338,110.56855031995975,111.0079663869343,110.30807667974334,110.97347985951338,67382746
2016-06-16,111.22235356498032,110.97347985951338,111.5091269646889,110.59085287439902,111.22235356498032,60730400
2016-06-17,111.06333644697698,111.22235356498032,111.44903801392078,110.71967897147785,111.06333644697698,74408460
2016-06-20,111.35739986951245,111.06333644697698,111.45918092288517,110.95610417700705,111.35739986951245,30981196
2016-06-21,111.03008798607537,111.35739986951245,111.56469196973357,110.76982534499653,111.03008798607537,97919820
2016-06-22,110.48539604069727,111.03008798607537,111.93922601309836,110.25624168999043,110.48539604069727,91635683
2016-06-23,111.80963177918164,110.48539604069727,111.811377774429,110.28971700471816,111.80963177918164,84589092
2016-06-24,110.9698757673302,111.80963177918164,111.96379667683514,110.72034167917201,110.9698757673302,86111560
2016-06-27,110.85304007637619,110.9698757673302,111.32384482038893,110.76188180527886,110.85304007637619,94069456
2016-06-28,111.35123660355939,110.85304007637619,111.53604881264334,110.28069015840391,111.35123660355939,33096802
2016-06-29,111.01770352935412,111.35123660355939,111.5428842672404,110.69050674456972,111.01770352935412,44456830
2016-06-30,111.37012090898148,111.01770352935412,111.38615346030474,110.87435257178296,111.37012090898148,69569459
2016-07-01,111.87150797223181,111.37012090898148,112.33040259157465,110.91299477797781,111.87150797223181,83290280
2016-07-04,111.95037110925814,111.87150797223181,112.05659201047474,111.56907108169119,111.95037110925814,69996005
2016-07-05,111.33003013461315,111.95037110925814,112.40921586591439,110.78767651470838,111.33003013461315,30289279
2016-07-06,111.63550531422028,111.33003013461315,111.72959009836208,110.77773235931636,111.63550531422028,40667509
2016-07-07,112.58627729694577,111.63550531422028,112.85952034461194,111.45641378535721,112.58627729694577,62460454
2016-07-08,112.3392043407761,112.58627729694577,112.95597543304768,112.2756809492141,112.3392043407761,37199333
2016-07-11,113.30086661939046,112.3392043407761,113.72115261927924,112.20059576239423,113.30086661939046,68637126
2016-07-12,112.8758734409924,113.30086661939046,113.9365316231758,112.64848140269764,112.8758734409924,52006279
2016-07-13,112.93254011597392,112.8758734409924,113.10166856506272,112.25229246973244,112.93254011597392,52213281
2016-07-14,111.58666316554545,112.93254011597392,113.17596078040461,111.58172621961702,111.58666316554545,72943560
2016-07-15,112.87220087708245,111.58666316554545,113.13749535319647,111.15630724089748,112.87220087708245,89640858
2016-07-18,112.48920632606824,112.87220087708245,113.11203157814133,112.47767442257086,112.48920632606824,31367839
2016-07-19,112.28522970984011,112.48920632606824,112.75097162252975,111.57252027574465,112.28522970984011,78016239
2016-07-20,112.76640864222367,112.28522970984011,113.40555143405336,112.11365391641088,112.76640864222367,59243306
2016-07-21,113.28094558649663,112.76640864222367,113.2848095685564,112.70051674688905,113.28094558649663,52329262
2016-07-22,113.10695766851308,113.28094558649663,113.42577184063045,112.7993129467312,113.10695766851308,59620948
2016-07-25,112.40486154496759,113.10695766851308,113.43962386589082,112.31034323337053,112.40486154496759,63720976
2016-07-26,113.39650350844163,112.40486154496759,114.12291735642138,112.30623161101835,113.39650350844163,69529781
2016-07-27,112.6930278054143,113.39650350844163,113.51099256045752,112.57050712280522,112.6930278054143,58519423
2016-07-28,113.25233755049813,112.6930278054143,113.35705607350165,112.61463471214118,113.25233755049813,41178421
2016-07-29,113.03440146943947,113.25233755049813,113.37014825760431,112.70885882509988,113.03440146943947,80562524
2016-08-01,113.15847422993295,113.03440146943947,113.37740052413713,112.7475048958514,113.15847422993295,61771018
2016-08-02,113.79308046486074,113.15847422993295,114.04209513124147,112.56728061369313,113.79308046486074,40544847
2016-08-03,112.84514203524945,113.79308046486074,113.97186223566867,112.51639423082891,112.84514203524945,32572613
2016-08-04,114.61545995246178,112.84514203524945,115.08508393794605,112.36994040444577,114.61545995246178,70564970
2016-08-05,112.55352058354572,114.61545995246178,114.88548867638143,112.22848607063575,112.55352058354572,76795370
2016-08-08,113.32445527466928,112.55352058354572,113.98705082353496,112.43405035888769,113.32445527466928,37447737
2016-08-09,113.95099836489054,113.32445527466928,114.20248427910113,112.90565273051146,113.95099836489054,82260669
2016-08-10,114.14931771837979,113.95099836489054,114.46639170851799,113.75296338801579,114.14931771837979,94426666
2016-08-11,113.83591229958283,114.14931771837979,114.55245045806696,113.51873100057408,113.83591229958283,65669252
2016-08-12,113.93676171008347,113.83591229958283,114.56368776849541,113.68630505188533,113.93676171008347,75565282
2016-08-15,114.2799090944578,113.93676171008347,114.88722311889845,113.69044961297166,114.2799090944578,57498691
2016-08-16,113.99028669129801,114.2799090944578,114.70156188629306,113.20885438131441,113.99028669129801,59411938
2016-08-17,114.99396914575215,113.99028669129801,115.27123926734004,113.53868124228298,114.99396914575215,92279145
2016-08-18,114.75439145954378,114.99396914575215,115.15601742692525,114.30946265854531,114.75439145954378,63248588
2016-08-19,114.85018735794138,114.75439145954378,114.95374871040971,114.67739036519744,114.85018735794138,67343148
2016-08-22,113.87470651590372,114.85018735794138,115.00419372499509,113.23852952784563,113.87470651590372,54531264
2016-08-23,114.45836540587459,113.87470651590372,114.5336706250227,113.63595697232856,114.45836540587459,89979198
2016-08-24,114.40801550037031,114.45836540587459,114.47048496406777,114.09108225364922,114.40801550037031,59152632
2016-08-25,114.07999493653222,114.40801550037031,114.6561097837232,114.02319619607395,114.07999493653222,87241802
2016-08-26,114.93943769788952,114.07999493653222,115.68960675722337,113.95310912546574,114.93943769788952,49979970
2016-08-29,114.50052701538135,114.93943769788952,115.2817970100017,114.43906368359177,114.50052701538135,48888524
2016-08-30,115.2619781541697,114.50052701538135,115.45189715514832,114.4766653168234,115.2619781541697,69626783
2016-08-31,114.34667614743555,115.2619781541697,115.34741474811271,113.88023115471351,114.34667614743555,33161967
2016-09-01,116.026944352501,114.34667614743555,116.42015994281579,114.20103898371256,116.026944352501,47701809
2016-09-02,114.59859937055084,116.026944352501,116.19778467622909,114.4412537937075,114.59859937055084,36304470
2016-09-05,115.31714779650208,114.59859937055084,115.708414516004,114.19802324721604,115.31714779650208,69775027
2016-09-06,115.72355250331526,115.31714779650208,115.76723329031977,115.18265268614623,115.72355250331526,73739378
2016-09-07,115.01441309540749,115.72355250331526,116.09609832535112,114.57901081476886,115.01441309540749,63005637
2016-09-08,115.91180633163,115.01441309540749,116.2070005479997,114.59795614487403,115.91180633163,35641838
2016-09-09,114.78635313607938,115.91180633163,116.36688215625148,114.7395747994725,114.78635313607938,55543204
2016-09-12,116.41164358647418,114.78635313607938,116.46525139126304,114.73836628519992,116.41164358647418,51432111
2016-09-13,115.65703669329127,116.41164358647418,116.71423741342016,115.43728950737113,115.65703669329127,51341218
2016-09-14,115.38009171966381,115.65703669329127,115.97166463690262,115.16657324493004,115.38009171966381,80612683
2016-09-15,115.62829818749145,115.38009171966381,115.76908151446136,115.0870070163384,115.62829818749145,83246367
2016-09-16,116.34654177516722,115.62829818749145,116.37092284506633,115.28673596477417,116.34654177516722,53997858
2016-09-19,115.61534824873252,116.34654177516722,116.62489581436263,115.34348220066978,115.61534824873252,65926526
2016-09-20,115.59579248552572,115.61534824873252,115.74733021157708,115.32080340994953,115.59579248552572,56571119
2016-09-21,115.97826062407448,115.59579248552572,116.21857948734895,115.39846022460408,115.97826062407448,62680847
2016-09-22,115.49948994823058,115.97826062407448,116.02790688564954,115.45391752350871,115.49948994823058,39189238
2016-09-23,117.31781998923488,115.49948994823058,117.8822484060231,115.4387211559715,117.31781998923488,51765555
2016-09-26,116.00641780266747,117.31781998923488,117.47959093366158,115.58520180002891,116.00641780266747,69360261
2016-09-27,116.89626549577295,116.00641780266747,117.216657311364,115.8763557443364,116.89626549577295,69129753
2016-09-28,116.61055394948339,116.89626549577295,116.94310539059958,116.4811235062421,116.61055394948339,49553297
2016-09-29,115.99107500187559,116.61055394948339,116.8469227680182,115.711300006031,115.99107500187559,75196772
2016-09-30,116.6377485512683,115.99107500187559,116.91655285846761,115.76165658977963,116.6377485512683,42683060
2016-10-03,117.1750916983077,116.6377485512683,117.33623030903914,116.55511493995341,117.1750916983077,88092056
2016-10-04,116.6839542585183,117.1750916983077,117.29790181755372,116.4025341321882,116.6839542585183,55761244
2016-10-05,117.56742592370149,116.6839542585183,117.68808519007108,116.40466474079074,117.56742592370149,71112225
2016-10-06,117.54387846631367,117.56742592370149,117.74646176987711,117.06851894361756,117.54387846631367,65562895
2016-10-07,117.56057117259206,117.54387846631367,117.9486596233837,117.50888696194077,117.56057117259206,36801380
2016-10-10,116.8301093554707,117.56057117259206,118.06313244718136,116.78366654913702,116.8301093554707,64830685
2016-10-11,116.54291673383796,116.8301093554707,117.17164554856778,115.90980914040462,116.54291673383796,48618582
2016-10-12,116.89218680845906,116.54291673383796,116.97269255259873,116.38872212665919,116.89218680845906,30316539
2016-10-13,117.44336729992547,116.89218680845906,117.69858241213126,116.80251897395397,117.44336729992547,32260259
2016-10-14,117.72496945244761,117.44336729992547,118.91791244151732,117.29231352236089,117.72496945244761,41706695
2016-10-17,116.20532504124948,117.72496945244761,117.90710868168611,116.13410028449852,116.20532504124948,31698638
2016-10-18,117.55248307996867,116.20532504124948,117.58010703734917,115.96935099979467,117.55248307996867,86311905
2016-10-19,117.72657080008513,117.55248307996867,117.90862408970405,117.51393188753134,117.72657080008513,71773355
2016-10-20,117.54657509800056,117.72657080008513,117.8961543771687,117.54176053883695,117.54657509800056,98056057
2016-10-21,118.54673111969524,117.54657509800056,118.55745035031333,117.45783194677198,118.54673111969524,97182452
2016-10-24,118.11115589108525,118.54673111969524,118.58655639586539,117.78268889810404,118.11115589108525,77797146
2016-10-25,118.71154446487978,118.11115589108525,118.87419084734684,117.87172638812011,118.71154446487978,82338407
2016-10-26,117.88783398302998,118.71154446487978,118.80882344005506,117.71566285476975,117.88783398302998,97073313
2016-10-27,118.64514415301839,117.88783398302998,119.12362266465254,117.65126970732356,118.64514415301839,33764862
2016-10-28,119.13400106058344,118.64514415301839,119.62882590764998,118.5269032152615,119.13400106058344,50228759
2016-10-31,119.01977601256615,119.13400106058344,119.22407850988203,118.51052576675185,119.01977601256615,64521606
2016-11-01,117.67449638556697,119.01977601256615,119.49868530949732,117.47231089500876,117.67449638556697,36565315
2016-11-02,118.24677419989762,117.67449638556697,118.4378029834047,117.2751951371781,118.24677419989762,42473650
2016-11-03,118.26881846455797,118.24677419989762,118.8202879083466,118.03377144962069,118.26881846455797,62526562
2016-11-04,118.8396230125853,118.26881846455797,119.32797582188623,118.13655824702552,118.8396230125853,78926451
2016-11-07,119.03305092537884,118.8396230125853,119.29531377519407,118.51643588375323,119.03305092537884,47623303
2016-11-08,118.2043976686603,119.03305092537884,119.54099695760073,117.9471825207719,118.2043976686603,90657047
2016-11-09,118.8189147815476,118.2043976686603,118.83794396551468,117.72745722697404,118.8189147815476,48489909
2016-11-10,117.65456990222629,118.8189147815476,119.04280632128773,117.43807056495672,117.65456990222629,73210883
2016-11-11,119.78875966375549,117.65456990222629,120.03340744585394,117.31760716130668,119.78875966375549,89515706
2016-11-14,118.7027513583149,119.78875966375549,119.89379001321184,118.25572040899125,118.7027513583149,85749677
2016-11-15,119.11723196418224,118.7027513583149,119.59234328101232,118.44155945359856,119.11723196418224,58262749
2016-11-16,118.97581557116972,119.11723196418224,119.32786341987584,118.65816350818714,118.97581557116972,84968418
2016-11-17,119.91988361533244,118.97581557116972,120.22979620274008,118.87725645058632,119.91988361533244,65079913
2016-11-18,117.62022039392974,119.91988361533244,119.95495620199696,117.23608649663201,117.62022039392974,36981388
2016-11-21,119.3793974903062,117.62022039392974,119.46057388224939,117.57751229953587,119.3793974903062,42980298
2016-11-22,119.40244032233439,119.3793974903062,119.63496978841084,119.30574568631684,119.40244032233439,71774098
2016-11-23,119.27084176222574,119.40244032233439,119.56480120282666,119.14182171617355,119.27084176222574,65172240
2016-11-24,120.65076221259962,119.27084176222574,121.272755360916,118.77099789646837,120.65076221259962,85214023
2016-11-25,119.16361351470005,120.65076221259962,121.11756342527873,118.87137012179228,119.16361351470005,60388331
2016-11-28,120.2331863366728,119.16361351470005,120.68540792117778,118.98871477616028,120.2331863366728,30301913
2016-11-29,120.06080796880478,120.2331863366728,120.50906711603268,119.35267188590464,120.06080796880478,52344189
2016-11-30,120.6800941777608,120.06080796880478,121.33031227441448,119.90111173286925,120.6800941777608,35892471
2016-12-01,119.59968654913351,120.6800941777608,120.76621456657297,118.9816093643501,119.59968654913351,46150460
2016-12-02,119.71350099214182,119.59968654913351,119.80494103230066,118.5195139012329,119.71350099214182,82752126
2016-12-05,120.96702051357487,119.71350099214182,121.36969893108241,119.46591579891438,120.96702051357487,97925725
2016-12-06,120.71771275724807,120.96702051357487,121.57719397242839,120.6600005492895,120.71771275724807,46029543
2016-12-07,119.68366855400417,120.71771275724807,120.72074064259685,119.37854880356223,119.68366855400417,66110895
2016-12-08,120.44357351049719,119.68366855400417,120.79617335766882,119.396022530286,120.44357351049719,98683567
2016-12-09,121.15668981994199,120.44357351049719,121.3693029067049,119.8258042455338,121.15668981994199,95268898
2016-12-12,121.58409264796705,121.15668981994199,121.60477652730575,120.87491665308394,121.58409264796705,38779511
2016-12-13,120.81905095791073,121.58409264796705,121.75875339108613,120.68450978008684,120.81905095791073,74589420
2016-12-14,119.61588617233419,120.81905095791073,120.82891491485033,119.27732423496387,119.61588617233419,79897888
2016-12-15,121.8564202436402,119.61588617233419,122.37908347821387,119.56398688459196,121.8564202436402,94857699
2016-12-16,120.94978948788794,121.8564202436402,122.37585540739535,120.63296056158542,120.94978948788794,92904933
2016-12-19,120.61712897837465,120.94978948788794,121.02350906032171,120.47707330401454,120.61712897837465,88868228
2016-12-20,120.27228118575967,120.61712897837465,120.67526159286189,120.1675061112895,120.27228118575967,41464639
2016-12-21,122.65100061769,120.27228118575967,122.96412224877152,119.25405596309513,122.65100061769,37775428
2016-12-22,122.38634682543997,122.65100061769,122.92965298014393,121.99031001195348,122.38634682543997,91169993
2016-12-23,122.32336732381003,122.38634682543997,122.60852688286657,121.90130448541966,122.32336732381003,78824697
2016-12-26,123.4669633979087,122.32336732381003,123.57078036433839,121.7874860559562,123.4669633979087,53032465
2016-12-27,123.16045007465571,123.4669633979087,123.9783581907654,122.89915704656727,123.16045007465571,35652025
2016-12-28,123.91647979548833,123.16045007465571,124.06966700967996,123.13285660167323,123.91647979548833,71941345
2016-12-29,122.21985509405107,123.91647979548833,124.11171119327652,121.85277843228927,122.21985509405107,86322564
2016-12-30,123.20948073093298,122.21985509405107,124.09234989453711,121.63305411616159,123.20948073093298,86976584
2017-01-02,122.38722759483976,123.20948073093298,123.5178758551015,121.86941495510021,122.38722759483976,55605046
2017-01-03,123.39677383655388,122.38722759483976,123.652595478702,122.19133019092399,123.39677383655388,82041860
2017-01-04,123.53854834890123,123.39677383655388,123.582410785032,122.73638443402677,123.53854834890123,53611332
2017-01-05,124.23417229076674,123.53854834890123,124.53358674601412,123.53697245533256,124.23417229076674,84221433
2017-01-06,124.02824960630798,124.23417229076674,124.24838514054753,123.06477718371897,124.02824960630798,32105320
2017-01-09,124.54083812353224,124.02824960630798,124.6194987173098,123.974414103774,124.54083812353224,74824409
2017-01-10,124.74490740582787,124.54083812353224,124.80446666409986,124.32555953939243,124.74490740582787,46360832
2017-01-11,125.80256715384844,124.74490740582787,126.0729398775742,124.2210149303905,125.80256715384844,56874675
2017-01-12,124.41893054555248,125.80256715384844,126.04372503437203,123.94204522051523,124.41893054555248,78928865
2017-01-13,124.18217737673812,124.41893054555248,124.82214756239699,123.99190591665149,124.18217737673812,46563993
2017-01-16,125.07678453510533,124.18217737673812,125.21939737522572,124.12959604018558,125.07678453510533,33775455
2017-01-17,124.57518949071967,125.07678453510533,125.29107957637659,124.38304495514461,124.57518949071967,81855173
2017-01-18,126.15870466577486,124.57518949071967,126.45036515291487,124.27016059710728,126.15870466577486,89666771
2017-01-19,125.20705946019972,126.15870466577486,126.73423062010392,125.14991481344855,125.20705946019972,67045778
2017-01-20,125.18345360293446,125.20705946019972,125.32523042660814,124.76685275885691,125.18345360293446,99406303
2017-01-23,125.39610388909196,125.18345360293446,125.97174183544554,124.51464286044452,125.39610388909196,55843921
2017-01-24,126.2982041941537,125.39610388909196,126.54150272091128,125.37713392982751,126.2982041941537,54333316
2017-01-25,125.90061940056417,126.2982041941537,127.06606359568657,125.42385469569057,125.90061940056417,84590517
2017-01-26,125.74910246730238,125.90061940056417,126.05253026639822,125.39984515908009,125.74910246730238,49710392
2017-01-27,127.35942609566838,125.74910246730238,127.45438978150891,125.71820127429679,127.35942609566838,94825037
2017-01-30,125.92017568536619,127.35942609566838,127.37256721776325,125.26023193622183,125.92017568536619,53561395
2017-01-31,126.63790067609935,125.92017568536619,126.88189359454782,125.70520675443272,126.63790067609935,64988272
2017-02-01,127.18269251455912,126.63790067609935,127.19588348072965,125.90928976968488,127.18269251455912,92667252
2017-02-02,125.88780656454301,127.18269251455912,127.37776257783527,125.06370672765718,125.88780656454301,67834377
2017-02-03,127.3820732108933,125.88780656454301,127.49761495467456,125.4417139546065,127.3820732108933,30432759
2017-02-06,126.5595584249059,127.3820732108933,127.70369979575486,126.24950342418754,126.5595584249059,95625080
2017-02-07,127.9086647250235,126.5595584249059,127.97935366456912,126.31853738298616,127.9086647250235,92799441
2017-02-08,126.9245863931686,127.9086647250235,128.14271892752592,126.7490654382823,126.9245863931686,38856755
2017-02-09,128.13461407418043,126.9245863931686,128.22374521901781,126.29772488052657,128.13461407418043,76581599
2017-02-10,128.55303636776222,128.13461407418043,128.68493847264315,127.71173257494817,128.55303636776222,58476136
2017-02-13,128.551319376405,128.55303636776222,128.99788741299093,128.36678406087415,128.551319376405,33560874
2017-02-14,128.3148821292172,128.551319376405,128.69402546069466,128.10741117979774,128.3148821292172,70157636
2017-02-15,128.1593038566128,128.3148821292172,129.59332739743135,127.82836911239583,128.1593038566128,66441278
2017-02-16,128.09129973366183,128.1593038566128,128.38623116558065,127.57091182107732,128.09129973366183,97073781
2017-02-17,129.5613730780947,128.09129973366183,129.59319627054415,127.9807414215982,129.5613730780947,46494183
2017-02-20,128.31886346209208,129.5613730780947,129.78046407594027,128.17113522300923,128.31886346209208,76476036
2017-02-21,128.25456817719106,128.31886346209208,128.4222927817363,127.44209605273473,128.25456817719106,41790510
2017-02-22,129.5063419511481,128.25456817719106,129.64141973709613,128.05342650879214,129.5063419511481,64269603
2017-02-23,128.71634237332566,129.5063419511481,130.35323131843782,128.3590423277613,128.71634237332566,40928803
2017-02-24,128.7699973835623,128.71634237332566,128.7919540274922,128.19315178596676,128.7699973835623,30416104
2017-02-27,128.60345016250236,128.7699973835623,129.41880609430976,128.352490560788,128.60345016250236,64238190
2017-02-28,129.3791592348729,128.60345016250236,129.84814711374253,128.1212562470014,129.3791592348729,38999619
2017-03-01,129.79245270756257,129.3791592348729,129.8653307341214,129.18435531900292,129.79245270756257,68094530
2017-03-02,130.15800962297945,129.79245270756257,130.65635756422478,129.58038869105022,130.15800962297945,97186020
2017-03-03,130.77292698667492,130.15800962297945,130.91855837160358,130.05180069794005,130.77292698667492,63665990
2017-03-06,130.65098657026536,130.77292698667492,130.78007934924744,130.4071664170767,130.65098657026536,80759438
2017-03-07,130.33703104447608,130.65098657026536,130.65864156422128,130.01555875901613,130.33703104447608,36746374
2017-03-08,130.4859475928874,130.33703104447608,130.76530321996574,130.23254871411092,130.4859475928874,69919969
2017-03-09,131.10279526813684,130.4859475928874,131.31674850635483,130.2936539432212,131.10279526813684,53495596
2017-03-10,131.7561209297325,131.10279526813684,131.92504915952105,130.83750678232977,131.7561209297325,48488939
2017-03-13,131.15970745996898,131.7561209297325,132.30371011373086,131.05142891601184,131.15970745996898,68473577
2017-03-14,130.92294721642963,131.15970745996898,131.3930618471982,130.79409139708204,130.92294721642963,59186962
2017-03-15,130.73237879620996,130.92294721642963,131.07554068715447,130.7132851159633,130.73237879620996,45101998
2017-03-16,130.58796115302118,130.73237879620996,131.05615991689916,130.40639412425608,130.58796115302118,83924592
2017-03-17,132.13102064559172,130.58796115302118,132.51199142391135,130.43523292394372,132.13102064559172,53539098
2017-03-20,132.2271750728916,132.13102064559172,132.89085659079137,131.98703118999248,132.2271750728916,31734532
2017-03-21,132.38105992657037,132.2271750728916,132.61203076017713,131.8911417070947,132.38105992657037,99128948
2017-03-22,132.06883195044892,132.38105992657037,132.7208269129487,131.98071794315183,132.06883195044892,53838957
2017-03-23,133.23843375497455,132.06883195044892,133.9630088596451,131.80932284138026,133.23843375497455,45478861
2017-03-24,132.1409030585865,133.23843375497455,133.65115310454064,131.55894593945348,132.1409030585865,43278127
2017-03-27,133.248801601902,132.1409030585865,134.22468484925773,131.75114878154557,133.248801601902,50331935
2017-03-28,132.7435114474031,133.248801601902,133.4924509916064,132.73857734073982,132.7435114474031,78868375
2017-03-29,132.5187576456285,132.7435114474031,133.50703405962886,132.43492401671367,132.5187576456285,63021418
2017-03-30,133.47118362756143,132.5187576456285,133.80316587796045,132.10299213623648,133.47118362756143,64903174
2017-03-31,133.5036499067541,133.47118362756143,133.80076621571308,133.28002370315383,133.5036499067541,91800798
2017-04-03,133.6226887556034,133.5036499067541,133.77572863697048,132.95318795845293,133.6226887556034,36882192
2017-04-04,133.59273051564983,133.6226887556034,133.85857402929778,133.56476393201115,133.59273051564983,48146584
2017-04-05,133.6669776246062,133.59273051564983,133.84241802033696,133.4693062417411,133.6669776246062,82913340
2017-04-06,135.44452587215173,133.6669776246062,135.6791193189028,133.56157490387088,135.44452587215173,53780934
2017-04-07,134.79345195228146,135.44452587215173,136.0580867993296,134.19750142601941,134.79345195228146,50397474
2017-04-10,134.6386961941749,134.79345195228146,136.12295799121003,133.63449351857628,134.6386961941749,83492599
2017-04-11,134.38276974239352,134.6386961941749,134.69570881773234,133.93122080258553,134.38276974239352,62408019
2017-04-12,135.13865799486265,134.38276974239352,135.27071774550694,134.06381748591028,135.13865799486265,58773581
2017-04-13,134.96403494564808,135.13865799486265,135.18460559693284,134.77909206403694,134.96403494564808,93886577
2017-04-14,134.78688874110003,134.96403494564808,135.06231383507833,133.43798136810136,134.78688874110003,54433847
2017-04-17,134.71828775903217,134.78688874110003,134.83651548398467,134.19939786336656,134.71828775903217,60140893
2017-04-18,135.0222727519478,134.71828775903217,135.54357239439798,134.30344942138518,135.0222727519478,89952631
2017-04-19,133.08707367551014,135.0222727519478,135.072723208333,132.88437195631542,133.08707367551014,64099429
2017-04-20,135.52717595275533,133.08707367551014,135.99991253963398,133.01896263986788,135.52717595275533,89671592
2017-04-21,135.20742505647908,135.52717595275533,135.59289733368325,135.0421672263185,135.20742505647908,51140248
2017-04-24,136.77287302960423,135.20742505647908,136.96342572725473,134.9480587991978,136.77287302960423,70876705
2017-04-25,135.85929293425136,136.77287302960423,137.35712527525737,135.49539087501282,135.85929293425136,58847495
2017-04-26,135.19150487471623,135.85929293425136,136.33661515848257,134.86061548336173,135.19150487471623,90830519
2017-04-27,136.11988927968972,135.19150487471623,136.16379815315003,135.08892404663223,136.11988927968972,82690259
2017-04-28,135.59472055279588,136.11988927968972,136.6420734286176,135.4255298026164,135.59472055279588,73999318
2017-05-01,136.78454798287456,135.59472055279588,137.2875973402656,135.15101921692937,136.78454798287456,90026826
2017-05-02,136.81412404579498,136.78454798287456,136.82033127315418,136.47636139599328,136.81412404579498,94080744
2017-05-03,137.42424571696557,136.81412404579498,137.56290250809437,136.44658922743523,137.42424571696557,61765842
2017-05-04,136.38162708107066,137.42424571696557,137.57869249208832,136.03908710504737,136.38162708107066,96317334
2017-05-05,137.10023170287636,136.38162708107066,137.29772578663082,136.08548825478562,137.10023170287636,78428228
2017-05-08,136.2941542757534,137.10023170287636,137.3440504395426,136.08381828332767,136.2941542757534,55204532
2017-05-09,137.8664883386606,136.2941542757534,137.8761640681021,135.92187001045943,137.8664883386606,56582896
2017-05-10,137.89528525793344,137.8664883386606,138.88100034065639,137.38619825436191,137.89528525793344,67676529
2017-05-11,138.03365037986129,137.89528525793344,138.48971078435017,137.44959674301427,138.03365037986129,82539153
2017-05-12,137.8472697323814,138.03365037986129,138.2933127313739,137.73938874926745,137.8472697323814,95185218
2017-05-15,138.28619329464428,137.8472697323814,138.78713635530733,137.150794855547,138.28619329464428,81192938
2017-05-16,139.2620742455855,138.28619329464428,139.6020743730586,137.65500998895436,139.2620742455855,38905584
2017-05-17,138.11053866378404,139.2620742455855,139.3374713488855,137.37990461579292,138.11053866378404,67616839
2017-05-18,138.55752358872235,138.11053866378404,138.6516911963903,137.9607725641585,138.55752358872235,42380087
2017-05-19,137.86261554187504,138.55752358872235,139.0970318792702,137.70566753354206,137.86261554187504,83687207
2017-05-22,138.166791240491,137.86261554187504,138.69013004752992,137.78203257429172,138.166791240491,60754518
2017-05-23,138.99101954127946,138.166791240491,139.01499673005782,137.87785177062176,138.99101954127946,68478968
2017-05-24,139.84458148170654,138.99101954127946,140.04406337560425,138.96086029637922,139.84458148170654,49561395
2017-05-25,139.052358349271,139.84458148170654,140.12308186902163,138.74465233397217,139.052358349271,82711575
2017-05-26,139.22019971111018,139.052358349271,139.32088232103425,138.75990473726503,139.22019971111018,46909990
2017-05-29,139.25458083325734,139.22019971111018,139.43590423172927,139.01684663339805,139.25458083325734,57170619
2017-05-30,139.3188007252872,139.25458083325734,139.5501928454485,138.87793945783068,139.3188007252872,89126234
2017-05-31,140.05240696403024,139.3188007252872,140.2290031688585,138.99772902665205,140.05240696403024,39995627
2017-06-01,138.95191964837494,140.05240696403024,140.30105650782235,138.3796637100887,138.95191964837494,81340927
2017-06-02,141.03494231864303,138.95191964837494,141.56775133545867,138.7418532423239,141.03494231864303,35797020
2017-06-05,139.80809923089973,141.03494231864303,141.8231312358946,139.25798147073047,139.80809923089973,54769865
2017-06-06,140.9190340729446,139.80809923089973,140.97173640789435,139.4532941080049,140.9190340729446,89882249
2017-06-07,139.65712922995357,140.9190340729446,141.38384019093442,139.350595825558,139.65712922995357,58884683
2017-06-08,141.1575085345789,139.65712922995357,141.30642696078144,139.5758814829327,141.1575085345789,36170572
2017-06-09,141.29755855438785,141.1575085345789,141.7998743353384,141.00048643227296,141.29755855438785,63320556
2017-06-12,141.23262120082674,141.29755855438785,141.7475245112641,140.28855692764012,141.23262120082674,91257242
2017-06-13,140.39767111462035,141.23262120082674,141.6598848929142,140.3292154714257,140.39767111462035,39572718
2017-06-14,141.41286796198256,140.39767111462035,141.45277602007744,140.2564794892489,141.41286796198256,51460744
2017-06-15,140.5377786052946,141.41286796198256,141.69641129636983,140.13987309969644,140.5377786052946,81415028
2017-06-16,141.33260590752013,140.5377786052946,141.92388292192717,140.14796424704662,141.33260590752013,30678533
2017-06-19,142.3779308969972,141.33260590752013,142.39503214129445,141.23369248203804,142.3779308969972,31546215
2017-06-20,142.35106647303098,142.3779308969972,143.03273235841095,142.28225646432736,142.35106647303098,80119193
2017-06-21,141.93443821632488,142.35106647303098,142.48338672948222,141.07260015659048,141.93443821632488,96287631
2017-06-22,141.36865838252197,141.93443821632488,142.2687477188328,141.32634945367883,141.36865838252197,79160982
2017-06-23,142.65748121764813,141.36865838252197,143.01866916085254,141.1813349700703,142.65748121764813,43966031
2017-06-26,142.34967109000448,142.65748121764813,142.778891102849,142.07386191683207,142.34967109000448,79563548
2017-06-27,140.8203675448331,142.34967109000448,142.91181485399028,140.0908603597848,140.8203675448331,54745018
2017-06-28,143.16874390897885,140.8203675448331,144.41803182471276,140.4732668482011,143.16874390897885,87750163
2017-06-29,142.73079564910827,143.16874390897885,143.69392277354274,141.7253706374381,142.73079564910827,67447067
2017-06-30,143.744560399227,142.73079564910827,144.13941188500914,142.72834517220107,143.744560399227,38442293
2017-07-03,142.23965692973135,143.744560399227,144.09804912607115,142.15223901071985,142.23965692973135,56230945
2017-07-04,140.88641590409628,142.23965692973135,142.38314671017594,139.939673901046,140.88641590409628,94020983
2017-07-05,143.49767031255172,140.88641590409628,143.62252955967415,140.1122515736969,143.49767031255172,55441315
2017-07-06,143.64421685056698,143.49767031255172,143.81400025212676,143.109751645372,143.64421685056698,30657994
2017-07-07,142.3588491613732,143.64421685056698,143.90108782877832,142.30072555567463,142.3588491613732,96316745
2017-07-10,143.0068231889128,142.3588491613732,143.41443749730516,142.27448901390005,143.0068231889128,52439282
2017-07-11,145.82898180010147,143.0068231889128,146.36191792652875,142.7710573105156,145.82898180010147,73871410
2017-07-12,143.76471651129125,145.82898180010147,146.00236648718513,143.7297868997831,143.76471651129125,70916953
2017-07-13,144.64887425473216,143.76471651129125,144.9223613346487,143.2214744753588,144.64887425473216,39019871
2017-07-14,143.7902225413127,144.64887425473216,145.33037659680505,143.63614001063013,143.7902225413127,81884988
2017-07-17,142.88777978493488,143.7902225413127,144.20923197382803,141.89264412593667,142.88777978493488,38365868
2017-07-18,144.41131031889947,142.88777978493488,145.01571580193865,142.87673340679152,144.41131031889947,47555659
2017-07-19,144.4796283348648,144.41131031889947,145.15456241466853,144.15121542826748,144.4796283348648,79998618
2017-07-20,144.5196301455138,144.4796283348648,144.60070900573945,144.03912962211277,144.5196301455138,31785848
2017-07-21,144.8634809089849,144.5196301455138,145.13550501569077,143.75859942535902,144.8634809089849,46272661
2017-07-24,145.27567491491976,144.8634809089849,145.87270050699996,144.71960880040197,145.27567491491976,64155662
2017-07-25,145.1123730961583,145.27567491491976,145.55522125030998,144.5069384764461,145.1123730961583,57424707
2017-07-26,144.44010666221166,145.1123730961583,145.5958923195924,144.3031270543359,144.44010666221166,88638727
2017-07-27,145.84987336363247,144.44010666221166,145.9703728812563,144.02146440806177,145.84987336363247,32076020
2017-07-28,144.21411777297553,145.84987336363247,146.2496675499876,143.45876591687866,144.21411777297553,83336751
2017-07-31,144.27657916014124,144.21411777297553,144.35712575351388,143.98880782637275,144.27657916014124,71221025
2017-08-01,146.44766015174528,144.27657916014124,147.0171614380411,144.27465803556524,146.44766015174528,47811824
2017-08-02,146.41604243688906,146.44766015174528,146.54586374778287,146.1142010178219,146.41604243688906,55855190
2017-08-03,146.14125491445924,146.41604243688906,147.06787745972835,146.02103252640822,146.14125491445924,56401336
2017-08-04,145.29969630003262,146.14125491445924,146.77781405472984,145.26952362317672,145.29969630003262,84472740
2017-08-07,145.93961911039034,145.29969630003262,146.3544659366889,144.7215045673237,145.93961911039034,36812633
2017-08-08,146.40283249837512,145.93961911039034,146.9531863121703,145.8211730252603,146.40283249837512,95133891
2017-08-09,145.5619742800026,146.40283249837512,146.44246793874214,145.2898074102446,145.5619742800026,33303333
2017-08-10,146.32752246639822,145.5619742800026,146.84377078796996,145.50836172667817,146.32752246639822,78395976
2017-08-11,147.48712128445064,146.32752246639822,147.98921255344257,145.93141718714676,147.48712128445064,76765155
2017-08-14,148.19514267946712,147.48712128445064,148.3863779778208,147.31736875934135,148.19514267946712,73361354
2017-08-15,146.97356587336662,148.19514267946712,148.42123007132705,146.58637739539085,146.97356587336662,32091731
2017-08-16,147.9774543167387,146.97356587336662,148.1650728374194,146.39191565343842,147.9774543167387,79691326
2017-08-17,146.14508468837954,147.9774543167387,148.8714562993622,146.07617209282907,146.14508468837954,96430319
2017-08-18,148.1816436111857,146.14508468837954,148.23424671016133,145.91524445554663,148.1816436111857,56263461
2017-08-21,147.2378143129919,148.1816436111857,148.6777842831434,147.08925644852843,147.2378143129919,67382242
2017-08-22,148.19685448222396,147.2378143129919,148.27296267091668,146.92060325523568,148.19685448222396,33756106
2017-08-23,147.92340105272186,148.19685448222396,148.70499595290764,147.65030827529964,147.92340105272186,55448133
2017-08-24,149.2229938958016,147.92340105272186,149.75346012467878,147.45608009020503,149.2229938958016,77541540
2017-08-25,147.73292823922017,149.2229938958016,149.94147328987677,147.66724486363273,147.73292823922017,36704184
2017-08-28,148.9851415315024,147.73292823922017,149.4631368429429,147.42148045783458,148.9851415315024,92334200
2017-08-29,148.44873555953296,148.9851415315024,148.98699308231505,148.44087884693388,148.44873555953296,39570235
2017-08-30,148.67611868788686,148.44873555953296,148.75853074520953,147.8346426681157,148.67611868788686,59759956
2017-08-31,148.79438971543755,148.67611868788686,148.90505525669087,148.5450814942823,148.79438971543755,75586369
2017-09-01,148.43838532883356,148.79438971543755,149.0487729381689,148.1743353466421,148.43838532883356,91925734
2017-09-04,149.19558861115985,148.43838532883356,149.498181598611,148.1034038888614,149.19558861115985,34400680
2017-09-05,149.29673092299268,149.19558861115985,149.7418174408909,148.73617688175938,149.29673092299268,67822104
2017-09-06,149.66122009711074,149.29673092299268,149.77485195336084,148.25847565469533,149.66122009711074,82053223
2017-09-07,149.68153820059464,149.66122009711074,149.87006823302937,149.30586405797317,149.68153820059464,69315049
2017-09-08,150.35324645321728,149.68153820059464,150.36304032167575,149.1508150763726,150.35324645321728,60527913
2017-09-11,150.58526775514147,150.35324645321728,150.85232176614232,150.27406641446638,150.58526775514147,81858402
2017-09-12,149.24240645926704,150.58526775514147,150.73375191395743,148.85041901774898,149.24240645926704,95528208
2017-09-13,150.82024781036725,149.24240645926704,151.06338328702006,149.20148881552015,150.82024781036725,49264889
2017-09-14,149.4137799904659,150.82024781036725,151.0322363480137,148.9416893442373,149.4137799904659,72039230
2017-09-15,150.8849413680694,149.4137799904659,151.43537259404994,149.3651080802898,150.8849413680694,68094080
2017-09-18,151.04675447584157,150.8849413680694,151.37270809449095,150.61421201553725,151.04675447584157,60028516
2017-09-19,149.27721218667998,151.04675447584157,151.10592347295747,149.0949304574867,149.27721218667998,42918725
2017-09-20,150.9250937354929,149.27721218667998,151.1339728788167,149.0052641782695,150.9250937354929,83408949
2017-09-21,150.63866972815777,150.9250937354929,151.12243917196054,150.11231827823804,150.63866972815777,47627493
2017-09-22,150.55641089402275,150.63866972815777,150.84850362298883,150.44790611161426,150.55641089402275,89529780
2017-09-25,152.28887365592104,150.55641089402275,152.54261685667635,150.5437877456143,152.28887365592104,45981573
2017-09-26,150.90973007345795,152.28887365592104,152.78377980328014,150.5342618697761,150.90973007345795,60527551
2017-09-27,150.9309849314179,150.90973007345795,151.2053729549606,150.52214823910532,150.9309849314179,69003223
2017-09-28,151.73679612434736,150.9309849314179,152.16595720760117,150.49869904484896,151.73679612434736,96937888
2017-09-29,152.33721407917494,151.73679612434736,152.4777805270946,151.61544965099534,152.33721407917494,72164001
2017-10-02,151.84657798652222,152.33721407917494,152.77948816515058,151.62250735053587,151.84657798652222,85393185
2017-10-03,152.97857888366084,151.84657798652222,153.23764728277354,151.48062379681983,152.97857888366084,67326743
2017-10-04,152.6331571240797,152.97857888366084,153.51174807241253,151.7949865770142,152.6331571240797,96562676
2017-10-05,150.70698099458627,152.6331571240797,153.70144410870034,149.72497737655542,150.70698099458627,77159704
2017-10-06,152.10008812988767,150.70698099458627,152.6914203557537,150.54706353734358,152.10008812988767,90377887
2017-10-09,152.21242005272381,152.10008812988767,152.21816261769848,152.05823674886796,152.21242005272381,67810999
2017-10-10,153.1448064932037,152.21242005272381,153.54331737855404,152.1266440220295,153.1448064932037,38553565
2017-10-11,150.90914750865318,153.1448064932037,153.89680960753645,150.40775221007505,150.90914750865318,55622534
2017-10-12,155.0041085748012,150.90914750865318,156.17750827630624,150.31804593259596,155.0041085748012,39743279
2017-10-13,153.5975813615396,155.0041085748012,155.27856564429706,152.77863109877913,153.5975813615396,50618933
2017-10-16,153.44237936959888,153.5975813615396,153.65310569554538,153.2232586802958,153.44237936959888,90660168
2017-10-17,154.37229913629352,153.44237936959888,155.2318132020541,152.84081404160267,154.37229913629352,47238401
2017-10-18,155.4030155286525,154.37229913629352,155.6297270693626,153.5580135897379,155.4030155286525,51257057
2017-10-19,154.40980295503854,155.4030155286525,155.91880318331937,154.20586712025013,154.40980295503854,84104341
2017-10-20,154.60786925185784,154.40980295503854,154.65501959393652,154.02840323509346,154.60786925185784,91670847
2017-10-23,154.11590847074783,154.60786925185784,154.860316582946,154.00433407594141,154.11590847074783,42874672
2017-10-24,154.0435888907064,154.11590847074783,154.6142009276397,153.91004360879305,154.0435888907064,95959987
2017-10-25,153.92302375899897,154.0435888907064,154.4153090881975,153.68054284304705,153.92302375899897,41683220
2017-10-26,153.78960894685554,153.92302375899897,154.0272856898041,153.3089029509958,153.78960894685554,72613429
2017-10-27,154.03394421791162,153.78960894685554,154.62612354500354,153.25986189558878,154.03394421791162,75420754
2017-10-30,153.6576195735353,154.03394421791162,154.3799714634041,152.81000365476444,153.6576195735353,47052537
2017-10-31,154.78095509520247,153.6576195735353,155.08894135752647,152.9174400143137,154.78095509520247,78697029
2017-11-01,153.67167476515837,154.78095509520247,155.98939805714977,153.26813744937897,153.67167476515837,32516969
2017-11-02,155.26257342635878,153.67167476515837,155.48502843384915,153.6381120441617,155.26257342635878,80219277
2017-11-03,155.2237064157876,155.26257342635878,155.689822635568,154.42703228623193,155.2237064157876,60901861
2017-11-06,155.50347385244118,155.2237064157876,155.67473643868126,154.64957183758864,155.50347385244118,91813133
2017-11-07,155.1206905111608,155.50347385244118,155.51821045301799,154.96398307712326,155.1206905111608,54674028
2017-11-08,158.05890597972217,155.1206905111608,158.22459515598067,154.7417276481213,158.05890597972217,51646551
2017-11-09,156.86106738636184,158.05890597972217,158.48711513733366,155.4506362167389,156.86106738636184,41136431
2017-11-10,154.96856816062098,156.86106738636184,156.96340675438336,154.91967868517514,154.96856816062098,37127678
2017-11-13,156.25806186700495,154.96856816062098,156.68363962938705,154.67444637959605,156.25806186700495,96612150
2017-11-14,155.7388458889668,156.25806186700495,156.40546499871903,155.6582884826476,155.7388458889668,86170077
2017-11-15,155.55806970372439,155.7388458889668,156.35814151230167,155.44301019955347,155.55806970372439,90455363
2017-11-16,155.4400199443496,155.55806970372439,155.6357642320974,155.19541794083443,155.4400199443496,85150029
2017-11-17,156.96443595652664,155.4400199443496,157.42176276657446,155.2340813163027,156.96443595652664,68672821
2017-11-20,156.22928150735157,156.96443595652664,157.98972155304747,155.6413589785017,156.22928150735157,65263589
2017-11-21,157.66002656861886,156.22928150735157,158.52320468883795,155.91735387376684,157.66002656861886,73568804
2017-11-22,157.8184766304321,157.66002656861886,158.16823649119868,157.3013918939566,157.8184766304321,32834175
2017-11-23,158.25530141952305,157.8184766304321,158.55299286459262,156.98762349701144,158.25530141952305,45241129
2017-11-24,156.6425196001811,158.25530141952305,159.44615971540819,156.2180962584872,156.6425196001811,59571831
2017-11-27,157.82461416359288,156.6425196001811,158.68011458230833,155.6970341086428,157.82461416359288,38541387
2017-11-28,158.08612155909785,157.82461416359288,158.794629477447,157.00487726263358,158.08612155909785,85268675
2017-11-29,157.3512416238932,158.08612155909785,158.24293919558284,157.11569684960187,157.3512416238932,73718819
2017-11-30,157.25342579851585,157.3512416238932,158.49652798780846,157.11809483245264,157.25342579851585,92819384
2017-12-01,159.27152132596302,157.25342579851585,159.44752527806867,156.62821907348226,159.27152132596302,72504397
2017-12-04,158.3106397199009,159.27152132596302,159.73847199713597,158.28327283040622,158.3106397199009,51424275
2017-12-05,158.7647846347363,158.3106397199009,158.85037253017984,158.1935435418791,158.7647846347363,90927957
2017-12-06,157.74125510924813,158.7647846347363,158.78834528336455,157.4669834887634,157.74125510924813,87791777
2017-12-07,157.55665329668886,157.74125510924813,157.8604027613528,157.14500558614998,157.55665329668886,74909490
2017-12-08,158.2021191692731,157.55665329668886,158.3016156429377,157.4907559389125,158.2021191692731,37933296
2017-12-11,158.68615194313446,158.2021191692731,158.97582953778922,157.6328543497585,158.68615194313446,33322412
2017-12-12,158.0697799568908,158.68615194313446,158.86096051232033,158.03061476240373,158.0697799568908,39861880
2017-12-13,159.0383249513979,158.0697799568908,159.05334041340123,158.00821035851854,159.0383249513979,65422237
2017-12-14,157.83306777474226,159.0383249513979,159.7585414532162,157.45224755467672,157.83306777474226,39858736
2017-12-15,158.41553145694806,157.83306777474226,159.82547074920635,157.75492116482553,158.41553145694806,40325599
2017-12-18,159.9733068247321,158.41553145694806,160.21801187220527,158.34018127424525,159.9733068247321,67180443
2017-12-19,160.05096271356325,159.9733068247321,160.39558702649592,159.40918302860925,160.05096271356325,96884396
2017-12-20,159.38708640283858,160.05096271356325,160.60168024734608,158.61933471300281,159.38708640283858,68432528
2017-12-21,159.01741896869225,159.38708640283858,159.41810541277934,158.98113966564014,159.01741896869225,86795789
2017-12-22,159.1398131979237,159.01741896869225,159.23907827997445,158.6547340750729,159.1398131979237,43204851
2017-12-25,159.79352081790267,159.1398131979237,160.2661653084464,158.72457188352925,159.79352081790267,76788745
2017-12-26,160.73941060240307,159.79352081790267,161.45847822920538,159.43211002805023,160.73941060240307,30090061
2017-12-27,161.09808498776016,160.73941060240307,161.2433323028068,160.49450168154357,161.09808498776016,78603876
2017-12-28,160.08618686164,161.09808498776016,161.22711284996004,159.74816491422774,160.08618686164,75533397
2017-12-29,159.6890414671322,160.08618686164,160.89233637759347,159.26484162122105,159.6890414671322,39068834
2018-01-01,160.96142801924972,159.6890414671322,161.98708731310478,158.95600604314149,160.96142801924972,77675762
2018-01-02,160.21448421632044,160.96142801924972,161.29462425950203,159.3804184883269,160.21448421632044,68195748
2018-01-03,160.59047900061523,160.21448421632044,161.2966769064358,159.6012451737929,160.59047900061523,43657383
2018-01-04,162.20622629009517,160.59047900061523,162.73787560730148,160.5743517931407,162.20622629009517,40685189
2018-01-05,161.9361721138416,162.20622629009517,162.46045788841843,161.60817149791086,161.9361721138416,96371225
2018-01-08,161.52748526998693,161.9361721138416,162.15410429520216,160.08535214516118,161.52748526998693,36897498
2018-01-09,160.50349895752439,161.52748526998693,161.95479904380392,159.8665843993113,160.50349895752439,62245107
2018-01-10,161.83241193315243,160.50349895752439,162.11944548205608,160.44036705879645,161.83241193315243,75796247
2018-01-11,162.65195656912053,161.83241193315243,163.40731626682427,161.0712627920348,162.65195656912053,97112825
2018-01-12,161.61895812829368,162.65195656912053,162.95860886806855,161.57001329580046,161.61895812829368,98192822
2018-01-15,163.14861232822116,161.61895812829368,163.1982533758429,161.08923967054668,163.14861232822116,67051094
2018-01-16,163.23293237246932,163.14861232822116,163.60202209953633,162.85521841876167,163.23293237246932,64358792
2018-01-17,163.66563178811768,163.23293237246932,164.07943122039003,162.69471761579248,163.66563178811768,57497577
2018-01-18,162.6940817056188,163.66563178811768,163.930144719219,162.02724098335932,162.6940817056188,63304381
2018-01-19,163.05440475289998,162.6940817056188,163.1021440938999,162.4920131009623,163.05440475289998,51182830
2018-01-22,163.85818805856843,163.05440475289998,164.6856958969601,162.60207932921705,163.85818805856843,75789585
2018-01-23,163.20272624053126,163.85818805856843,164.6512788461358,162.36178492453126,163.20272624053126,90956466
2018-01-24,162.5608020843214,163.20272624053126,163.20648309873837,162.2489960743411,162.5608020843214,73235652
2018-01-25,162.73421331681152,162.5608020843214,163.38115853832826,161.1723655973533,162.73421331681152,80666362
2018-01-26,163.4254667738107,162.73421331681152,164.45754107370837,162.50592510813124,163.4254667738107,57851883
2018-01-29,162.30739796469723,163.4254667738107,164.43618290439653,161.9545380076864,162.30739796469723,47016229
2018-01-30,163.37519903895574,162.30739796469723,163.76738543501165,162.23785250448597,163.37519903895574,90699916
2018-01-31,164.52017899045677,163.37519903895574,164.52842187947323,162.69963088276566,164.52017899045677,65079240
2018-02-01,161.95971492370745,164.52017899045677,164.70039419930117,161.7818250021499,161.95971492370745,82930432
2018-02-02,165.1420054299512,161.95971492370745,165.68902781495075,161.89925329005905,165.1420054299512,92414603
2018-02-05,164.93581781119957,165.1420054299512,165.6165878033655,164.88797453073343,164.93581781119957,52757248
2018-02-06,163.76881087933822,164.93581781119957,165.42600083252057,163.74940586649123,163.76881087933822,68137734
2018-02-07,164.7232559430781,163.76881087933822,164.86494513643893,163.44828331906987,164.7232559430781,65134835
2018-02-08,164.41027986027572,164.7232559430781,165.68784028806405,164.34256367158335,164.41027986027572,51465078
2018-02-09,165.5503651531117,164.41027986027572,165.58907279682447,164.3214477030005,165.5503651531117,93825604
2018-02-12,165.47831915527988,165.5503651531117,166.13785397698538,165.47456379377604,165.47831915527988,72686246
2018-02-13,163.64634172409723,165.47831915527988,165.72999993595727,163.18313249715968,163.64634172409723,78373791
2018-02-14,165.41505743873407,163.64634172409723,165.9678062763573,162.78198071308768,165.41505743873407,34007856
2018-02-15,164.891832212174,165.41505743873407,166.80452620655382,164.47608972855977,164.891832212174,83377643
2018-02-16,165.2607242096875,164.891832212174,165.4116690688867,164.69792257115378,165.2607242096875,46841806
2018-02-19,164.72115882709065,165.2607242096875,165.90877864969758,164.31346807923583,164.72115882709065,88157933
2018-02-20,166.9000261622969,164.72115882709065,167.18629433362128,164.6287000810019,166.9000261622969,75607086
2018-02-21,166.44570656673935,166.9000261622969,167.78249661427816,166.17688869923364,166.44570656673935,71987122
2018-02-22,165.10242730055884,166.44570656673935,167.18666800207328,164.98365418262946,165.10242730055884,81322986
2018-02-23,164.73945366596212,165.10242730055884,165.3347911604205,164.19402098312892,164.73945366596212,86488404
2018-02-26,165.65685929389966,164.73945366596212,165.90691675872912,163.49114127004725,165.65685929389966,91480153
2018-02-27,166.46856346691135,165.65685929389966,166.9747639924066,165.4124591579742,166.46856346691135,87087863
2018-02-28,166.43811878821236,166.46856346691135,166.7829864089476,166.20834078808457,166.43811878821236,58215042
2018-03-01,167.41164448977258,166.43811878821236,168.03069377641046,166.2082233398178,167.41164448977258,90096202
2018-03-02,167.15760816871554,167.41164448977258,167.62700844444825,166.7080531076835,167.15760816871554,45408738
2018-03-05,167.43856939368692,167.15760816871554,168.16996441913676,166.5577157920628,167.43856939368692,76119016
2018-03-06,167.03407300883975,167.43856939368692,167.7418339712668,166.57642606454584,167.03407300883975,54189130
2018-03-07,165.73299133651318,167.03407300883975,167.34880463757975,165.45040723138166,165.73299133651318,61362142
2018-03-08,166.85964606896954,165.73299133651318,167.69121000626117,165.33860032346,166.85964606896954,49373232
2018-03-09,168.039836540316,166.85964606896954,168.82113033613967,166.48640416720716,168.039836540316,97883560
2018-03-12,167.24152041820673,168.039836540316,168.29875700595335,166.9306399617423,167.24152041820673,49845343
2018-03-13,167.83650995318183,167.24152041820673,168.21399005149618,166.86400469547948,167.83650995318183,46355256
2018-03-14,167.2791285748317,167.83650995318183,168.21850511213142,166.8938533888802,167.2791285748317,86603341
2018-03-15,166.8135446663648,167.2791285748317,167.59146168457576,166.0900901470839,166.8135446663648,96353983
2018-03-16,167.70420189395517,166.8135446663648,168.27090463746785,166.6516065454965,167.70420189395517,74664171
2018-03-19,168.197966299088,167.70420189395517,168.24772349560578,167.45169249969527,168.197966299088,88878024
2018-03-20,167.51822611605718,168.197966299088,169.20812415809013,166.46323844913536,167.51822611605718,99294415
2018-03-21,168.00176684307553,167.51822611605718,168.02397565263752,167.16331026551154,168.00176684307553,93274438
2018-03-22,167.54006637983156,168.00176684307553,168.57672893327205,167.50550533492878,167.54006637983156,69145485
2018-03-23,169.40428706517898,167.54006637983156,169.55319790947138,167.01021262769206,169.40428706517898,35275399
2018-03-26,168.3440928138824,169.40428706517898,169.70185663868378,167.8636670267481,168.3440928138824,86490010
2018-03-27,169.94864385103068,168.3440928138824,170.80076580795767,168.17853550084416,169.94864385103068,78901876
2018-03-28,170.14452092566242,169.94864385103068,170.3339192072414,169.68519093975053,170.14452092566242,51132337
2018-03-29,168.9161377787305,170.14452092566242,170.51967688514952,168.79799651482165,168.9161377787305,40778810
2018-03-30,168.2626636390364,168.9161377787305,169.34504877723379,167.53180242612711,168.2626636390364,92477058
2018-04-02,167.48100288054272,168.2626636390364,169.1430659814751,167.34076809434373,167.48100288054272,46775834
2018-04-03,168.1302775265009,167.48100288054272,168.23810127990177,167.4417541969892,168.1302775265009,61468577
2018-04-04,168.34331445378973,168.1302775265009,168.85001192066164,167.91501034309815,168.34331445378973,84451961
2018-04-05,170.80766887286188,168.34331445378973,170.99169618150924,167.9869913020721,170.80766887286188,35109732
2018-04-06,169.86754802461917,170.80766887286188,171.47404948912387,169.78829205424685,169.86754802461917,38442791
2018-04-09,170.23096904321616,169.86754802461917,170.96324367076735,169.35619550150366,170.23096904321616,38841586
2018-04-10,168.14306976994223,170.23096904321616,170.58624826488867,167.65436658813928,168.14306976994223,93109205
2018-04-11,169.14229940843404,168.14306976994223,169.41088043214594,167.1349147442824,169.14229940843404,50183464
2018-04-12,171.0476220034988,169.14229940843404,171.74349848944476,168.72046456437315,171.0476220034988,87780498
2018-04-13,170.66744155614757,171.0476220034988,171.30427178378014,170.26093945902716,170.66744155614757,92747936
2018-04-16,170.42831402157628,170.66744155614757,170.93983827824698,169.75149519159112,170.42831402157628,58176641
2018-04-17,171.1666648882684,170.42831402157628,171.6956140719661,170.0777983535568,171.1666648882684,39435662
2018-04-18,172.2124817724251,171.1666648882684,173.4760579144467,170.88186125619848,172.2124817724251,72772301
2018-04-19,170.75722205126215,172.2124817724251,172.69625081301928,170.69240634105824,170.75722205126215,34347239
2018-04-20,171.13626093888902,170.75722205126215,171.23514677617587,170.36025528108954,171.13626093888902,60770805
2018-04-23,171.3725626777001,171.13626093888902,171.76989016865875,170.98928318482965,171.3725626777001,89662448
2018-04-24,173.38776346215744,171.3725626777001,173.4470602841752,170.44486354404836,173.38776346215744,57270950
2018-04-25,169.6693557503783,173.38776346215744,173.56461051385364,169.61924629127924,169.6693557503783,33286291
2018-04-26,172.18620534668878,169.6693557503783,173.19501568270573,168.9857538013731,172.18620534668878,70634624
2018-04-27,171.63219383832515,172.18620534668878,172.81926586670517,171.18211548574303,171.63219383832515,88093896
2018-04-30,172.34856976563103,171.63219383832515,172.41826826315034,171.2535166043605,172.34856976563103,81206920
2018-05-01,171.426992579432,172.34856976563103,172.3580513843008,170.3925208538614,171.426992579432,72740970
2018-05-02,172.08093686421196,171.426992579432,172.14154908765454,170.94912806321503,172.08093686421196,90633138
2018-05-03,172.86656219638348,172.08093686421196,172.9228907595929,172.01511178680693,172.86656219638348,62640742
2018-05-04,175.0677045232843,172.86656219638348,175.12866527415417,172.63634205550093,175.0677045232843,77835918
2018-05-07,173.21237798537385,175.0677045232843,175.5262415396741,172.44180130275,173.21237798537385,66268627
2018-05-08,171.91407752760782,173.21237798537385,173.528828917773,171.91119600666133,171.91407752760782,60438629
2018-05-09,172.4108436070034,171.91407752760782,172.62751831994404,171.89677355215807,172.4108436070034,91009704
2018-05-10,172.51569837199028,172.4108436070034,174.0859307529813,171.73688862531847,172.51569837199028,49214557
2018-05-11,171.48488487814186,172.51569837199028,172.67085633824408,170.7269490356161,171.48488487814186,65820462
2018-05-14,172.88342344632375,171.48488487814186,173.74212124805982,171.23454122155417,172.88342344632375,73433625
2018-05-15,173.93499639939853,172.88342344632375,174.2722494851422,172.43131334444288,173.93499639939853,96597941
2018-05-16,172.32581394781903,173.93499639939853,174.70439648235643,172.2274419758208,172.32581394781903,79188549
2018-05-17,174.47141977137133,172.32581394781903,174.9562265304346,171.7308583946404,174.47141977137133,36850470
2018-05-18,174.1159213638494,174.47141977137133,174.60843953425905,174.07079836042232,174.1159213638494,77093957
2018-05-21,173.18494344705462,174.1159213638494,174.42899347627935,173.1567049799048,173.18494344705462,59168602
2018-05-22,173.83074803004774,173.18494344705462,174.47501611920742,172.7084971051641,173.83074803004774,69512621
2018-05-23,175.47583157033552,173.83074803004774,175.52585686190696,173.01709393984962,175.47583157033552,57441091
2018-05-24,174.8543611877031,175.47583157033552,176.38567167618248,173.88147389979798,174.8543611877031,46282454
2018-05-25,174.35381082839484,174.8543611877031,175.07140136823836,173.7620719266021,174.35381082839484,45486108
2018-05-28,174.26957180787272,174.35381082839484,174.4806271671845,173.5415541014358,174.26957180787272,83298627
2018-05-29,174.6745749726993,174.26957180787272,174.71031694498353,174.18814335301468,174.6745749726993,75779303
2018-05-30,174.29133765453008,174.6745749726993,175.1032222395057,174.2390260383611,174.29133765453008,57232453
2018-05-31,173.02895113409576,174.29133765453008,175.19992861027808,172.88672524334567,173.02895113409576,54377741
2018-06-01,176.78690567171788,173.02895113409576,176.83216875316063,172.81663534648814,176.78690567171788,41096305
2018-06-04,175.2290048742991,176.78690567171788,176.8240555538378,175.0285766346617,175.2290048742991,47439148
2018-06-05,175.53479573815906,175.2290048742991,175.91680447510834,174.7989006248765,175.53479573815906,91214574
2018-06-06,175.22831968478812,175.53479573815906,175.6336402272995,175.01678869957368,175.22831968478812,58658274
2018-06-07,174.72749816345768,175.22831968478812,175.77436675327928,174.66432454134366,174.72749816345768,96594582
2018-06-08,175.30199997572578,174.72749816345768,175.30586573976956,174.64508267079717,175.30199997572578,49614931
2018-06-11,174.15420569072035,175.30199997572578,175.87147230682194,173.66475523099027,174.15420569072035,50612719
2018-06-12,177.65102724648796,174.15420569072035,178.67710167584298,173.9120730354834,177.65102724648796,39363815
2018-06-13,174.65939451487466,177.65102724648796,178.03854941379768,174.62130682207052,174.65939451487466,55415036
2018-06-14,174.9299189450967,174.65939451487466,175.23380452702378,174.64058301817127,174.9299189450967,92334092
2018-06-15,175.5429580370717,174.9299189450967,175.7889416150146,174.74872451831484,175.5429580370717,80551827
2018-06-18,177.15691222807067,175.5429580370717,177.849380556329,175.29631209452418,177.15691222807067,48020304
2018-06-19,176.12905542458327,177.15691222807067,177.510357216729,175.6949648569219,176.12905542458327,67528054
2018-06-20,175.1202091945904,176.12905542458327,176.88523777109646,174.55499546535188,175.1202091945904,89434303
2018-06-21,177.4080394317327,175.1202091945904,177.44531096794879,174.90404614439603,177.4080394317327,40677555
2018-06-22,177.0400743900195,177.4080394317327,177.59298747235098,176.71550358422562,177.0400743900195,41772714
2018-06-25,176.9635096384088,177.0400743900195,177.4874346790856,176.36207288242818,176.9635096384088,71419537
2018-06-26,177.21332210386169,176.9635096384088,177.25577310513194,176.12841430121344,177.21332210386169,77518547
2018-06-27,178.7895310882238,177.21332210386169,179.11757688012702,177.17978749062146,178.7895310882238,45221563
2018-06-28,178.69871003455458,178.7895310882238,179.7743066592844,177.78924538307302,178.69871003455458,65111290
2018-06-29,176.25320114144884,178.69871003455458,178.93522315118105,175.56644628928223,176.25320114144884,48098153
2018-07-02,178.39024894305814,176.25320114144884,178.99840368970118,175.85314473539418,178.39024894305814,43920546
2018-07-03,177.38570458472492,178.39024894305814,178.51422021454368,177.27672665309805,177.38570458472492,79960898
2018-07-04,177.5815828873862,177.38570458472492,177.93108195977874,176.70162355979912,177.5815828873862,69264546
2018-07-05,175.73293069674955,177.5815828873862,178.17379871768242,175.0977540315143,175.73293069674955,68686172
2018-07-06,177.17451262080408,175.73293069674955,178.02700518713576,175.6833991230742,177.17451262080408,88400264
2018-07-09,176.69755451503747,177.17451262080408,177.5356198117452,176.48573767491607,176.69755451503747,38426807
2018-07-10,178.24657824814892,176.69755451503747,179.07597357728437,176.0770731380061,178.24657824814892,94385129
2018-07-11,178.55579555599724,178.24657824814892,179.3620799631399,177.69485416101736,178.55579555599724,91753966
2018-07-12,175.854517417661,178.55579555599724,179.39985761176825,175.58510185199734,175.854517417661,76222053
2018-07-13,177.77110970519618,175.854517417661,177.78113093533761,175.0055162056133,177.77110970519618,96555462
2018-07-16,178.8815254244385,177.77110970519618,179.59146657319263,177.75098150221336,178.8815254244385,73865070
2018-07-17,177.81062161644365,178.8815254244385,179.1775788951361,177.60473999487004,177.81062161644365,34250974
2018-07-18,178.71888841043992,177.81062161644365,179.71948860737038,177.4958665847168,178.71888841043992,74626225
2018-07-19,178.4756137962199,178.71888841043992,179.12651997967853,177.68325440418138,178.4756137962199,35524070
2018-07-20,178.56032856719963,178.4756137962199,179.48668215969712,178.32651948612917,178.56032856719963,31720521
2018-07-23,178.1068936550226,178.56032856719963,179.3590717304397,176.9253808160484,178.1068936550226,79409113
2018-07-24,177.35641575463566,178.1068936550226,178.10714944398694,177.15051341629373,177.35641575463566,59139414
2018-07-25,177.53372244863002,177.35641575463566,177.55190752608075,176.52147078053397,177.53372244863002,42623623
2018-07-26,179.26145775157337,177.53372244863002,179.5373272838614,177.13305254397858,179.26145775157337,84774738
2018-07-27,178.73831822019335,179.26145775157337,179.49997673716672,178.6227394272892,178.73831822019335,45830300
2018-07-30,178.6901138780483,178.73831822019335,178.7770592864321,178.2765235313431,178.6901138780483,77098164
2018-07-31,178.52779231446675,178.6901138780483,178.9914724367431,178.52328609483334,178.52779231446675,34951941
2018-08-01,178.72685598329474,178.52779231446675,179.48933611596422,178.3683300502025,178.72685598329474,81636859
2018-08-02,180.03049624759922,178.72685598329474,180.14663316979082,178.33752051649304,180.03049624759922,94737421
2018-08-03,178.88569120339616,180.03049624759922,180.61021240307866,177.87062843637077,178.88569120339616,76730291
2018-08-06,178.07694559594862,178.88569120339616,179.35235344654856,177.91636279167116,178.07694559594862,87723139
2018-08-07,180.03904490055135,178.07694559594862,180.47639690106422,177.8012503360079,180.03904490055135,98679353
2018-08-08,179.28127520755302,180.03904490055135,180.71485453706384,179.17921850407862,179.28127520755302,40445147
2018-08-09,179.58632645090447,179.28127520755302,179.73943522423858,177.92606600796844,179.58632645090447,61327809
2018-08-10,181.09517935080655,179.58632645090447,181.9469378047599,179.51364403059873,181.09517935080655,85234241
2018-08-13,179.7257078432835,181.09517935080655,181.4459234504997,179.4052135750975,179.7257078432835,43826429
2018-08-14,180.09723922607293,179.7257078432835,180.4775855104829,179.1083134178281,180.09723922607293,70513960
2018-08-15,178.86961266835172,180.09723922607293,180.57802156704105,177.88981800392781,178.86961266835172,41818783
2018-08-16,179.82552776387803,178.86961266835172,180.05252147138893,178.6745101336462,179.82552776387803,53215748
2018-08-17,180.66520688606286,179.82552776387803,180.7305761906834,179.47236373830984,180.66520688606286,47133133
2018-08-20,178.80783824842607,180.66520688606286,181.02417432357777,178.5950410892831,178.80783824842607,53144697
2018-08-21,180.48338976824724,178.80783824842607,180.77911149784458,178.7998077641687,180.48338976824724,65840028
2018-08-22,180.48626004075646,180.48338976824724,181.25213345741895,179.84964307758818,180.48626004075646,62161445
2018-08-23,180.52563162125745,180.48626004075646,180.9171900561073,180.41428475634746,180.52563162125745,56885445
2018-08-24,181.51785335442804,180.52563162125745,182.19186804633975,180.26486488065328,181.51785335442804,60369777
2018-08-27,180.97654102579747,181.51785335442804,182.12679053798084,180.68598449193965,180.97654102579747,36773249
2018-08-28,182.10337824022378,180.97654102579747,182.5524022760122,180.05874419506907,182.10337824022378,49686809
2018-08-29,179.9619598066541,182.10337824022378,183.02159758353875,179.51001792127033,179.9619598066541,37724862
2018-08-30,181.07646849506116,179.9619598066541,181.07768869790627,179.80891479099833,181.07646849506116,90803088
2018-08-31,181.12297371302859,181.07646849506116,181.56745067764115,180.6156376361382,181.12297371302859,84636090
2018-09-03,180.1711135753653,181.12297371302859,181.18981823694278,180.1293375694365,180.1711135753653,85069918
2018-09-04,182.0991170873602,180.1711135753653,182.39987233596804,180.0692393403352,182.0991170873602,72480697
2018-09-05,183.4331950890389,182.0991170873602,183.77258141276963,181.31853129406153,183.4331950890389,34623039
2018-09-06,181.40317855964554,183.4331950890389,183.67157610160274,180.66450037450403,181.40317855964554,53817777
2018-09-07,181.96996390627638,181.40317855964554,182.84545569033622,181.310721059251,181.96996390627638,53429844
2018-09-10,181.68139590437696,181.96996390627638,182.7582189880038,181.38850800283822,181.68139590437696,87877657
2018-09-11,181.04939104349015,181.68139590437696,181.69191028660063,180.68400413948146,181.04939104349015,50007363
2018-09-12,180.1357112684211,181.04939104349015,181.06150788564565,179.7961742811756,180.1357112684211,31967409
2018-09-13,181.24187739403618,180.1357112684211,181.42867682362626,180.0289654015315,181.24187739403618,76739706
2018-09-14,180.7102239150061,181.24187739403618,182.26148550387325,179.98676010176567,180.7102239150061,65539346
2018-09-17,183.62109478710755,180.7102239150061,183.67866773228212,180.10455679400627,183.62109478710755,63077447
2018-09-18,182.05794718226736,183.62109478710755,183.95060586245447,180.8957339928803,182.05794718226736,45506321
2018-09-19,181.9405849090997,182.05794718226736,182.5907577532674,181.5340171383916,181.9405849090997,42397935
2018-09-20,183.15951803955363,181.9405849090997,183.581483316556,181.2967786211847,183.15951803955363,37383359
2018-09-21,181.41858867419717,183.15951803955363,183.44875853101593,181.34657872679063,181.41858867419717,31353144
2018-09-24,181.8349865308956,181.41858867419717,181.87394694928682,180.2166823979442,181.8349865308956,71871504
2018-09-25,182.69006645702436,181.8349865308956,182.74972314466729,180.79254513541738,182.69006645702436,81754042
2018-09-26,183.6608183680947,182.69006645702436,184.22996904810708,182.61277994407726,183.6608183680947,38855509
2018-09-27,183.2725286209386,183.6608183680947,184.38259246615328,183.0106697389197,183.2725286209386,68975630
2018-09-28,183.13407874952176,183.2725286209386,184.52789337497137,183.11559138705266,183.13407874952176,55582617
2018-10-01,183.07147772774096,183.13407874952176,183.25133915059044,182.86172083422986,183.07147772774096,42440077
2018-10-02,182.68151500196726,183.07147772774096,183.32880185643072,182.28800088814899,182.68151500196726,54311929
2018-10-03,181.8164677800082,182.68151500196726,182.76496540275002,181.48934985697494,181.8164677800082,67046253
2018-10-04,180.01813258439554,181.8164677800082,182.48857284609866,179.93797628107106,180.01813258439554,87730267
2018-10-05,180.3081994050987,180.01813258439554,180.5447850431497,179.40793155355473,180.3081994050987,83874358
2018-10-08,178.6192503916801,180.3081994050987,180.61319883746435,178.59530483709628,178.6192503916801,50224912
2018-10-09,178.9725283346248,178.6192503916801,180.2210873079048,178.41093821283343,178.9725283346248,66464072
2018-10-10,177.78836929680554,178.9725283346248,179.09994544630075,177.53766359591202,177.78836929680554,85582827
2018-10-11,179.7874577538236,177.78836929680554,180.34190016089684,177.6174223594703,179.7874577538236,57652731
2018-10-12,176.81472339116755,179.7874577538236,179.9989135763148,175.84896517712892,176.81472339116755,44294697
2018-10-15,174.9297656487179,176.81472339116755,176.8297457099332,174.80954161442614,174.9297656487179,94362387
2018-10-16,175.36560138014855,174.9297656487179,175.5872776633311,173.71364319528536,175.36560138014855,34143872
2018-10-17,175.25391954368752,175.36560138014855,175.89974345350956,174.68288460493872,175.25391954368752,97566600
2018-10-18,175.57346942878797,175.25391954368752,175.90174049472427,174.57805254193477,175.57346942878797,96055534
2018-10-19,172.9221798605198,175.57346942878797,176.43577488643217,172.89382609380698,172.9221798605198,55763607
2018-10-22,171.38317783743707,172.9221798605198,173.011829645075,171.07316736127308,171.38317783743707,91942671
2018-10-23,172.76941877550112,171.38317783743707,173.35462218726133,170.70417054425292,172.76941877550112,75256455
2018-10-24,170.20027529226948,172.76941877550112,172.80393863768643,170.12895356543473,170.20027529226948,30402010
2018-10-25,170.32774133067335,170.20027529226948,171.46436429388692,169.45816952971356,170.32774133067335,89469995
2018-10-26,169.79766778560852,170.32774133067335,170.49989324667357,169.59940635141677,169.79766778560852,62071150
2018-10-29,169.27437700953925,169.79766778560852,170.02805318918027,169.23326292533687,169.27437700953925,69592133
2018-10-30,169.23113792842796,169.27437700953925,170.1253038787451,168.71817930230569,169.23113792842796,76910018
2018-10-31,167.39252780859314,169.23113792842796,169.3296278069227,167.22135013833443,167.39252780859314,39755415
2018-11-01,167.05438162466686,167.39252780859314,167.59765998856838,166.26641495029085,167.05438162466686,81193861
2018-11-02,166.58811279599317,167.05438162466686,167.48602747870112,166.53869249198627,166.58811279599317,40320800
2018-11-05,166.04077063892495,166.58811279599317,166.7662423600659,165.28749268906296,166.04077063892495,67360047
2018-11-06,165.31415488417122,166.04077063892495,166.8004995347369,165.29583418110732,165.31415488417122,89694018
2018-11-07,164.9087237515644,165.31415488417122,165.41075932903914,163.55243718258384,164.9087237515644,99166849
2018-11-08,164.5580525048998,164.9087237515644,165.05976818013363,164.3664007959915,164.5580525048998,90068647
2018-11-09,163.50369005219488,164.5580525048998,164.70575969735233,163.40634497165468,163.50369005219488,49431479
2018-11-12,162.86853823785125,163.50369005219488,163.80957122531314,161.97483243736815,162.86853823785125,52776023
2018-11-13,160.5365162728382,162.86853823785125,162.90926124429794,159.72779362221502,160.5365162728382,53781396
2018-11-14,161.17380011629447,160.5365162728382,161.33499650763028,160.06689536150918,161.17380011629447,44932177
2018-11-15,160.83468493038427,161.17380011629447,161.33408716473986,160.48130728597556,160.83468493038427,42427554
2018-11-16,160.34896919092932,160.83468493038427,160.8734600785139,159.9124208633428,160.34896919092932,83557962
2018-11-19,158.53262598832822,160.34896919092932,160.3684626270167,158.5156763643754,158.53262598832822,30280522
2018-11-20,157.8780408942882,158.53262598832822,158.8946387460632,157.57292437234926,157.8780408942882,46794434
2018-11-21,157.2639404424826,157.8780408942882,157.9351815519161,157.21673831816202,157.2639404424826,87397435
2018-11-22,157.45450764706467,157.2639404424826,157.61978072320193,157.16829879057514,157.45450764706467,59767870
2018-11-23,157.158236514687,157.45450764706467,157.53991448880006,156.5924689471082,157.158236514687,42232570
2018-11-26,155.34952688315803,157.158236514687,157.49518257159613,155.11128387470737,155.34952688315803,48459177
2018-11-27,155.68692846286817,155.34952688315803,155.8550288208995,155.1431823261841,155.68692846286817,50284893
2018-11-28,154.39526467277048,155.68692846286817,156.63560304664506,154.37584883201885,154.39526467277048,67949480
2018-11-29,153.52120483265782,154.39526467277048,154.81800450922705,153.4834651067865,153.52120483265782,32768915
2018-11-30,152.77169485893253,153.52120483265782,153.64954380099203,151.88376243657865,152.77169485893253,62785416
2018-12-03,152.8183579013034,152.77169485893253,152.99600404498213,152.43664933365665,152.8183579013034,81596490
2018-12-04,151.8134003888218,152.8183579013034,152.9316749810124,151.42516436768898,151.8134003888218,73789901
2018-12-05,152.6002539663745,151.8134003888218,152.75189557435,151.7378117037884,152.6002539663745,94141329
2018-12-06,149.559979293109,152.6002539663745,152.72809029746625,149.46120456277777,149.559979293109,34719339
2018-12-07,149.9039908640759,149.559979293109,150.6730770824009,149.36655337658883,149.9039908640759,98856126
2018-12-10,148.43951958186528,149.9039908640759,150.37041929290464,148.0932622409291,148.43951958186528,59212359
2018-12-11,147.50607566438816,148.43951958186528,148.7212204424892,147.45722169456604,147.50607566438816,84346695
2018-12-12,147.4586539642929,147.50607566438816,148.056068995033,147.36027939370615,147.4586539642929,76861787
2018-12-13,146.88413860717816,147.4586539642929,148.46243920552448,146.81336484887524,146.88413860717816,33112903
2018-12-14,148.2317257819714,146.88413860717816,148.6662250532795,146.87613332699888,148.2317257819714,38096711
2018-12-17,145.28277731318033,148.2317257819714,148.33963838707166,144.00217294518583,145.28277731318033,55239952
2018-12-18,143.91546065942958,145.28277731318033,146.40739323314182,143.62765019821427,143.91546065942958,98872562
2018-12-19,144.24663596927533,143.91546065942958,144.4817249382686,143.62372465102254,144.24663596927533,44449029
2018-12-20,141.87949553308553,144.24663596927533,145.02885214759726,141.5840612442191,141.87949553308553,87304408
2018-12-21,142.6177298320104,141.87949553308553,142.91280113943577,141.62616870104839,142.6177298320104,52380038
2018-12-24,142.01137795042956,142.6177298320104,142.64049694259066,141.88722889367352,142.01137795042956,66539644
2018-12-25,143.17884362000217,142.01137795042956,143.2878099738516,141.54852980091013,143.17884362000217,45615829
2018-12-26,143.92172254555965,143.17884362000217,144.4893853076317,142.96770153658522,143.92172254555965,93409755
2018-12-27,143.47457564550393,143.92172254555965,143.98000662397146,143.25753136299832,143.47457564550393,31858353
2018-12-28,144.34019938820913,143.47457564550393,144.65095191684358,143.3389095043709,144.34019938820913,64219505
2018-12-31,144.50555236081829,144.34019938820913,144.98405008310377,144.03066903818544,144.50555236081829,59248909
2019-01-01,144.85182545752883,144.50555236081829,144.96463416744433,143.7000242164232,144.85182545752883,39052981
2019-01-02,146.51238018148982,144.85182545752883,146.85252794143753,144.5446584409082,146.51238018148982,86217837
2019-01-03,145.96252359400017,146.51238018148982,146.88204905944542,145.88809182106675,145.96252359400017,82025833
2019-01-04,147.2043955880272,145.96252359400017,147.45805217498526,145.44919565916106,147.2043955880272,32042920
2019-01-07,147.38541095908687,147.2043955880272,147.6053259982081,146.43214085083684,147.38541095908687,75007705
2019-01-08,149.1434786797636,147.38541095908687,149.463189991107,147.24927283906737,149.1434786797636,36651657
2019-01-09,150.6921291292278,149.1434786797636,150.83184534311212,148.83295296959,150.6921291292278,83114927
2019-01-10,148.98325831656746,150.6921291292278,150.75268109179265,148.41022025955826,148.98325831656746,94397097
2019-01-11,149.17637037073285,148.98325831656746,149.4501208497615,148.7386481203361,149.17637037073285,44256630
2019-01-14,151.0892691789109,149.17637037073285,151.31448713176835,148.84823493866867,151.0892691789109,36088842
2019-01-15,151.80783267411567,151.0892691789109,151.84148252102366,150.8007451649074,151.80783267411567,52571516
2019-01-16,152.57479058192482,151.80783267411567,153.6915805894643,151.25284987664162,152.57479058192482,75261453
2019-01-17,152.6789274262013,152.57479058192482,152.816907562468,152.414499612565,152.6789274262013,96821405
2019-01-18,153.47852932229,152.6789274262013,153.75994225968222,151.85514804646044,153.47852932229,84058216
2019-01-21,154.52833098804754,153.47852932229,154.91421424303715,153.44621325806278,154.52833098804754,75294907
2019-01-22,155.66273363401928,154.52833098804754,155.89238283972728,154.058351423773,155.66273363401928,76136906
2019-01-23,153.9496365783383,155.66273363401928,156.67950398392605,153.6154865325303,153.9496365783383,84768814
2019-01-24,155.79370930309057,153.9496365783383,155.98031432459806,153.810518845066,155.79370930309057,55601062
2019-01-25,156.8613901959061,155.79370930309057,157.2881491142661,155.63530092447098,156.8613901959061,33392569
2019-01-28,156.5841061413939,156.8613901959061,157.03829607750174,156.5176083475752,156.5841061413939,55991663
2019-01-29,159.28528475618523,156.5841061413939,159.41009331828016,156.25379683154117,159.28528475618523,91069273
2019-01-30,158.02695265820236,159.28528475618523,159.66362487045976,157.8526162573751,158.02695265820236,49556952
2019-01-31,159.10999996190992,158.02695265820236,159.38298634914432,157.83936004477124,159.10999996190992,39245326
2019-02-01,160.19923887490629,159.10999996190992,160.5073556719936,159.10292783589148,160.19923887490629,96336252
2019-02-04,159.89323307444843,160.19923887490629,160.99648786223946,159.44449540400834,159.89323307444843,49237470
2019-02-05,159.49328895907334,159.89323307444843,160.3655222981295,159.40305155526187,159.49328895907334,86396797
2019-02-06,161.24550137304846,159.49328895907334,161.6279784363957,159.4555241337557,161.24550137304846,56621329
2019-02-07,163.0389789325008,161.24550137304846,163.42404910140638,161.06439020919282,163.0389789325008,61235567
2019-02-08,162.5420663957661,163.0389789325008,163.26376508757073,162.46294975690247,162.5420663957661,99723346
2019-02-11,162.73691368509353,162.5420663957661,163.72201351012714,162.16001705763244,162.73691368509353,85318526
2019-02-12,164.80005645101863,162.73691368509353,164.82176472290269,162.30602020997202,164.80005645101863,51996996
2019-02-13,164.38074572845775,164.80005645101863,165.0854550631239,163.99818305082846,164.38074572845775,84172078
2019-02-14,164.84374670725109,164.38074572845775,165.56126847713736,163.84657322708912,164.84374670725109,78502761
2019-02-15,166.00150807110035,164.84374670725109,166.4123422253209,164.68593284260749,166.00150807110035,45888016
2019-02-18,167.13140614388473,166.00150807110035,167.7334898477849,165.49586276991005,167.13140614388473,44728358
2019-02-19,169.09198677528838,167.13140614388473,169.73828860313276,166.95456400443368,169.09198677528838,70720314
2019-02-20,168.4079822788499,169.09198677528838,170.38682903217506,167.98928275593576,168.4079822788499,80396550
2019-02-21,169.3026898002828,168.4079822788499,169.50702630723976,168.10937182706343,169.3026898002828,66415604
2019-02-22,168.51138895967128,169.3026898002828,170.82321754119272,167.9799898416815,168.51138895967128,80113208
2019-02-25,168.68133548730668,168.51138895967128,169.10200374445967,167.70514999979687,168.68133548730668,35157066
2019-02-26,170.21629783603308,168.68133548730668,170.46700037398261,168.01703933991294,170.21629783603308,50176033
2019-02-27,170.86702018886655,170.21629783603308,171.5769065802934,169.63575582507022,170.86702018886655,52841140
2019-02-28,170.4635357140837,170.86702018886655,171.0703320911618,170.08143151011106,170.4635357140837,31749953
2019-03-01,171.84924670428254,170.4635357140837,172.27877093382898,169.95217219694175,171.84924670428254,94379579
2019-03-04,172.6008430909194,171.84924670428254,173.15280180110952,171.17007240252764,172.6008430909194,44922957
2019-03-05,172.82469822369487,172.6008430909194,172.83394378571813,171.45816541455827,172.82469822369487,87038154
2019-03-06,173.20638194385927,172.82469822369487,173.2259024028923,171.95027607786136,173.20638194385927,57163229
2019-03-07,173.2793927277964,173.20638194385927,173.90458729334964,172.64272173210637,173.2793927277964,40703591
2019-03-08,172.84530105472217,173.2793927277964,173.7940396532084,172.44440442545996,172.84530105472217,91109098
2019-03-11,173.0955865432086,172.84530105472217,173.52404864647647,172.5792698790927,173.0955865432086,33565916
2019-03-12,172.756539685352,173.0955865432086,173.1197132671931,172.3538846916491,172.756539685352,35295325
2019-03-13,175.60858406374615,172.756539685352,175.6496162704477,172.45917961481265,175.60858406374615,61082077
2019-03-14,174.32397578122678,175.60858406374615,176.42205184266018,173.28455121037499,174.32397578122678,46159113
2019-03-15,174.37290790390838,174.32397578122678,174.57433747191862,174.26223922411015,174.37290790390838,53917521
2019-03-18,174.01420153053905,174.37290790390838,175.7892862139478,173.37889521723312,174.01420153053905,70935590
2019-03-19,177.65292297315239,174.01420153053905,177.792900323675,173.88204722822817,177.65292297315239,97142607
2019-03-20,174.3989346870071,177.65292297315239,178.42572190524854,173.76923233342654,174.3989346870071,92912492
2019-03-21,175.22031624618626,174.3989346870071,175.72808943887142,173.5665592527631,175.22031624618626,82183899
2019-03-22,176.2193872862293,175.22031624618626,176.64874730626988,174.873205888101,176.2193872862293,38671080
2019-03-25,176.6391914802708,176.2193872862293,176.99070611570008,175.95903187243846,176.6391914802708,68273233
2019-03-26,177.2123297675055,176.6391914802708,177.94341005013098,176.38977350892742,177.2123297675055,70350463
2019-03-27,178.22084572684145,177.2123297675055,178.32963993107782,176.8851671108884,178.22084572684145,86632904
2019-03-28,177.3290723565123,178.22084572684145,178.97514885604824,176.31284155071717,177.3290723565123,72008789
2019-03-29,176.20302220689118,177.3290723565123,177.518814964312,175.88682168832813,176.20302220689118,59710089
2019-04-01,177.16735268457333,176.20302220689118,178.35630741583824,175.5162632175678,177.16735268457333,39346282
2019-04-02,177.925609363933,177.16735268457333,178.63519042580592,176.68051402996727,177.925609363933,51624204
2019-04-03,179.74887198328494,177.925609363933,179.90229320210275,177.1008018682539,179.74887198328494,84853935
2019-04-04,176.9208007955444,179.74887198328494,181.1096378265135,176.49443084282515,176.9208007955444,96706540
2019-04-05,179.49576098858444,176.9208007955444,179.65781081684443,176.04703778218456,179.49576098858444,39487196
2019-04-08,178.84057725276116,179.49576098858444,179.84185600182045,178.18627133002994,178.84057725276116,50912935
2019-04-09,179.68635229565956,178.84057725276116,180.07481940007074,178.3553496151998,179.68635229565956,94391287
2019-04-10,179.10229184835165,179.68635229565956,179.72805591514376,178.50948507189304,179.10229184835165,54856161
2019-04-11,178.69471771066472,179.10229184835165,179.58009920064538,178.56152094404743,178.69471771066472,86985929
2019-04-12,180.3821972685427,178.69471771066472,181.7599860032194,178.1381876912263,180.3821972685427,45463649
2019-04-15,180.55329840108985,180.3821972685427,181.48078517864334,179.9995465168729,180.55329840108985,79309398
2019-04-16,181.09727093695395,180.55329840108985,181.38115227992455,180.36156058453543,181.09727093695395,35728890
2019-04-17,180.46625488229202,181.09727093695395,181.88564385233852,179.1511364637615,180.46625488229202,73908242
2019-04-18,180.19313316525054,180.46625488229202,180.68614475748464,179.30527515556633,180.19313316525054,48697555
2019-04-19,179.5814542432977,180.19313316525054,180.7050525400208,179.557943367943,179.5814542432977,43947443
2019-04-22,181.99156483367196,179.5814542432977,182.2379891732311,178.88487609291397,181.99156483367196,87348275
2019-04-23,181.8906211249666,181.99156483367196,182.63646661550854,181.33553894879836,181.8906211249666,86108368
2019-04-24,180.88512885069403,181.8906211249666,181.93035827745365,180.34700660197595,180.88512885069403,64544747
2019-04-25,181.52960758440747,180.88512885069403,181.98598067181806,180.55896423787314,181.52960758440747,89260029
2019-04-26,181.85128360924998,181.52960758440747,181.90621863042787,180.7743823388396,181.85128360924998,86438465
2019-04-29,181.18012442582253,181.85128360924998,182.3675487593416,180.8090261251051,181.18012442582253,54954664
2019-04-30,182.0431909068498,181.18012442582253,182.68479160614518,181.01891913626952,182.0431909068498,35381557
2019-05-01,182.00970716098698,182.0431909068498,183.06935796735826,181.77678865886293,182.00970716098698,55789715
2019-05-02,182.92630184475664,182.00970716098698,183.1061888567606,181.63007085862859,182.92630184475664,78914613
2019-05-03,182.88328358656278,182.92630184475664,182.94916398679237,182.26480096642757,182.88328358656278,71987905
2019-05-06,182.322816386367,182.88328358656278,182.89201186961955,181.93049566014955,182.322816386367,54180059
2019-05-07,185.93664129699312,182.322816386367,186.03732378829665,182.26036885206997,185.93664129699312,32105489
2019-05-08,185.48643259945217,185.93664129699312,186.27715068642107,185.1469091004748,185.48643259945217,89846502
2019-05-09,183.86994098805525,185.48643259945217,185.50613539812016,183.84091976190732,183.86994098805525,77580975
2019-05-10,185.09762962521546,183.86994098805525,185.30200977198166,183.4846786047891,185.09762962521546,65596238
2019-05-13,185.48913651425732,185.09762962521546,185.71594670103735,184.17915547397283,185.48913651425732,94540526
2019-05-14,186.46358028153074,185.48913651425732,186.80565655907114,184.8718073907799,186.46358028153074,63046503
2019-05-15,184.8568673783205,186.46358028153074,186.90412472517318,184.22511046172616,184.8568673783205,77480578
2019-05-16,186.88848643524815,184.8568673783205,187.2509726221481,184.6864088350476,186.88848643524815,83187090
2019-05-17,185.62052552015,186.88848643524815,187.3632417480071,184.92782205866374,185.62052552015,87019260
2019-05-20,185.14241249938786,185.62052552015,185.63110537905044,184.9602269678558,185.14241249938786,48374033
2019-05-21,187.320048467735,185.14241249938786,187.612972894788,184.95382831817588,187.320048467735,60601181
2019-05-22,188.1074071708113,187.320048467735,188.45638810459937,186.65658368365416,188.1074071708113,84039890
2019-05-23,189.5798434348943,188.1074071708113,189.99357523835963,187.51820627605733,189.5798434348943,42507446
2019-05-24,186.2907870915115,189.5798434348943,189.94280392646598,185.7647449065404,186.2907870915115,83915404
2019-05-27,188.32777481358343,186.2907870915115,188.44796152472975,185.961531047117,188.32777481358343,51897431
2019-05-28,187.5437863648734,188.32777481358343,188.6646883188727,187.26533342496663,187.5437863648734,65390225
2019-05-29,188.92285556456048,187.5437863648734,189.22246916115202,187.0014371623915,188.92285556456048,30722531
2019-05-30,187.0571727303458,188.92285556456048,189.23264543995853,186.46799115212144,187.0571727303458,77658951
2019-05-31,187.50818395530385,187.0571727303458,188.1593171528381,186.90608564207363,187.50818395530385,62365738
2019-06-03,188.22348869967794,187.50818395530385,188.7690433834953,187.4840475308796,188.22348869967794,96980901
2019-06-04,189.28814402826436,188.22348869967794,189.5671210710421,188.22197214960292,189.28814402826436,81785955
2019-06-05,188.86302625310708,189.28814402826436,189.92846282339644,188.56928628604558,188.86302625310708,30382885
2019-06-06,190.3524756435215,188.86302625310708,191.75075942860386,188.53448664002795,190.3524756435215,98048508
2019-06-07,190.959658433225,190.3524756435215,191.76376064993786,189.73666777885066,190.959658433225,64898204
2019-06-10,190.81142819442059,190.959658433225,191.50347134779756,190.53513418554527,190.81142819442059,47955464
2019-06-11,192.0399029462667,190.81142819442059,192.28837405327812,190.42895668997983,192.0399029462667,59826115
2019-06-12,191.15154563170245,192.0399029462667,192.71634950803582,190.5960145367269,191.15154563170245,93841383
2019-06-13,189.8496492011087,191.15154563170245,191.22282658147273,189.7217541134917,189.8496492011087,61354256
2019-06-14,192.57263147957775,189.8496492011087,192.61812843119998,189.2468098387687,192.57263147957775,45656181
2019-06-17,190.9461768665509,192.57263147957775,193.32688997717142,190.80994791174479,190.9461768665509,59783716
2019-06-18,192.6556208700246,190.9461768665509,193.0678909331251,190.71082203231128,192.6556208700246,94683303
2019-06-19,193.5506215542598,192.6556208700246,193.7027204106792,192.072392537099,193.5506215542598,83075087
2019-06-20,192.73554008715502,193.5506215542598,194.90706472639744,192.52218173485204,192.73554008715502,63094538
2019-06-21,191.11290765331762,192.73554008715502,193.73859141872236,190.95454554609194,191.11290765331762,76132474
2019-06-24,191.92507297046416,191.11290765331762,192.5414220574267,190.30361326779226,191.92507297046416,47665889
2019-06-25,194.3440864867484,191.92507297046416,194.5346860665679,191.63242524218307,194.3440864867484,98227783
2019-06-26,193.16063320795502,194.3440864867484,194.40321052283812,192.1971251672853,193.16063320795502,30137596
2019-06-27,193.65804730133056,193.16063320795502,193.71498332891326,192.43103941728813,193.65804730133056,45680513
2019-06-28,194.5733894899818,193.65804730133056,195.04612226422802,193.14262877782713,194.5733894899818,78164598
2019-07-01,194.77062510801022,194.5733894899818,195.74716361034888,193.99553521047437,194.77062510801022,43407834
2019-07-02,194.62270485325706,194.77062510801022,194.91757584592614,193.73212889598165,194.62270485325706,31885228
2019-07-03,194.4056522544385,194.62270485325706,195.00518402030053,193.511689644118,194.4056522544385,69232426
2019-07-04,194.56097100705432,194.4056522544385,194.75293937727918,193.82937792190685,194.56097100705432,91247490
2019-07-05,195.95950658911724,194.56097100705432,196.55769145643433,193.99624436697079,195.95950658911724,93645120
2019-07-08,195.92022718360104,195.95950658911724,196.23164518506573,195.7423349222914,195.92022718360104,62337471
2019-07-09,195.38467745394112,195.92022718360104,196.55229946879814,194.89384256857207,195.38467745394112,95939733
2019-07-10,196.95317328743585,195.38467745394112,197.60932270485944,195.1782238522017,196.95317328743585,92865583
2019-07-11,196.0236472925409,196.95317328743585,197.5928005846194,195.04463325644082,196.0236472925409,82216951
2019-07-12,195.57075207302668,196.0236472925409,196.41186107066395,194.7829176038752,195.57075207302668,75567414
2019-07-15,195.91772043291238,195.57075207302668,196.01666140960083,195.40454062163573,195.91772043291238,48521717
2019-07-16,195.95727574692114,195.91772043291238,196.09805164317933,195.15873671462225,195.95727574692114,78694198
2019-07-17,196.9092994844211,195.95727574692114,197.7190941246743,195.23331184021364,196.9092994844211,56448212
2019-07-18,198.65268303215754,196.9092994844211,199.60318856783303,196.26976274002433,198.65268303215754,64132542
2019-07-19,196.89589643133553,198.65268303215754,198.65999933111314,196.6035765188793,196.89589643133553,55692032
2019-07-22,198.13515918157205,196.89589643133553,198.30392747319198,196.13723523334147,198.13515918157205,75120474
2019-07-23,197.55473628605074,198.13515918157205,198.47813378111354,196.59040165294866,197.55473628605074,70802332
2019-07-24,198.2041427416743,197.55473628605074,198.99312062920683,196.89847229158147,198.2041427416743,33346144
2019-07-25,197.21899541553813,198.2041427416743,198.5633064185969,197.09368695050114,197.21899541553813,72971820
2019-07-26,198.75687519774766,197.21899541553813,198.8875802158406,197.1989158286996,198.75687519774766,56999315
2019-07-29,199.0402388661176,198.75687519774766,199.44235716136706,198.4948082838719,199.0402388661176,96831440
2019-07-30,200.02902910718234,199.0402388661176,200.12611812153588,198.92402211020104,200.02902910718234,91814052
2019-07-31,199.97003407573663,200.02902910718234,200.2370937121934,199.49473972707747,199.97003407573663,85202085
2019-08-01,198.8055367605791,199.97003407573663,200.172219602625,198.55978194257509,198.8055367605791,73988464
2019-08-02,201.3464819808836,198.8055367605791,201.6462356898883,197.63613207747562,201.3464819808836,75590985
2019-08-05,200.7286340619269,201.3464819808836,202.2421715239209,199.11949894308563,200.7286340619269,65750620
2019-08-06,200.97386555530724,200.7286340619269,201.39879833125585,199.78761711828724,200.97386555530724,33360301
2019-08-07,201.02239083645213,200.97386555530724,201.5105989740287,200.68553401374052,201.02239083645213,57819067
2019-08-08,200.76744435262376,201.02239083645213,201.19970247505336,200.56401732223935,200.76744435262376,81007071
2019-08-09,201.76493990328316,200.76744435262376,202.67479188013243,200.28669512651572,201.76493990328316,38670988
2019-08-12,202.28224591274247,201.76493990328316,202.91619838888036,201.32169315368512,202.28224591274247,99126523
2019-08-13,200.29440603483644,202.28224591274247,202.55828580845142,199.96195678361158,200.29440603483644,93802995
2019-08-14,201.77120529208702,200.29440603483644,201.77782684918324,199.00180766295384,201.77120529208702,79878077
2019-08-15,202.31489551027366,201.77120529208702,202.58185581312674,200.6778380239704,202.31489551027366,61317137
2019-08-16,203.08983499608314,202.31489551027366,204.1112286620237,201.8619458068296,203.08983499608314,59064010
2019-08-19,204.2986860236273,203.08983499608314,204.74367062557252,202.5045626816049,204.2986860236273,54617321
2019-08-20,202.55922968482716,204.2986860236273,205.0702524166869,202.01653952308698,202.55922968482716,59378612
2019-08-21,203.09386338554478,202.55922968482716,203.15155101307974,202.41422744037277,203.09386338554478,47527185
2019-08-22,203.33528736579632,203.09386338554478,203.82769366103875,201.78207437114546,203.33528736579632,62437810
2019-08-23,203.29660699050223,203.33528736579632,203.37058606213412,203.12150723415675,203.29660699050223,86570536
2019-08-26,204.01676630600247,203.29660699050223,204.5093148941441,202.78313279675436,204.01676630600247,46623460
2019-08-27,205.41709884843868,204.01676630600247,206.37740013594973,203.5221969631862,205.41709884843868,51246944
2019-08-28,203.80579808818763,205.41709884843868,205.9041783741315,203.65269428525727,203.80579808818763,50974274
2019-08-29,205.58110661902828,203.80579808818763,205.9021292242259,203.501114754569,205.58110661902828,39780681
2019-08-30,203.65136262282346,205.58110661902828,206.34336633272525,203.6304332791545,203.65136262282346,43232107
2019-09-02,205.0789134922355,203.65136262282346,206.32172641628586,203.601062436734,205.0789134922355,46636417
2019-09-03,205.57381275525384,205.0789134922355,205.93653003850457,203.92484682019534,205.57381275525384,53543092
2019-09-04,207.89648923713182,205.57381275525384,208.71392520870282,204.63622472738624,207.89648923713182,81899288
2019-09-05,206.14324456189698,207.89648923713182,207.90101453984576,205.5350951570111,206.14324456189698,76879979
2019-09-06,204.40898769821695,206.14324456189698,206.3360138052943,203.82495132884713,204.40898769821695,70021659
2019-09-09,204.87245399984926,204.40898769821695,205.27916881071482,204.20750998540672,204.87245399984926,89716324
2019-09-10,207.23288270644028,204.87245399984926,207.37474643550533,204.8058695217465,207.23288270644028,79776953
2019-09-11,208.09119322405118,207.23288270644028,208.9309143371003,206.32583692668254,208.09119322405118,30145846
2019-09-12,208.1013948769599,208.09119322405118,208.47716179324755,207.92299928118925,208.1013948769599,38061674
2019-09-13,208.142625863376,208.1013948769599,208.58541665666334,207.74774810478135,208.142625863376,57169580
2019-09-16,209.43535568885764,208.142625863376,209.53728152025423,207.97119781444167,209.43535568885764,90974303
2019-09-17,207.91973757847828,209.43535568885764,210.46281848695855,207.77536128400035,207.91973757847828,67325816
2019-09-18,209.67314469119236,207.91973757847828,210.2509722960632,207.7265409474718,209.67314469119236,73340831
2019-09-19,207.29062412923602,209.67314469119236,209.76742088701852,206.08871112916904,207.29062412923602,55652457
2019-09-20,208.30614934340764,207.29062412923602,209.0012414149497,207.13520685312457,208.30614934340764,46951784
2019-09-23,207.6169162810325,208.30614934340764,208.59593843685207,206.89300107796205,207.6169162810325,52820601
2019-09-24,209.47853132506233,207.6169162810325,210.21223039878433,205.16143245876418,209.47853132506233,37839289
2019-09-25,209.97513565137027,209.47853132506233,210.06352440842517,208.72170072571225,209.97513565137027,79945616
2019-09-26,210.4005990807894,209.97513565137027,211.6742421377548,209.70862683518882,210.4005990807894,62697757
2019-09-27,210.6026932544444,210.4005990807894,210.6729650560551,210.040153454526,210.6026932544444,73280100
2019-09-30,209.8168508560174,210.6026932544444,210.80950019748835,208.5279552336425,209.8168508560174,38960239
2019-10-01,210.85063043224727,209.8168508560174,211.1616812720332,208.9647115491801,210.85063043224727,64762013
2019-10-02,209.72618584287883,210.85063043224727,211.33351616853972,209.33298731581922,209.72618584287883,71646425
2019-10-03,213.00727656369423,209.72618584287883,213.29877809574808,208.8407987931545,213.00727656369423,80491978
2019-10-04,211.50056077326727,213.00727656369423,213.32843281556964,211.29842968645164,211.50056077326727,64728885
2019-10-07,211.56063886159274,211.50056077326727,211.76937907768436,211.47878890718053,211.56063886159274,42539278
2019-10-08,214.0229142961333,211.56063886159274,214.48477206516486,210.88172489487144,214.0229142961333,84188491
2019-10-09,211.2724215009194,214.0229142961333,214.13186896874868,210.5896945697505,211.2724215009194,42410863
2019-10-10,211.65189739767322,211.2724215009194,211.95792561291435,210.85195787158145,211.65189739767322,81052643
2019-10-11,211.93865978190487,211.65189739767322,212.4213608118145,211.63997437532163,211.93865978190487,53793473
2019-10-14,213.29122993961425,211.93865978190487,213.81674948858893,211.76521338784443,213.29122993961425,62540966
2019-10-15,214.08158029753744,213.29122993961425,214.6888209689831,212.67801804939455,214.08158029753744,41083675
2019-10-16,214.66846994575738,214.08158029753744,214.71960164489116,213.25786500655818,214.66846994575738,61200160
2019-10-17,216.8881505596958,214.66846994575738,217.07361253387336,214.14644239786278,216.8881505596958,58060849
2019-10-18,211.98001055833393,216.8881505596958,217.08751117225805,211.61822118804017,211.98001055833393,52787515
2019-10-21,215.30154140124486,211.98001055833393,215.88203318047596,211.28310075866418,215.30154140124486,55116999
2019-10-22,214.30648722606077,215.30154140124486,215.6941286779832,214.09139361176332,214.30648722606077,53766343
2019-10-23,214.5311838923931,214.30648722606077,214.61845597599276,214.1717773518095,214.5311838923931,32517755
2019-10-24,214.75141895727342,214.5311838923931,215.25779817272806,214.15144698336417,214.75141895727342,96914545
2019-10-25,214.69589079333383,214.75141895727342,215.5071083906331,214.1656166367374,214.69589079333383,65243349
2019-10-28,217.75152719840358,214.69589079333383,218.09367535491984,213.88372735724877,217.75152719840358,71284042
2019-10-29,217.10020345056034,217.75152719840358,219.031699738095,216.75315691677127,217.10020345056034,86261274
2019-10-30,216.47174377434345,217.10020345056034,217.30421795685058,215.735952053336,216.47174377434345,82915830
2019-10-31,218.1674069099971,216.47174377434345,218.850005773413,216.02091254930215,218.1674069099971,88992102
2019-11-01,215.31967929971896,218.1674069099971,218.40895229536417,214.3839876460357,215.31967929971896,30289906
2019-11-04,215.77212981823274,215.31967929971896,216.02005148691617,214.47637174157248,215.77212981823274,54775847
2019-11-05,215.10604817009715,215.77212981823274,216.0531094641322,214.42026840012292,215.10604817009715,88651058
2019-11-06,216.96980337238674,215.10604817009715,216.99769890727117,214.83795043524668,216.96980337238674,62963043
2019-11-07,218.16438409972912,216.96980337238674,218.21299572135456,216.09997237065676,218.16438409972912,37839094
2019-11-08,218.35730117073348,218.16438409972912,218.95446037916287,216.8954528353606,218.35730117073348,94573161
2019-11-11,218.6651337981285,218.35730117073348,219.3146094125773,217.61350358101717,218.6651337981285,37855125
2019-11-12,217.21548712703193,218.6651337981285,219.4235480344058,216.79682092739512,217.21548712703193,88490382
2019-11-13,219.8953282103357,217.21548712703193,220.6267648720852,216.3868899319404,219.8953282103357,78354567
2019-11-14,219.53544616999656,219.8953282103357,220.13767068397743,219.3113424032932,219.53544616999656,55692124
2019-11-15,220.33427999697435,219.53544616999656,221.3937645964221,218.25333822351493,220.33427999697435,63613481
2019-11-18,217.70654281329897,220.33427999697435,220.56734503549512,217.6744262237668,217.70654281329897,64301350
2019-11-19,220.38618592095122,217.70654281329897,220.84963977086187,217.48282910055764,220.38618592095122,63115133
2019-11-20,218.9920694977857,220.38618592095122,221.09583396427524,218.3705437135118,218.9920694977857,77120674
2019-11-21,220.11914950957276,218.9920694977857,220.6571324459403,217.57071799123108,220.11914950957276,48913448
2019-11-22,221.40420611516245,220.11914950957276,221.61091458776534,219.76170166182266,221.40420611516245,46250317
2019-11-25,221.17183708481224,221.40420611516245,222.12889311192717,221.02048608848887,221.17183708481224,81842655
2019-11-26,220.38571476862208,221.17183708481224,222.63657913646713,219.51493201421394,220.38571476862208,89166534
2019-11-27,221.5919304230999,220.38571476862208,221.76666042410764,220.26555987427207,221.5919304230999,49108395
2019-11-28,220.1431037331351,221.5919304230999,222.37509438572016,220.1114765773787,220.1431037331351,37405920
2019-11-29,223.37617935262688,220.1431037331351,224.12951506052977,219.95706850946343,223.37617935262688,33969306
2019-12-02,222.12750083397665,223.37617935262688,223.84540995407835,221.94435734611832,222.12750083397665,45957440
2019-12-03,223.85766504763646,222.12750083397665,224.495761828086,221.88060477681904,223.85766504763646,70107073
2019-12-04,222.28282577650995,223.85766504763646,223.9289005254631,221.91409645274345,222.28282577650995,59658438
2019-12-05,222.54236387111584,222.28282577650995,223.01490472794245,221.85387653961126,222.54236387111584,56595783
2019-12-06,222.5298659993355,222.54236387111584,222.98266089154453,222.01843865558223,222.5298659993355,85708606
2019-12-09,224.620055281208,222.5298659993355,224.73493811641623,222.123213082649,224.620055281208,82560876
2019-12-10,223.10303483521685,224.620055281208,224.899768798214,222.16516276578784,223.10303483521685,92818334
2019-12-11,224.87659390449997,223.10303483521685,225.352308190355,222.03854538310858,224.87659390449997,83151433
2019-12-12,223.98193444011713,224.87659390449997,225.0353458745082,223.78225422265467,223.98193444011713,33968024
2019-12-13,222.4483057326257,223.98193444011713,224.01990453480528,221.82193859407352,222.4483057326257,66970231
2019-12-16,224.28351200906212,222.4483057326257,225.3320486150616,221.8670180835961,224.28351200906212,38292748
2019-12-17,223.85424952410148,224.28351200906212,224.72914505196871,222.25459291763858,223.85424952410148,33859735
2019-12-18,225.47695011359576,223.85424952410148,225.94392541343393,223.6896729406676,225.47695011359576,96595374
2019-12-19,224.35230292263344,225.47695011359576,225.53503110502595,223.61053231782435,224.35230292263344,98871858
2019-12-20,226.9987014349299,224.35230292263344,227.0503882118906,224.2555594470595,226.9987014349299,44207523
2019-12-23,226.106475048145,226.9987014349299,227.05339875098707,225.8230572390544,226.106475048145,37375770
2019-12-24,226.26530553131036,226.106475048145,227.97893211967505,225.70496970416502,226.26530553131036,83668393
2019-12-25,227.46685037382676,226.26530553131036,227.7199199097972,226.25230449175578,227.46685037382676,65253827
2019-12-26,228.0741762766055,227.46685037382676,229.46718668157374,226.1730176358074,228.0741762766055,76458949
2019-12-27,227.21431823442708,228.0741762766055,228.4455715616799,226.55511096264019,227.21431823442708,41101565
2019-12-30,226.6168536671767,227.21431823442708,228.5315060537339,226.61292065361636,226.6168536671767,82142430
2019-12-31,225.73087147727279,226.6168536671767,226.84106719724664,225.6698493601142,225.73087147727279,53084532
2020-01-01,227.22578129872863,225.73087147727279,228.5804856576263,224.77895752481754,227.22578129872863,56282978
2020-01-02,227.56038291588604,227.22578129872863,228.15540129991254,226.17841152901178,227.56038291588604,62230164
2020-01-03,228.64406390715817,227.56038291588604,229.68717575897816,227.52198528421988,228.64406390715817,78553870
2020-01-06,228.3838449283172,228.64406390715817,228.90757174000353,227.4221201192492,228.3838449283172,71949604
2020-01-07,229.82337873514805,228.3838449283172,229.82375060957324,227.24058091576285,229.82337873514805,37097900
2020-01-08,228.58972781522363,229.82337873514805,230.03226219856433,228.28446416935785,228.58972781522363,52074265
2020-01-09,229.4839382844634,228.58972781522363,229.55591687766884,228.25476653800908,229.4839382844634,71920505
2020-01-10,231.16676312124326,229.4839382844634,232.1337090144692,228.87920188167107,231.16676312124326,40962097
2020-01-13,230.45644818979176,231.16676312124326,231.52289033941588,229.9699060312716,230.45644818979176,68775714
2020-01-14,230.25101882229774,230.45644818979176,231.78541532414042,230.24146175419344,230.25101882229774,39221881
2020-01-15,229.88310215484725,230.25101882229774,230.5336836617149,229.38644230778297,229.88310215484725,44985543
2020-01-16,230.10313543874403,229.88310215484725,230.39715519603445,229.83434600288697,230.10313543874403,89299699
2020-01-17,230.1080641413619,230.10313543874403,231.09389346143425,229.84049442945488,230.1080641413619,41632650
2020-01-20,230.72202227547157,230.1080641413619,231.35055541903748,229.99233118323482,230.72202227547157,70399703
2020-01-21,232.47982204519886,230.72202227547157,232.79578978141674,230.11415818337824,232.47982204519886,52800637
2020-01-22,231.6044231643819,232.47982204519886,233.2282569089103,231.021302625011,231.6044231643819,71657909
2020-01-23,230.5520400539035,231.6044231643819,231.78567644414062,229.66104139753426,230.5520400539035,37914973
2020-01-24,234.42989013652723,230.5520400539035,234.99244260486938,229.97233062307004,234.42989013652723,66855936
2020-01-27,233.00458243656203,234.42989013652723,234.92759293552518,232.83782744249004,233.00458243656203,79533027
2020-01-28,231.2510175473985,233.00458243656203,233.35865693962594,230.95032302567395,231.2510175473985,85869729
2020-01-29,232.63116796794017,231.2510175473985,233.0907124125652,230.98200722349938,232.63116796794017,61561272
2020-01-30,233.53256821724113,232.63116796794017,233.6544186305159,232.0185728879044,233.53256821724113,56193459
2020-01-31,235.65155466773456,233.53256821724113,236.25131931302582,233.52939500632672,235.65155466773456,99497496
2020-02-03,232.62096435983761,235.65155466773456,235.66387614731698,232.13428351634627,232.62096435983761,67106361
2020-02-04,235.316729416185,232.62096435983761,235.55030258822626,232.1145478670756,235.316729416185,53285250
2020-02-05,236.0712438630466,235.316729416185,237.26018160780745,235.29045546185512,236.0712438630466,46606585
2020-02-06,233.9500597229623,236.0712438630466,236.9988140319951,233.4746529213717,233.9500597229623,65023555
2020-02-07,234.61866231188398,233.9500597229623,234.9575743407124,233.80312434881034,234.61866231188398,98556240
2020-02-10,233.9828731605885,234.61866231188398,235.66123955496641,233.5972342526586,233.9828731605885,63436325
2020-02-11,235.21896475029064,233.9828731605885,235.75445090794167,233.46377473597644,235.21896475029064,78732420
2020-02-12,235.6722909148238,235.21896475029064,236.2611973969767,234.73914156415088,235.6722909148238,75036731
2020-02-13,236.7506277576189,235.6722909148238,237.16803916846035,235.3164289791772,236.7506277576189,52632818
2020-02-14,237.51691512507924,236.7506277576189,238.44204433351507,236.68191131027748,237.51691512507924,53747856
2020-02-17,235.60159415726525,237.51691512507924,238.29179850434699,235.29878362958638,235.60159415726525,38902328
2020-02-18,234.41432999907352,235.60159415726525,236.5811737529282,234.23049911510347,234.41432999907352,54917790
2020-02-19,236.97482493655764,234.41432999907352,236.97932803204125,234.12282437489924,236.97482493655764,33848795
2020-02-20,234.169270616559,236.97482493655764,238.5112479700179,233.37788299605634,234.169270616559,34444063
2020-02-21,230.93981757242807,234.169270616559,235.03380890761406,230.26510415680642,230.93981757242807,31792148
2020-02-24,227.10670555848537,230.93981757242807,231.78555280609487,226.97931810555772,227.10670555848537,97281245
2020-02-25,224.44426001786223,227.10670555848537,227.40195600923693,223.4983855458346,224.44426001786223,34471106
2020-02-26,222.8059896294086,224.44426001786223,224.6939120144738,222.57413255292207,222.8059896294086,98901728
2020-02-27,218.3725289976107,222.8059896294086,222.854347981803,217.2721702433256,218.3725289976107,63965175
2020-02-28,214.38164347401843,218.3725289976107,218.40660864060047,213.90165378604433,214.38164347401843,48235789
2020-03-02,211.07946461395517,214.38164347401843,214.46343473543016,210.5940849996628,211.07946461395517,36292101
2020-03-03,208.257766912455,211.07946461395517,211.43295861670575,207.76783832467734,208.257766912455,73089092
2020-03-04,206.94066290430484,208.257766912455,208.36561924881835,206.92273823374384,206.94066290430484,51450788
2020-03-05,201.901743109157,206.94066290430484,207.52621804671065,201.36880100389362,201.901743109157,63092003
2020-03-06,198.8933567116995,201.901743109157,202.17185600976876,198.41580940724435,198.8933567116995,63613259
2020-03-09,195.2670922399228,198.8933567116995,199.25551970315226,194.3707154963737,195.2670922399228,42942445
2020-03-10,193.62334723698052,195.2670922399228,196.04920294528713,192.78940541781287,193.62334723698052,64175446
2020-03-11,191.24718501775388,193.62334723698052,194.41231802916369,191.17687003142515,191.24718501775388,35895245
2020-03-12,186.63695123711184,191.24718501775388,191.30006437337735,186.3482421448873,186.63695123711184,68668202
2020-03-13,183.11923346194274,186.63695123711184,187.1783387846164,182.3673696457549,183.11923346194274,78218921
2020-03-16,179.90264577844388,183.11923346194274,183.51645924006812,179.52781690974,179.90264577844388,33009660
2020-03-17,174.58916895877715,179.90264577844388,180.0697154180511,174.46930517960212,174.58916895877715,73949371
2020-03-18,174.16823849986105,174.58916895877715,174.87375258488456,173.46183443263624,174.16823849986105,84771176
2020-03-19,170.4621008734504,174.16823849986105,174.6178662786812,170.03440882036784,170.4621008734504,50177229
2020-03-20,167.53195112712837,170.4621008734504,170.49916498649594,167.1151867914611,167.53195112712837,43071430
2020-03-23,163.41660100085136,167.53195112712837,167.61060930322984,163.16139617323805,163.41660100085136,31845712
2020-03-24,165.00220794383753,163.41660100085136,165.27532183511306,163.397228023807,165.00220794383753,69746935
2020-03-25,166.29753402290552,165.00220794383753,167.44582257896127,164.51045173192986,166.29753402290552,83335735
2020-03-26,168.81795898202452,166.29753402290552,169.20443715324916,165.93611638594555,168.81795898202452,30798883
2020-03-27,168.95941767429915,168.81795898202452,169.46879498616605,168.67136536399312,168.95941767429915,63106000
2020-03-30,172.37650925475964,168.95941767429915,172.57963825912472,168.23795920624647,172.37650925475964,31833733
2020-03-31,172.2903693353853,172.37650925475964,172.93844091396946,172.22279161210955,172.2903693353853,52400539
2020-04-01,172.1350036799117,172.2903693353853,172.34351104716367,171.8556022405143,172.1350036799117,87497142
2020-04-02,174.44780479524968,172.1350036799117,174.78750354329026,171.62623104569565,174.44780479524968,43313102
2020-04-03,175.30691689757563,174.44780479524968,175.791031984314,173.7159838293712,175.30691689757563,98845056
2020-04-06,175.25577713173945,175.30691689757563,176.12854453735238,174.5637373028548,175.25577713173945,30269334
2020-04-07,179.94768776114557,175.25577713173945,181.5376585404283,174.3644103916596,179.94768776114557,40458339
2020-04-08,180.47226577396424,179.94768776114557,180.60789837184524,179.72627028242056,180.47226577396424,90993973
2020-04-09,181.6429791885532,180.47226577396424,182.00431730234396,179.91024883554476,181.6429791885532,61599913
2020-04-10,182.63091429965743,181.6429791885532,182.8790408567536,181.46418294264163,182.63091429965743,80745295
2020-04-13,182.52992585437167,182.63091429965743,182.77677044325088,182.50386208950462,182.52992585437167,61224753
2020-04-14,184.6723639756275,182.52992585437167,185.18536503811103,182.38182280178697,184.6723639756275,61304455
2020-04-15,187.22470803825368,184.6723639756275,187.95329165824785,184.66018581975584,187.22470803825368,62864931
2020-04-16,186.77311463604016,187.22470803825368,188.5549402679672,186.6155723676436,186.77311463604016,80936675
2020-04-17,186.68646528841649,186.77311463604016,187.2527749428586,186.6356417143244,186.68646528841649,79542301
2020-04-20,190.18379508059255,186.68646528841649,191.14460590569888,186.53798956922435,190.18379508059255,33871945
2020-04-21,191.5841112087092,190.18379508059255,191.99162722492312,189.92104280471267,191.5841112087092,70886945
2020-04-22,193.17084580952348,191.5841112087092,193.64377500614532,191.38973760392219,193.17084580952348,45017963
2020-04-23,195.06797441776746,193.17084580952348,195.7563755745347,192.83703200135784,195.06797441776746,43205547
2020-04-24,196.30383352668704,195.06797441776746,197.05306889683465,193.9459866162809,196.30383352668704,48914462
2020-04-27,197.25488825816524,196.30383352668704,197.67683176152224,195.4417255180008,197.25488825816524,78166242
2020-04-28,199.50548892442677,197.25488825816524,200.6710039046191,196.9262847779606,199.50548892442677,88945633
2020-04-29,198.12376436479212,199.50548892442677,199.55895791098465,197.33603874233648,198.12376436479212,88289861
2020-04-30,201.4670038071869,198.12376436479212,202.13912604330224,197.64918186625798,201.4670038071869,47342048
2020-05-01,202.913680900679,201.4670038071869,203.24941116128846,201.35744333503504,202.913680900679,40211802
2020-05-04,202.3381255927703,202.913680900679,203.83100635232722,201.42422214350594,202.3381255927703,85986699
2020-05-05,203.38015877434404,202.3381255927703,203.4693703398513,202.17898832418177,203.38015877434404,86932908
2020-05-06,205.47078447917838,203.38015877434404,205.84354065892921,203.1757385953217,205.47078447917838,61531016
2020-05-07,206.87345229095763,205.47078447917838,207.2641690287777,204.77234294511098,206.87345229095763,87742848
2020-05-08,209.66687128768191,206.87345229095763,210.2237421570163,205.95110972972026,209.66687128768191,70318340
2020-05-11,209.55411973834066,209.66687128768191,210.15286036556694,209.24436563149695,209.55411973834066,63246261
2020-05-12,210.6143258070658,209.55411973834066,211.89128193086336,209.35011608546355,210.6143258070658,32364007
2020-05-13,212.18909937740966,210.6143258070658,212.29728062295555,209.87671422334736,212.18909937740966,57527577
2020-05-14,215.3578315034123,212.18909937740966,215.46178791916864,211.71429751183268,215.3578315034123,64856969
2020-05-15,215.4940529315537,215.3578315034123,216.26232241897222,214.6075965714925,215.4940529315537,53407548
2020-05-18,216.60569188851312,215.4940529315537,216.73162560196099,214.92663779472898,216.60569188851312,42923431
2020-05-19,218.00002800311663,216.60569188851312,218.6717320660214,216.494703844232,218.00002800311663,53632427
2020-05-20,220.8576485988231,218.00002800311663,221.00047808611347,217.87591297925601,220.8576485988231,64021643
2020-05-21,219.93306424817533,220.8576485988231,221.0353287647319,219.59896603873327,219.93306424817533,57794421
2020-05-22,223.54074040625989,219.93306424817533,223.72402900354078,219.3682051100502,223.54074040625989,83432770
2020-05-25,223.63512436589534,223.54074040625989,224.4431157179315,223.48032842445684,223.63512436589534,43920849
2020-05-26,224.5397527824125,223.63512436589534,225.92510859768504,223.5219274821911,224.5397527824125,62340365
2020-05-27,228.86651774276535,224.5397527824125,229.18980302576495,224.3846985584346,228.86651774276535,31367091
2020-05-28,226.159949027997,228.86651774276535,229.31700683382846,226.10629900893818,226.159949027997,98660958
2020-05-29,228.27559570251108,226.159949027997,228.80237492940986,225.92613854885658,228.27559570251108,74883412
2020-06-01,228.58270407496138,228.27559570251108,228.67843116985682,226.77461266793512,228.58270407496138,52816111
2020-06-02,232.16098826141487,228.58270407496138,232.58361065948475,226.8262989596948,232.16098826141487,43984037
2020-06-03,234.08169503511692,232.16098826141487,234.25432037546187,231.71578510854178,234.08169503511692,75943571
2020-06-04,235.12879633377403,234.08169503511692,236.1287801230294,232.45372029608438,235.12879633377403,84779667
2020-06-05,235.67592785785132,235.12879633377403,235.91085388935818,234.7087420539305,235.67592785785132,96401207
2020-06-08,235.07052682841885,235.67592785785132,236.1090183646687,234.93917943680262,235.07052682841885,75773668
2020-06-09,235.93198793569383,235.07052682841885,236.25880921226656,234.32226782194297,235.93198793569383,68047853
2020-06-10,235.44036133825895,235.93198793569383,236.8549561217582,235.2391404207515,235.44036133825895,40204701
2020-06-11,240.91247344270923,235.44036133825895,241.72658924132088,235.3989681401656,240.91247344270923,86054772
2020-06-12,240.1071623799642,240.91247344270923,242.07029348128916,239.29398670197986,240.1071623799642,65629352
2020-06-15,240.01422154171763,240.1071623799642,240.8116389380626,239.10064538601145,240.01422154171763,73285318
2020-06-16,243.2714020741926,240.01422154171763,244.1986523513961,239.01583914233015,243.2714020741926,99406414
2020-06-17,241.5466903364776,243.2714020741926,243.52292147420033,240.95494477104202,241.5466903364776,48937934
2020-06-18,244.28352640383656,241.5466903364776,244.74980759388336,241.47017344696056,244.28352640383656,40159353
2020-06-19,244.63714493862577,244.28352640383656,245.2085588752804,244.2113863341272,244.63714493862577,82538263
2020-06-22,246.69437348335282,244.63714493862577,247.17103506130744,244.47129328160923,246.69437348335282,36566034
2020-06-23,246.89119328115655,246.69437348335282,247.05937288557902,246.373024080239,246.89119328115655,58881936
2020-06-24,246.23093260776585,246.89119328115655,246.9483893627278,245.49511717402,246.23093260776585,75032636
2020-06-25,249.18503602777997,246.23093260776585,250.1532309377199,244.95837935171622,249.18503602777997,79621141
2020-06-26,251.46338992290626,249.18503602777997,251.7688736995574,248.7522666397226,251.46338992290626,57488969
2020-06-29,251.17542363567736,251.46338992290626,252.09606500045322,250.53316781738414,251.17542363567736,88911956
2020-06-30,253.25042930109532,251.17542363567736,253.76775066097588,251.0643717782837,253.25042930109532,38882392
2020-07-01,252.00899598481288,253.25042930109532,253.76857458854505,251.95202765681782,252.00899598481288,82345861
2020-07-02,254.36053646068171,252.00899598481288,255.15546364243156,251.61991407429977,254.36053646068171,57376476
2020-07-03,254.65687528236413,254.36053646068171,255.0783427746682,254.0643325730183,254.65687528236413,31263178
2020-07-06,257.47321103204337,254.65687528236413,258.9384051426989,253.0904324695797,257.47321103204337,59369738
2020-07-07,257.61631489079195,257.47321103204337,258.87992845335924,257.11672922544074,257.61631489079195,43059834
2020-07-08,259.528754367808,257.61631489079195,259.87213881035916,257.3189608468081,259.528754367808,31517397
2020-07-09,261.10934520487467,259.528754367808,261.76622894557073,257.6954084199514,261.10934520487467,87876859
2020-07-10,261.6592996725636,261.10934520487467,262.6876109172622,260.6509362358951,261.6592996725636,99004792
2020-07-13,262.17571867762075,261.6592996725636,262.4804049398262,261.5453611539986,262.17571867762075,41122832
2020-07-14,261.5667437359718,262.17571867762075,262.7681415075162,260.8252957882759,261.5667437359718,53687217
2020-07-15,263.9357171175896,261.5667437359718,265.3820693379864,261.502330126855,263.9357171175896,40479015
2020-07-16,264.29365521732905,263.9357171175896,264.62464102508125,263.3179356000861,264.29365521732905,93383894
2020-07-17,265.60289673638437,264.29365521732905,266.5341452152734,263.4636667061235,265.60289673638437,69082865
2020-07-20,266.6209820395661,265.60289673638437,266.8171944081733,265.4855117892764,266.6209820395661,63614860
2020-07-21,266.86782707017835,266.6209820395661,267.36641819982594,265.8727924314053,266.86782707017835,96086743
2020-07-22,266.60743130841587,266.86782707017835,267.5270094141362,265.9351265241687,266.60743130841587,98053753
2020-07-23,269.4000248498358,266.60743130841587,270.99993309115763,266.4637304050651,269.4000248498358,82298575
2020-07-24,271.62601711999713,269.4000248498358,271.9629193256343,268.6299566430516,271.62601711999713,79336285
2020-07-27,270.58786187297073,271.62601711999713,272.3999071185133,269.65623114302707,270.58786187297073,67103080
2020-07-28,273.50629275517525,270.58786187297073,273.7314992060512,270.28846364561997,273.50629275517525,41710270
2020-07-29,277.1540048370087,273.50629275517525,278.148861649337,272.8717512953694,277.1540048370087,39688422
2020-07-30,277.01586354091205,277.1540048370087,279.1745592830393,276.66401669772773,277.01586354091205,35012585
2020-07-31,278.9402324209501,277.01586354091205,279.24632531927904,275.9695723580777,278.9402324209501,82762812
2020-08-03,278.27040712001343,278.9402324209501,279.0001368103916,278.2356727159855,278.27040712001343,55550810
2020-08-04,280.41531672295076,278.27040712001343,281.15891332475513,277.2451626916412,280.41531672295076,33544592
2020-08-05,278.8354826839591,280.41531672295076,280.53568634675577,277.89363470232655,278.8354826839591,35012529
2020-08-06,280.00408571586456,278.8354826839591,280.4294567903973,278.4770995357573,280.00408571586456,46862456
2020-08-07,278.1079243002865,280.00408571586456,280.56747115998627,277.03741561805475,278.1079243002865,71643398
2020-08-10,284.70887859508406,278.1079243002865,286.7211317006193,277.74818080920613,284.70887859508406,38654202
2020-08-11,286.2788692895168,284.70887859508406,287.40762544469055,284.30873935532384,286.2788692895168,32105570
2020-08-12,284.36281850322456,286.2788692895168,286.54049037150975,283.98195990638783,284.36281850322456,47543380
2020-08-13,285.8487009292542,284.36281850322456,286.33936576789523,284.27324293328587,285.8487009292542,33800592
2020-08-14,286.18990714578933,285.8487009292542,286.6099486565207,285.20274214010954,286.18990714578933,75646242
2020-08-17,288.88499220338,286.18990714578933,289.2939406420201,285.24182031173774,288.88499220338,36294611
2020-08-18,291.02168269812813,288.88499220338,291.35643150207346,288.7632914265142,291.02168269812813,49881156
2020-08-19,287.92356524702274,291.02168269812813,291.3077280008305,287.54746596572676,287.92356524702274,76953224
2020-08-20,292.1119391916331,287.92356524702274,292.7502002165392,286.43357337844,292.1119391916331,65516374
2020-08-21,292.1710203097048,292.1119391916331,292.8443524963186,289.9874690541525,292.1710203097048,97237393
2020-08-24,293.80284722093285,292.1710203097048,294.61417390095136,290.9109926565852,293.80284722093285,46120028
2020-08-25,295.3732904039822,293.80284722093285,296.126524545013,293.3792921409631,295.3732904039822,39404234
2020-08-26,295.4792642723602,295.3732904039822,295.6635132380048,294.86256988388203,295.4792642723602,68842543
2020-08-27,296.66444951074095,295.4792642723602,296.7045387969541,293.40300812632364,296.66444951074095,50648470
2020-08-28,297.5602435004451,296.66444951074095,298.1464762198454,295.24682176825405,297.5602435004451,49633545
2020-08-31,300.38972262585474,297.5602435004451,301.6112951569032,297.40798249506923,300.38972262585474,85019301
2020-09-01,300.6281399401912,300.38972262585474,301.21224787062243,299.16386671899005,300.6281399401912,75295231
2020-09-02,300.4848911400966,300.6281399401912,300.9257679934378,299.68622926873974,300.4848911400966,78455764
2020-09-03,298.39930941571373,300.4848911400966,302.6204591772178,297.9482550465158,298.39930941571373,55576310
2020-09-04,299.89279520115747,298.39930941571373,300.0703513686995,298.32304219570875,299.89279520115747,60599795
2020-09-07,301.96615349177137,299.89279520115747,302.8035274083951,299.1571404990985,301.96615349177137,61208372
2020-09-08,300.8259206157363,301.96615349177137,302.479995319058,300.61492910556575,300.8259206157363,84381293
2020-09-09,301.9154181188587,300.8259206157363,302.36485473220137,300.3988544130391,301.9154181188587,72274867
2020-09-10,303.7362027640317,301.9154181188587,303.77897152318906,300.91710883731236,303.7362027640317,63966163
2020-09-11,302.7950697565468,303.7362027640317,304.2429847073161,302.2035508425485,302.7950697565468,60565092
2020-09-14,301.5249978335029,302.7950697565468,302.93020180642907,301.305869758473,301.5249978335029,34633000
2020-09-15,300.76804709724337,301.5249978335029,302.9181408581562,299.0646211824094,300.76804709724337,30206511
2020-09-16,297.8403763401034,300.76804709724337,301.64192757768785,297.2126750493697,297.8403763401034,54554283
2020-09-17,301.5920221400833,297.8403763401034,302.06322436340207,296.0938440574151,301.5920221400833,41199270
2020-09-18,301.50772113131654,301.5920221400833,302.0379726123078,300.3820999007654,301.50772113131654,74094094
2020-09-21,302.7435993890711,301.50772113131654,303.4247165342717,301.42506466455933,302.7435993890711,55961454
2020-09-22,302.07505863768824,302.7435993890711,304.27567298902653,301.2771443158792,302.07505863768824,96425739
2020-09-23,301.97701767165177,302.07505863768824,302.30374771629766,301.9485556068312,301.97701767165177,34603252
2020-09-24,299.9230171566864,301.97701767165177,302.50581997286974,299.7744656898412,299.9230171566864,37970529
2020-09-25,301.34626408633284,299.9230171566864,302.0156335864435,299.5712079600613,301.34626408633284,40833927
2020-09-28,303.6450199225664,301.34626408633284,304.25524119069854,300.95919784054826,303.6450199225664,75013115
2020-09-29,305.67718310256265,303.6450199225664,305.94755214627213,303.5660471785886,305.67718310256265,61852277
2020-09-30,303.0829057451057,305.67718310256265,305.85666908337015,303.0450160579801,303.0829057451057,48691172
2020-10-01,303.8818795669909,303.0829057451057,304.37232301360916,302.0086817935276,303.8818795669909,53261021
2020-10-02,304.9840303105138,303.8818795669909,305.85585251196545,303.8216909114448,304.9840303105138,82538460
2020-10-05,302.4609964384159,304.9840303105138,305.7568695387263,301.0377354242674,302.4609964384159,77897984
2020-10-06,304.40342902729907,302.4609964384159,304.45980576891225,302.08068156386616,304.40342902729907,72236669
2020-10-07,302.8744550383751,304.40342902729907,304.56159489631904,301.75025625233013,302.8744550383751,91920335
2020-10-08,305.4690445499205,302.8744550383751,307.14205132285645,302.7368748611488,305.4690445499205,85037225
2020-10-09,304.53805786834505,305.4690445499205,305.8861439402775,303.8851774745485,304.53805786834505,44706718
2020-10-12,304.9158739537456,304.53805786834505,305.62272539979205,303.3153298076025,304.9158739537456,73155833
2020-10-13,303.42342675162405,304.9158739537456,304.98657044092283,303.29674583696004,303.42342675162405,99834653
2020-10-14,305.84663931106843,303.42342675162405,308.025306909768,302.77687812260655,305.84663931106843,84038026
2020-10-15,308.10146231529217,305.84663931106843,308.73270223005863,305.27343912568216,308.10146231529217,95483088
2020-10-16,303.5394700830507,308.10146231529217,308.43521676448046,303.39975628583545,303.5394700830507,90594602
2020-10-19,304.71224471448255,303.5394700830507,305.07338988581785,302.1433330703874,304.71224471448255,47394508
2020-10-20,305.73826218171047,304.71224471448255,305.8081425853381,303.12021192211864,305.73826218171047,85533782
2020-10-21,306.739848259249,305.73826218171047,307.042347256994,305.1229282850313,306.739848259249,69211642
2020-10-22,304.8370627162537,306.739848259249,308.03442281819383,303.071293785938,304.8370627162537,36663889
2020-10-23,301.5137967563048,304.8370627162537,305.3368872480256,300.63035135594686,301.5137967563048,66173547
2020-10-26,308.07955992607094,301.5137967563048,308.16978474905216,299.8857674007036,308.07955992607094,74672665
2020-10-27,307.31800552151725,308.07955992607094,309.2150537652083,306.86981005330745,307.31800552151725,81148049
2020-10-28,303.6383011283085,307.31800552151725,309.34837255285566,303.24837603554874,303.6383011283085,37143124
2020-10-29,305.53055612828854,303.6383011283085,306.7546403764039,303.5359708165925,305.53055612828854,48975784
2020-10-30,309.0195289092677,305.53055612828854,309.73835069669434,303.33818490768056,309.0195289092677,95814441
2020-11-02,308.9899277372346,309.0195289092677,309.6645851835264,307.98238980264335,308.9899277372346,31988896
2020-11-03,308.3635283424958,308.9899277372346,309.1376205141879,307.5021229821415,308.3635283424958,33922474
2020-11-04,306.8065227552432,308.3635283424958,310.01440696900136,305.70472990451054,306.8065227552432,66328957
2020-11-05,307.35825067336043,306.8065227552432,307.51078401525416,304.31523420918046,307.35825067336043,71973129
2020-11-06,307.1833924933523,307.35825067336043,308.58231181350254,306.2041790728834,307.1833924933523,84281682
2020-11-09,309.27334717442653,307.1833924933523,309.7383493664448,306.6402588271717,309.27334717442653,56797712
2020-11-10,306.34485783616134,309.27334717442653,309.9757589054701,306.2760664328454,306.34485783616134,89527841
2020-11-11,306.60584222352054,306.34485783616134,307.24046138256546,306.09348205905155,306.60584222352054,76242037
2020-11-12,309.5558228637275,306.60584222352054,309.74175756856806,305.24260524892173,309.5558228637275,41409905
2020-11-13,308.08549538816175,309.5558228637275,310.1904878386205,307.9403509165255,308.08549538816175,75786529
2020-11-16,310.4326527540996,308.08549538816175,312.5496533851101,308.0196593070417,310.4326527540996,99724370
2020-11-17,307.4258600192338,310.4326527540996,310.5293487086935,306.591993034982,307.4258600192338,41952919
2020-11-18,308.5308573916618,307.4258600192338,309.32750142465994,306.92918914483965,308.5308573916618,58991608
2020-11-19,307.3451670303217,308.5308573916618,309.3017494527822,305.94812060515176,307.3451670303217,99525574
2020-11-20,308.93444943407576,307.3451670303217,309.7095707900147,307.2297513099636,308.93444943407576,34076064
2020-11-23,306.7919993873611,308.93444943407576,310.66427983148947,304.88574303242757,306.7919993873611,52674191
2020-11-24,308.47681294144655,306.7919993873611,309.9481507194371,305.18991981352383,308.47681294144655,69309846
2020-11-25,307.1628411366381,308.47681294144655,309.1432653524227,306.6817041623052,307.1628411366381,36165809
2020-11-26,310.6124411886006,307.1628411366381,310.8370543115072,305.7370417091458,310.6124411886006,95539900
2020-11-27,310.80191872379703,310.6124411886006,311.36501444952614,309.48545620610565,310.80191872379703,94692494
2020-11-30,307.16557758523425,310.80191872379703,312.2117795832988,306.40238873341957,307.16557758523425,85023085
2020-12-01,312.0675229055259,307.16557758523425,312.21160239685105,306.8750207943587,312.0675229055259,37631310
2020-12-02,313.79189289316696,312.0675229055259,314.29969898138506,311.8177195587596,313.79189289316696,33836695
2020-12-03,309.9150239569517,313.79189289316696,313.95481456829754,309.28345712990836,309.9150239569517,30243709
2020-12-04,308.7726492024255,309.9150239569517,311.10889126595345,306.7089984887931,308.7726492024255,34677329
2020-12-07,314.06079939950627,308.7726492024255,314.221132963249,307.40383577308444,314.06079939950627,60350659
2020-12-08,307.5675499379794,314.06079939950627,314.9604602407588,307.3038740772693,307.5675499379794,35709646
2020-12-09,309.5623678991154,307.5675499379794,310.99324980561886,306.53754603988125,309.5623678991154,74965387
2020-12-10,309.73104836792777,309.5623678991154,310.8658695258361,309.3070432283261,309.73104836792777,43261050
2020-12-11,311.45577522538736,309.73104836792777,312.26343439715646,309.54107931692806,311.45577522538736,91136706
2020-12-14,309.8532057041121,311.45577522538736,311.7553562598605,309.5532586928556,309.8532057041121,38742947
2020-12-15,308.44781525018334,309.8532057041121,310.41793260852575,308.31037304836883,308.44781525018334,43745601
2020-12-16,307.6703763462402,308.44781525018334,309.1103308275288,306.60427094917173,307.6703763462402,76660853
2020-12-17,308.5342784684009,307.6703763462402,308.61299715774163,306.9689683348888,308.5342784684009,73297160
2020-12-18,307.4287508935398,308.5342784684009,308.75591878214254,306.5093540762959,307.4287508935398,69613643
2020-12-21,308.9801177009487,307.4287508935398,309.2332949066916,306.87024232541296,308.9801177009487,56175802
2020-12-22,307.95692675820766,308.9801177009487,310.23086049904373,307.3575177180761,307.95692675820766,33256126
2020-12-23,306.4435791566089,307.95692675820766,309.37785506060624,305.33674267342263,306.4435791566089,32787533
2020-12-24,310.6090160194802,306.4435791566089,312.1092777622571,304.985727853506,310.6090160194802,91043952
2020-12-25,307.82585684861533,310.6090160194802,310.91427578710653,306.8508508563696,307.82585684861533,34545225
2020-12-28,306.5594249051377,307.82585684861533,308.5432715720994,306.2613827582556,306.5594249051377,58693377
2020-12-29,308.1780128660325,306.5594249051377,308.4075294709169,305.14217027086795,308.1780128660325,47519131
2020-12-30,308.46479006674775,308.1780128660325,308.75099454316864,306.8789911510202,308.46479006674775,55062543
2020-12-31,305.58923527377544,308.46479006674775,308.6616398803051,304.33262545664854,305.58923527377544,53571230
2021-01-01,308.7141992370356,305.58923527377544,308.9276379495482,304.9731892372989,308.7141992370356,90847307
2021-01-04,306.51172287073655,308.7141992370356,309.33746561183216,305.6646571535168,306.51172287073655,34373178
2021-01-05,310.68226038853095,306.51172287073655,310.9568197472806,306.2062737069852,310.68226038853095,74796790
2021-01-06,308.77556731976813,310.68226038853095,311.2851420837714,307.384894455537,308.77556731976813,87225499
2021-01-07,307.27499771053874,308.77556731976813,309.35841171656705,306.8003825966547,307.27499771053874,39991665
2021-01-08,306.665640228496,307.27499771053874,308.6021540357052,304.84528713684097,306.665640228496,54046923
2021-01-11,307.5728641405886,306.665640228496,308.3607922755573,305.94241174541804,307.5728641405886,88996864
2021-01-12,308.5988945079512,307.5728641405886,310.41537089024393,305.9142360916849,308.5988945079512,49709825
2021-01-13,307.5389178186563,308.5988945079512,309.33212879018754,307.1110106874701,307.5389178186563,45946305
2021-01-14,307.1661183340271,307.5389178186563,308.6399491042363,306.79288421980465,307.1661183340271,78835032
2021-01-15,307.51159652123766,307.1661183340271,307.8067411039402,306.272929147215,307.51159652123766,98615653
2021-01-18,306.4157886580132,307.51159652123766,307.61341185122626,305.6399537610922,306.4157886580132,84871023
2021-01-19,306.73834808192436,306.4157886580132,306.91833592102574,305.5893470970514,306.73834808192436,48285990
2021-01-20,303.98385317586934,306.73834808192436,308.0349733782506,301.7978834754408,303.98385317586934,91881874
2021-01-21,308.6045772708909,303.98385317586934,309.1129662876275,303.5442562310405,308.6045772708909,99193598
2021-01-22,307.4899512799471,308.6045772708909,309.0952520048256,306.82199620679506,307.4899512799471,69544889
2021-01-25,305.7660515581221,307.4899512799471,307.8815175176065,305.3341597225905,305.7660515581221,63526032
2021-01-26,309.78837148701695,305.7660515581221,310.2554578600395,305.269445258625,309.78837148701695,79011790
2021-01-27,306.9303569212894,309.78837148701695,310.6013239755505,306.5805564884682,306.9303569212894,72246184
2021-01-28,305.12972669391615,306.9303569212894,307.2140965069669,305.02366900887614,305.12972669391615,56882785
2021-01-29,307.95417749190295,305.12972669391615,309.61080482779795,304.9699769455823,307.95417749190295,87792260
2021-02-01,307.1726332818681,307.95417749190295,307.9988182326669,306.847978034874,307.1726332818681,41039988
2021-02-02,307.0890380011932,307.1726332818681,308.58903025443567,307.0310487537613,307.0890380011932,78880662
2021-02-03,305.7539791088111,307.0890380011932,309.10129782399025,305.4097351343705,305.7539791088111,30643780
2021-02-04,307.0181225519272,305.7539791088111,307.90755520168125,305.4056662013994,307.0181225519272,63316989
2021-02-05,305.84918261809895,307.0181225519272,307.1672088010295,304.86129160725164,305.84918261809895,86705801
2021-02-08,307.02294318320315,305.84918261809895,307.2607656738408,305.68823226118093,307.02294318320315,85616323
2021-02-09,303.1782920426509,307.02294318320315,307.28881721739987,302.86262316375706,303.1782920426509,79019019
2021-02-10,305.35176470527756,303.1782920426509,305.6174485899952,301.852822530111,305.35176470527756,55256814
2021-02-11,308.5718591261785,305.35176470527756,308.96235121594094,304.96385345856686,308.5718591261785,81089801
2021-02-12,304.6863011375421,308.5718591261785,309.98470101367985,304.2014628477166,304.6863011375421,90044091
2021-02-15,304.85803785297327,304.6863011375421,305.55998179112476,304.3221961729003,304.85803785297327,51403774
2021-02-16,305.0184090947833,304.85803785297327,306.3713309479845,302.9511236850631,305.0184090947833,67805169
2021-02-17,303.7686243735952,305.0184090947833,305.9761233806199,301.682438122836,303.7686243735952,44066188
2021-02-18,302.1732085485044,303.7686243735952,304.0578388051898,301.4621643462171,302.1732085485044,33932138
2021-02-19,305.11656530538,302.1732085485044,305.2586697319237,301.5270370035584,305.11656530538,88146984
2021-02-22,305.59807597216223,305.11656530538,305.9199544418432,304.6208275332609,305.59807597216223,61897113
2021-02-23,305.23234773130895,305.59807597216223,306.8597974991151,305.07099027778247,305.23234773130895,89154731
2021-02-24,305.0132654134647,305.23234773130895,305.43452370294284,304.50937191829604,305.0132654134647,30077049
2021-02-25,305.22192095372725,305.0132654134647,305.59322650320576,304.218850299551,305.22192095372725,35182377
2021-02-26,306.6383577915648,305.22192095372725,307.1295747760028,304.55725054552624,306.6383577915648,65106304
2021-03-01,304.7095695664579,306.6383577915648,308.27415328416856,304.4360662587059,304.7095695664579,90581557
2021-03-02,304.6533049115936,304.7095695664579,304.9260828242748,304.4857606662885,304.6533049115936,61805503
2021-03-03,305.63039887918643,304.6533049115936,305.75344355910136,303.6536444377839,305.63039887918643,87821415
2021-03-04,307.4790213396726,305.63039887918643,308.3279942395434,304.9728320429707,307.4790213396726,71985622
2021-03-05,309.2895291536418,307.4790213396726,310.2703410053721,306.95843436647857,309.2895291536418,50088465
2021-03-08,306.68526828607344,309.2895291536418,310.27514857643916,305.30715471748533,306.68526828607344,70730715
2021-03-09,308.334266153649,306.68526828607344,308.459949103621,306.18925639323396,308.334266153649,68551315
2021-03-10,309.234396430261,308.334266153649,309.5063593231567,307.5952824372255,309.234396430261,76629824
2021-03-11,307.70768809717157,309.234396430261,310.489997760393,306.7582754026485,307.70768809717157,68948927
2021-03-12,309.80435068058085,307.70768809717157,309.81416196894213,307.56627197583117,309.80435068058085,44254923
2021-03-15,308.02901510618443,309.80435068058085,310.6744240496794,306.75157311922044,308.02901510618443,51217498
2021-03-16,308.083934319605,308.02901510618443,308.73146087868304,307.41305912792564,308.083934319605,85583423
2021-03-17,311.9345938395595,308.083934319605,312.0501258874796,307.2759812394124,311.9345938395595,50771434
2021-03-18,311.2952983674019,311.9345938395595,312.95416460703706,308.6434145798538,311.2952983674019,54008588
2021-03-19,312.74022893978406,311.2952983674019,314.08618238039963,310.9628046681534,312.74022893978406,61192536
2021-03-22,312.9265438825676,312.74022893978406,313.0265289840804,311.9318121523781,312.9265438825676,75461445
2021-03-23,311.95441537826866,312.9265438825676,313.4360166539463,311.3053776857749,311.95441537826866,30286776
2021-03-24,313.9440988327113,311.95441537826866,314.80988861777087,310.62354734609573,313.9440988327113,66402213
2021-03-25,312.6061224930221,313.9440988327113,314.6465705900102,312.05673227147014,312.6061224930221,82172981
2021-03-26,317.26706592307875,312.6061224930221,317.44277888870533,312.3187221266869,317.26706592307875,86718068
2021-03-29,313.4662983118611,317.26706592307875,318.368978470759,313.2220321595509,313.4662983118611,84470466
2021-03-30,315.8268894182758,313.4662983118611,316.31080147811923,312.634951482476,315.8268894182758,71944952
2021-03-31,315.0164033189252,315.8268894182758,316.7913768397496,314.3605550059309,315.0164033189252,81286141
2021-04-01,318.1016490351749,315.0164033189252,318.82545490902885,314.09743393304717,318.1016490351749,77455438
2021-04-02,317.2007487988051,318.1016490351749,319.03631031942666,315.1703668483759,317.2007487988051,79368474
2021-04-05,317.43222769351183,317.2007487988051,317.56412175730856,317.09210524248874,317.43222769351183,48265686
2021-04-06,320.14783034150645,317.43222769351183,321.2717339520113,316.2672764495157,320.14783034150645,72034832
2021-04-07,319.3651704333034,320.14783034150645,320.15267181250175,318.87271290621214,319.3651704333034,79638521
2021-04-08,320.6747245646749,319.3651704333034,321.10111166102337,319.0986911722495,320.6747245646749,57386875
2021-04-09,318.8068078085104,320.6747245646749,322.1424030071269,316.4995615077027,318.8068078085104,39102912
2021-04-12,318.6549982672436,318.8068078085104,319.3348710376214,317.8093621993052,318.6549982672436,72541506
2021-04-13,321.6116982511122,318.6549982672436,322.3646600030193,318.54389863178363,321.6116982511122,93465305
2021-04-14,321.45640264740433,321.6116982511122,321.7250833743278,320.93773752834875,321.45640264740433,45353551
2021-04-15,323.51012590933203,321.45640264740433,323.8539058364359,320.9749331371055,323.51012590933203,61098155
2021-04-16,322.90123877191166,323.51012590933203,324.32360236287286,322.39568836957204,322.90123877191166,61469032
2021-04-19,323.8923775658603,322.90123877191166,324.04516057242233,321.79783034632794,323.8923775658603,64130552
2021-04-20,321.4602914912543,323.8923775658603,323.94963495706355,321.27195313361045,321.4602914912543,98685965
2021-04-21,327.68634556297235,321.4602914912543,328.1638636858243,321.17156179480946,327.68634556297235,93665625
2021-04-22,324.88449750009187,327.68634556297235,329.75759214890917,324.30726444902695,324.88449750009187,60604122
2021-04-23,326.8177751460183,324.88449750009187,327.68885589336355,324.35934410199746,326.8177751460183,42014136
2021-04-26,324.84840502577055,326.8177751460183,326.90464929764187,323.6938654046234,324.84840502577055,85855760
2021-04-27,327.2456237531301,324.84840502577055,327.24876333843105,324.53680372988833,327.2456237531301,44588547
2021-04-28,325.1407994778686,327.2456237531301,327.7608976375599,324.034545953204,325.1407994778686,54382032
2021-04-29,328.5439763394506,325.1407994778686,329.4803224372699,324.6900412161045,328.5439763394506,48151264
2021-04-30,327.7489425447999,328.5439763394506,329.08878516397317,327.6955171800031,327.7489425447999,61956176
2021-05-03,328.91163483999406,327.7489425447999,329.6735411739776,326.4350596637966,328.91163483999406,73622346
2021-05-04,330.54348147083545,328.91163483999406,331.191381451624,327.30722563287554,330.54348147083545,67257910
2021-05-05,327.89101778205895,330.54348147083545,331.6057109037965,327.03760322839986,327.89101778205895,80258259
2021-05-06,329.3235784360102,327.89101778205895,330.64075145465733,326.484195392531,329.3235784360102,42738651
2021-05-07,331.74168552426823,329.3235784360102,332.4901409289506,328.9361673235372,331.74168552426823,67421227
2021-05-10,334.9931125653851,331.74168552426823,335.0137163797867,329.6579853610162,334.9931125653851,98848670
2021-05-11,331.81620648756774,334.9931125653851,334.9934327633242,330.2878606589254,331.81620648756774,43484652
2021-05-12,333.55874528700224,331.81620648756774,334.116403450223,330.95656855608286,333.55874528700224,38763663
2021-05-13,332.92789638145166,333.55874528700224,333.82901233911446,332.1466610196774,332.92789638145166,89806814
2021-05-14,336.8763824239798,332.92789638145166,337.97604038222534,332.77176137746585,336.8763824239798,39102300
2021-05-17,331.2473504647789,336.8763824239798,337.5870128398281,329.877745509656,331.2473504647789,58344396
2021-05-18,334.8553165815717,331.2473504647789,336.3957100617074,330.20065474757774,334.8553165815717,88017942
2021-05-19,332.50263926192724,334.8553165815717,335.5617456956397,331.59861666881187,332.50263926192724,72078349
2021-05-20,331.5495737876444,332.50263926192724,332.82619688949575,331.23941540821636,331.5495737876444,54803073
2021-05-21,336.7880432021932,331.5495737876444,337.9198518891976,331.223719380708,336.7880432021932,43317049
2021-05-24,337.053108788512,336.7880432021932,337.7946843130879,336.4385141292016,337.053108788512,42945904
2021-05-25,336.8680383016038,337.053108788512,337.9218000875383,336.7365881741735,336.8680383016038,60113047
2021-05-26,337.69938422667525,336.8680383016038,338.4334065299909,335.9692899649982,337.69938422667525,47757988
2021-05-27,343.6515543833319,337.69938422667525,343.9852566279919,336.8583935542681,343.6515543833319,58950515
2021-05-28,338.50186531532097,343.6515543833319,343.92635256963024,337.901354894556,338.50186531532097,53038761
2021-05-31,340.3355557813491,338.50186531532097,341.0000204422392,335.93673749854133,340.3355557813491,87116177
2021-06-01,338.8960798066564,340.3355557813491,341.10964609599756,338.76595554252316,338.8960798066564,91273548
2021-06-02,340.9571118152395,338.8960798066564,341.1911287626334,338.78540934630024,340.9571118152395,81327244
2021-06-03,340.50301078115524,340.9571118152395,341.12863867944424,340.3313711112929,340.50301078115524,43232745
2021-06-04,340.6629559533409,340.50301078115524,340.98620749244844,339.7324613495609,340.6629559533409,48402972
2021-06-07,344.9268447641242,340.6629559533409,346.1258108456043,339.3090395006151,344.9268447641242,95963611
2021-06-08,344.287318811995,344.9268447641242,345.45260404071996,343.8089606954672,344.287318811995,55691186
2021-06-09,342.96160675486146,344.287318811995,345.93044297609816,342.5950137376067,342.96160675486146,41941542
2021-06-10,339.2279999735507,342.96160675486146,343.50046230264684,338.643144108988,339.2279999735507,81462791
2021-06-11,343.01608415277514,339.2279999735507,343.63921812984154,338.5452211460642,343.01608415277514,70146103
2021-06-14,348.74134515057875,343.01608415277514,349.19617532328164,341.559043782539,348.74134515057875,92634392
2021-06-15,344.1480874015616,348.74134515057875,350.30565680416476,343.1145437487546,344.1480874015616,39981018
2021-06-16,346.9030503117925,344.1480874015616,346.9114454621301,343.8416299564766,346.9030503117925,58095923
2021-06-17,347.9451732397363,346.9030503117925,347.9532198039626,346.6810791081933,347.9451732397363,98072243
2021-06-18,346.2877989544691,347.9451732397363,349.11598742198896,345.4022625721631,346.2877989544691,99092230
2021-06-21,344.9057543557193,346.2877989544691,347.7954174790663,344.49957835471383,344.9057543557193,61073759
2021-06-22,342.5951288428401,344.9057543557193,344.9963475216774,342.34991550102825,342.5951288428401,91510612
2021-06-23,348.4606833894937,342.5951288428401,348.7043381023673,341.52328701477865,348.4606833894937,53858001
2021-06-24,346.3107083132727,348.4606833894937,348.8968851125587,344.82863407507153,346.3107083132727,70379713
2021-06-25,348.4884801048772,346.3107083132727,348.575683145406,345.0095381000768,348.4884801048772,80651117
2021-06-28,346.45769954439766,348.4884801048772,349.64139469210187,345.36595855998644,346.45769954439766,71014404
2021-06-29,348.62794902027014,346.45769954439766,349.0827208756359,345.646717536415,348.62794902027014,51848489
2021-06-30,349.6043862573157,348.62794902027014,350.16374456732643,347.0565874021679,349.6043862573157,73333881
2021-07-01,350.47003876682754,349.6043862573157,350.8380008497114,349.5385747780052,350.47003876682754,94517541
2021-07-02,348.5010729398893,350.47003876682754,352.22796753784615,347.87364925426454,348.5010729398893,60825694
2021-07-05,353.00912557373584,348.5010729398893,353.50971963660976,348.47868004357497,353.00912557373584,81161771
2021-07-06,350.3150007531868,353.00912557373584,354.14245268401953,349.75366828333506,350.3150007531868,64525079
2021-07-07,348.87263781274817,350.3150007531868,350.5957463088754,347.6936669454053,348.87263781274817,33348798
2021-07-08,352.0806973852916,348.87263781274817,352.41746687129574,348.72552896330353,352.0806973852916,51902331
2021-07-09,352.7878982722831,352.0806973852916,354.5434851133576,351.7184243382668,352.7878982722831,87055456
2021-07-12,353.46540452176015,352.7878982722831,354.27025900181246,351.5662980594832,353.46540452176015,76427019
2021-07-13,356.0448613865159,353.46540452176015,357.23282603894,353.33471923645,356.0448613865159,40265790
2021-07-14,353.67228717314265,356.0448613865159,357.7102779139892,351.48636530374824,353.67228717314265,40352371
2021-07-15,354.33340157498264,353.67228717314265,354.3852507541326,353.1971479031933,354.33340157498264,58242774
2021-07-16,353.04184772331126,354.33340157498264,355.6583181190976,350.92576974598114,353.04184772331126,82097571
2021-07-19,356.91289281649614,353.04184772331126,358.13566147263737,352.0094807943214,356.91289281649614,72535241
2021-07-20,356.23707726630266,356.91289281649614,357.285611909199,355.684035338308,356.23707726630266,41246747
2021-07-21,355.6152233222759,356.23707726630266,356.6552638536387,354.9297406601705,355.6152233222759,45363843
2021-07-22,353.42006901279456,355.6152233222759,355.7183381272373,352.23303760981105,353.42006901279456,40374670
2021-07-23,359.8529726938938,353.42006901279456,361.59406397700775,352.91301800897406,359.8529726938938,55947613
2021-07-26,355.53139969993885,359.8529726938938,360.60784785934794,355.2211581753126,355.53139969993885,86954555
2021-07-27,357.12289301958333,355.53139969993885,357.18713534722536,354.8375353806901,357.12289301958333,73203097
2021-07-28,359.2789404982704,357.12289301958333,360.8093011675575,356.1187793232915,359.2789404982704,59706342
2021-07-29,356.9425437190746,359.2789404982704,359.5705098828387,356.240347150016,356.9425437190746,51369903
2021-07-30,356.860531285004,356.9425437190746,358.6629383203887,355.05829833740023,356.860531285004,93229905
2021-08-02,356.1768943511388,356.860531285004,357.40159145870103,355.1126408821181,356.1768943511388,99955104
2021-08-03,361.75397859921395,356.1768943511388,363.0161413319902,354.7390496324319,361.75397859921395,78451910
2021-08-04,359.9252775492893,361.75397859921395,363.28073326114134,358.8978146118736,359.9252775492893,87747159
2021-08-05,366.65268118980975,359.9252775492893,367.55780103071993,359.2864350449929,366.65268118980975,54150141
2021-08-06,360.0193031085405,366.65268118980975,369.91901705831054,360.01148639090707,360.0193031085405,71664453
2021-08-09,360.60364439619804,360.0193031085405,362.19106778346935,359.67126400163,360.60364439619804,89158846
2021-08-10,361.7018554766188,360.60364439619804,362.56626421021014,359.1836504217985,361.7018554766188,68987056
2021-08-11,363.62332861239923,361.7018554766188,363.64516107157795,361.61830922308246,363.62332861239923,62056519
2021-08-12,362.78144847493576,363.62332861239923,364.44545653923103,361.40478441320465,362.78144847493576,38654932
2021-08-13,365.20563205321815,362.78144847493576,366.0642237096334,361.6896899897018,365.20563205321815,64509864
2021-08-16,362.761754798248,365.20563205321815,365.69026313343215,362.50949815028883,362.761754798248,74255954
2021-08-17,362.478595113804,362.761754798248,364.1244610268569,361.269074769057,362.478595113804,43903398
2021-08-18,362.16871670344335,362.478595113804,362.61231594685995,361.01754324501695,362.16871670344335,61075596
2021-08-19,361.8409608972967,362.16871670344335,362.56715770570537,361.4876727759992,361.8409608972967,84228148
2021-08-20,365.41462811432524,361.8409608972967,365.7948756397864,361.41130557705156,365.41462811432524,95340646
2021-08-23,366.26615656340607,365.41462811432524,367.2093357571201,365.27166165799935,366.26615656340607,87967579
2021-08-24,366.1131792768036,366.26615656340607,366.66741693165045,365.8420834540822,366.1131792768036,47119819
2021-08-25,370.0134438407373,366.1131792768036,370.3367804575671,364.79446479474706,370.0134438407373,51995439
2021-08-26,370.44251015859686,370.0134438407373,371.3262758729736,367.70307095567745,370.44251015859686,33979752
2021-08-27,368.01926085723295,370.44251015859686,372.72190116589354,367.11628906566324,368.01926085723295,34961708
2021-08-30,365.78030921838206,368.01926085723295,368.36159475536516,365.51341223156373,365.78030921838206,46756359
2021-08-31,368.4983380617074,365.78030921838206,368.73996487861325,364.79050948129355,368.4983380617074,75851941
2021-09-01,368.89033042125345,368.4983380617074,370.73715191481546,368.01497590762875,368.89033042125345,33734626
2021-09-02,369.41380410411523,368.89033042125345,371.1078486084228,368.1015198129004,369.41380410411523,34010859
2021-09-03,369.96797127681623,369.41380410411523,371.6962988146557,369.40654737632207,369.96797127681623,63038693
2021-09-06,370.67963978389696,369.96797127681623,370.76349767013556,369.01989174362825,370.67963978389696,30650369
2021-09-07,371.8063311691252,370.67963978389696,372.3517593792497,370.4222559128605,371.8063311691252,99959174
2021-09-08,371.9721088445783,371.8063311691252,373.8422939816162,370.9120047458124,371.9721088445783,56834302
2021-09-09,374.17881748848924,371.9721088445783,374.80829245295627,370.8491533116154,374.17881748848924,94970344
2021-09-10,375.0957008013019,374.17881748848924,375.5462300736457,373.99758719636003,375.0957008013019,87903839
2021-09-13,373.3449323970362,375.0957008013019,375.36834794771136,373.2664021158935,373.3449323970362,95306687
2021-09-14,378.0718063939574,373.3449323970362,378.6201747495053,371.9713329849184,378.0718063939574,52017419
2021-09-15,374.47172487943146,378.0718063939574,378.10411919825606,374.2384731098297,374.47172487943146,53826185
2021-09-16,373.8982400010144,374.47172487943146,375.2755427785412,371.93967406802784,373.8982400010144,91935458
2021-09-17,378.29781628525603,373.8982400010144,378.34839496744985,372.38654907668496,378.29781628525603,34956739
2021-09-20,376.6647645121312,378.29781628525603,380.948848730325,376.51795689152397,376.6647645121312,76281025
2021-09-21,379.450698949082,376.6647645121312,379.9390970404529,376.4620457515857,379.450698949082,96988315
2021-09-22,374.9130393121224,379.450698949082,379.58927880719096,374.2155962360302,374.9130393121224,64070122
2021-09-23,382.75166231826074,374.9130393121224,383.1377099355212,373.9982215746361,382.75166231826074,55135214
2021-09-24,382.01667645099064,382.75166231826074,383.0040006340686,380.08621667426536,382.01667645099064,60591053
2021-09-27,378.5072491907276,382.01667645099064,383.65961242698455,378.4925283532521,378.5072491907276,77488641
2021-09-28,379.17553569345364,378.5072491907276,381.3701316468522,377.27286038871074,379.17553569345364,57397153
2021-09-29,385.8308876638919,379.17553569345364,385.94984024655804,379.15730684048,385.8308876638919,45289747
2021-09-30,381.8501051428231,385.8308876638919,385.9997015249954,381.49136286150775,381.8501051428231,84658862
2021-10-01,382.29354097719585,381.8501051428231,383.4007351840489,378.6617692477101,382.29354097719585,83429119
2021-10-04,380.1695324737225,382.29354097719585,382.3210046192162,378.9720627716569,380.1695324737225,54106473
2021-10-05,384.48236976089674,380.1695324737225,386.0821546370235,380.1128932705777,384.48236976089674,46763840
2021-10-06,385.35021453243525,384.48236976089674,386.547786133062,384.35327978387323,385.35021453243525,94119768
2021-10-07,387.8034606096004,385.35021453243525,388.7975223599038,384.2507446344659,387.8034606096004,37759456
2021-10-08,384.34504664187665,387.8034606096004,388.4391468225905,383.19332347107616,384.34504664187665,42045910
2021-10-11,384.73725460219885,384.34504664187665,385.15108860533655,380.98792727325235,384.73725460219885,99384443
2021-10-12,389.19136903141606,384.73725460219885,390.8845419963099,383.9951043389585,389.19136903141606,99249019
2021-10-13,390.9051934806231,389.19136903141606,391.140954780664,389.15871601880167,390.9051934806231,52003051
2021-10-14,386.51850797290143,390.9051934806231,391.1818036220634,384.99816391169645,386.51850797290143,78285056
2021-10-15,392.3206172199543,386.51850797290143,393.5550082656803,385.4978508050689,392.3206172199543,96146885
2021-10-18,390.9154699249687,392.3206172199543,392.68475796799765,388.2812609963888,390.9154699249687,77506743
2021-10-19,393.61074950316765,390.9154699249687,395.5146189499598,390.2624894773492,393.61074950316765,59007126
2021-10-20,391.9675942912352,393.61074950316765,395.0247825884653,390.673597423632,391.9675942912352,43282869
2021-10-21,387.78388478413285,391.9675942912352,392.5043887488207,385.68505985384735,387.78388478413285,47698178
2021-10-22,393.06952520646576,387.78388478413285,395.18635694946465,386.8179979375465,393.06952520646576,78846587
2021-10-25,396.0884833227824,393.06952520646576,397.73491450160685,390.8790610284992,396.0884833227824,79609210
2021-10-26,392.86807693392376,396.0884833227824,397.703793816745,392.0938918126371,392.86807693392376,40321541
2021-10-27,394.4964166009224,392.86807693392376,396.11331333171114,392.57624092947856,394.4964166009224,66445422
2021-10-28,395.5460852069183,394.4964166009224,397.3370071513594,392.8700970926763,395.5460852069183,92377488
2021-10-29,390.7776480076502,395.5460852069183,395.99952005967293,390.68600681628607,390.7776480076502,70138651
2021-11-01,400.4768391590134,390.7776480076502,400.6698916201776,389.9247202530181,400.4768391590134,54359702
2021-11-02,395.99668489772034,400.4768391590134,402.41688903977706,395.81970804154923,395.99668489772034,74482280
2021-11-03,399.4285308483735,395.99668489772034,401.0398477179648,395.06194149764934,399.4285308483735,61429519
2021-11-04,398.8796399962432,399.4285308483735,400.209011344128,398.61218274900017,398.8796399962432,58792985
2021-11-05,402.19746292473496,398.8796399962432,402.7684430345818,398.8563336998398,402.19746292473496,67594621
2021-11-08,401.1285428597863,402.19746292473496,402.94119958417275,398.80663163434326,401.1285428597863,64219936
2021-11-09,400.47640707882977,401.1285428597863,401.60996622632683,400.30487307802986,400.47640707882977,89223225
2021-11-10,399.7848631168626,400.47640707882977,400.54260757067067,398.17252220194587,399.7848631168626,94367535
2021-11-11,403.8150460684111,399.7848631168626,404.90815379846384,398.994457316805,403.8150460684111,33526032
2021-11-12,399.06860006829777,403.8150460684111,404.218505485559,397.1997108424385,399.06860006829777,72756965
2021-11-15,404.77668314785126,399.06860006829777,405.22189768386295,397.85619908718706,404.77668314785126,95363002
2021-11-16,401.8846143151478,404.77668314785126,405.5481535487557,401.391302877051,401.8846143151478,54781965
2021-11-17,407.2710687790649,401.8846143151478,407.43814746192123,401.2299735676521,407.2710687790649,45208913
2021-11-18,405.69534975726003,407.2710687790649,407.66691286105123,405.33697317473985,405.69534975726003,45168660
2021-11-19,407.3075712487357,405.69534975726003,407.92126326116573,404.64131131578984,407.3075712487357,89911334
2021-11-22,404.165617403926,407.3075712487357,409.28992165509806,403.82763905447587,404.165617403926,54228655
2021-11-23,398.4777220387666,404.165617403926,404.3030597349642,397.6025349282994,398.4777220387666,91156947
2021-11-24,398.2785416732093,398.4777220387666,398.6349832324918,397.61333544420575,398.2785416732093,42038651
2021-11-25,399.33805478184667,398.2785416732093,399.7101930110311,397.7942100709446,399.33805478184667,75295749
2021-11-26,396.3299785183725,399.33805478184667,399.5445836780479,394.9762174851454,396.3299785183725,75703226
2021-11-29,396.3265501134522,396.3299785183725,398.21482007050923,394.8232787904905,396.3265501134522,56105925
2021-11-30,392.79041814355287,396.3265501134522,396.75039413671647,392.4979163410041,392.79041814355287,86731558
2021-12-01,388.1149313131298,392.79041814355287,393.55353841760723,388.08361060992604,388.1149313131298,94594104
2021-12-02,388.92403216937623,388.1149313131298,389.49987771283935,387.9185147939356,388.92403216937623,96215349
2021-12-03,391.1577028642576,388.92403216937623,392.37662113568064,388.5417518502485,391.1577028642576,63060313
2021-12-06,386.90579592908716,391.1577028642576,391.3941924372287,386.8391991261495,386.90579592908716,88173072
2021-12-07,395.1922619906534,386.90579592908716,395.7597752863147,386.1999722470634,395.1922619906534,75756274
2021-12-08,393.25799223821895,395.1922619906534,395.37731954667305,393.1430394424538,393.25799223821895,37263355
2021-12-09,395.2798879606377,393.25799223821895,396.09521287486103,390.8898273340242,395.2798879606377,81442900
2021-12-10,390.2391904668477,395.2798879606377,397.1502294222132,388.1929112590967,390.2391904668477,59925446
2021-12-13,396.27679809184735,390.2391904668477,397.3391143063257,387.982106484771,396.27679809184735,92980651
2021-12-14,398.703796440024,396.27679809184735,400.6019051935094,396.27671265410345,398.703796440024,71665363
2021-12-15,392.1753096811248,398.703796440024,401.64675174952436,391.05732573902264,392.1753096811248,49965122
2021-12-16,396.7853942864066,392.1753096811248,396.9522559518746,391.768580072383,396.7853942864066,77713848
2021-12-17,395.7413266775095,396.7853942864066,398.18081903258707,395.6724497662412,395.7413266775095,54726186
2021-12-20,393.1577335523725,395.7413266775095,395.8520479760345,392.6230020925349,393.1577335523725,87395517
2021-12-21,397.6732768172123,393.1577335523725,398.15646305700545,390.2492383501459,397.6732768172123,49559228
2021-12-22,398.82934027743244,397.6732768172123,398.98419176337796,397.3711535854203,398.82934027743244,46398429
2021-12-23,396.45697751071543,398.82934027743244,399.2518443427195,395.82083306487135,396.45697751071543,73630858
2021-12-24,400.4513690382559,396.45697751071543,400.48843020308186,394.4926841816391,400.4513690382559,50614988
2021-12-27,395.28676371446886,400.4513690382559,401.27235165320366,392.94619159942664,395.28676371446886,99875063
2021-12-28,396.10426811559535,395.28676371446886,397.42172012468046,395.0931383610246,396.10426811559535,59225573
2021-12-29,399.8381152316219,396.10426811559535,401.54534192216437,395.21989112345256,399.8381152316219,98696565
2021-12-30,400.0942543353528,399.8381152316219,400.2543604397352,398.81133420202326,400.0942543353528,82572737
2021-12-31,399.0867228314429,400.0942543353528,401.75843368809876,398.53259428097635,399.0867228314429,67269101
2022-01-03,402.62323684412365,399.0867228314429,403.25597114261444,398.2816219082796,402.62323684412365,84037233
2022-01-04,400.57268888620206,402.62323684412365,402.8454711737434,399.84668499225245,400.57268888620206,89200944
2022-01-05,399.7321916461673,400.57268888620206,401.18020408797497,398.5444757450808,399.7321916461673,64913939
2022-01-06,396.29244485781015,399.7321916461673,400.9409976508863,394.9080391779714,396.29244485781015,83377265
2022-01-07,396.23902348785913,396.29244485781015,397.2068845050518,396.05098107169846,396.23902348785913,80967773
2022-01-10,392.68402276954976,396.23902348785913,396.84607293041034,392.0731876534796,392.68402276954976,99413646
2022-01-11,396.0994067613588,392.68402276954976,397.21511045548044,392.1999364427959,396.0994067613588,84541249
2022-01-12,388.99852341917887,396.0994067613588,396.8380458589743,388.25405964766867,388.99852341917887,35037341
2022-01-13,393.1933914502621,388.99852341917887,394.766027855209,387.18205171202334,393.1933914502621,78582659
2022-01-14,387.67737064087135,393.1933914502621,397.0672721707258,386.99665895814616,387.67737064087135,71687359
2022-01-17,383.46637647649237,387.67737064087135,388.5883786220105,383.093100537787,383.46637647649237,94009357
2022-01-18,387.2651965069763,383.46637647649237,387.57540029978276,382.50984413504733,387.2651965069763,41652921
2022-01-19,383.3875347451581,387.2651965069763,388.27483321004377,382.8941071116087,383.3875347451581,73102986
2022-01-20,383.28273047456753,383.3875347451581,383.53068010650486,381.9179836158806,383.28273047456753,84254394
2022-01-21,382.49710270760045,383.28273047456753,384.27982925518,380.95351500777036,382.49710270760045,89720791
2022-01-24,379.3228168211776,382.49710270760045,382.68000501662254,378.93681250012185,379.3228168211776,82420397
2022-01-25,376.0781701628012,379.3228168211776,379.42668136170624,375.7487642008917,376.0781701628012,81628059
2022-01-26,377.5402303499533,376.0781701628012,377.6688755240396,375.5753797816605,377.5402303499533,84873958
2022-01-27,374.2209258232776,377.5402303499533,379.1795643960729,373.523464731039,374.2209258232776,99985379
2022-01-28,374.0099120956066,374.2209258232776,376.3967528260304,373.02461843114264,374.0099120956066,75868235
2022-01-31,367.24610572394147,374.0099120956066,375.06634115186966,365.240302682907,367.24610572394147,66692513
2022-02-01,370.58246863778896,367.24610572394147,372.09447132073325,366.2253229352139,370.58246863778896,64154789
2022-02-02,367.0924381251384,370.58246863778896,370.81911506026637,366.04330701437533,367.0924381251384,71824126
2022-02-03,369.8124963809622,367.0924381251384,370.8791892556249,365.76709486571707,369.8124963809622,44979919
2022-02-04,366.43072917187015,369.8124963809622,369.869868489478,365.8435577034659,366.43072917187015,83671255
2022-02-07,364.24118513866927,366.43072917187015,367.1867825974498,363.1186155625064,364.24118513866927,68880000
2022-02-08,363.19806523795336,364.24118513866927,365.32877606285143,363.04664135628843,363.19806523795336,50950719
2022-02-09,359.0279348807978,363.19806523795336,364.0857911033021,357.24961200837674,359.0279348807978,46431986
2022-02-10,362.2579805879939,359.0279348807978,362.5901335409028,358.5808670028486,362.2579805879939,49268048
2022-02-11,361.41675448524546,362.2579805879939,362.311875694021,361.23328453179914,361.41675448524546,72469928
2022-02-14,357.065958451539,361.41675448524546,361.8589974536392,357.0225509604007,357.065958451539,71550740
2022-02-15,357.7000453564325,357.065958451539,359.5863272802456,355.77623499906673,357.7000453564325,53730158
2022-02-16,352.38458679871144,357.7000453564325,358.31233987577014,351.90147383237286,352.38458679871144,81114177
2022-02-17,350.4999079837202,352.38458679871144,353.9251762206033,350.2348005518697,350.4999079837202,32074075
2022-02-18,350.48633730060834,350.4999079837202,352.6453318692351,350.46323328054666,350.48633730060834,30662553
2022-02-21,349.68564225547453,350.48633730060834,350.91166833180506,347.7553856410306,349.68564225547453,34389986
2022-02-22,346.7545926494746,349.68564225547453,349.8795868406977,346.4778162657568,346.7545926494746,53712219
2022-02-23,346.8814273185593,346.7545926494746,347.68241861016185,344.1687102428148,346.8814273185593,63189756
2022-02-24,344.9911144701613,346.8814273185593,347.5370020300134,344.38511526160715,344.9911144701613,43183737
2022-02-25,341.2636353812021,344.9911144701613,347.3447406946457,340.38810060530494,341.2636353812021,86151776
2022-02-28,342.37361232162704,341.2636353812021,343.3394856232622,340.8057279462425,342.37361232162704,78558161
2022-03-01,341.46799801228656,342.37361232162704,343.96483043371535,340.85866171052317,341.46799801228656,31820584
2022-03-02,339.394625672182,341.46799801228656,343.0089197156303,339.35308558417546,339.394625672182,92081723
2022-03-03,340.1569650587753,339.394625672182,341.3746340714511,338.3000886269688,340.1569650587753,79266056
2022-03-04,335.2584656669808,340.1569650587753,340.44393419190135,335.2561087297477,335.2584656669808,52169440
2022-03-07,337.2027134892794,335.2584656669808,337.5129706124934,332.31122161849964,337.2027134892794,33177562
2022-03-08,333.5562206461194,337.2027134892794,337.21783104167355,331.7091851086588,333.5562206461194,58521800
2022-03-09,332.75938829375104,333.5562206461194,335.5301195396688,332.7068567703653,332.75938829375104,51231005
2022-03-10,332.67447859515846,332.75938829375104,333.55430740233106,332.5146509654686,332.67447859515846,70169268
2022-03-11,331.26343387112723,332.67447859515846,332.82020060558796,330.28995136164656,331.26343387112723,35183227
2022-03-14,331.02556979667503,331.26343387112723,331.68892054874897,330.22933170772626,331.02556979667503,93595215
2022-03-15,330.684500557141,331.02556979667503,332.44868884611594,330.32519433214657,330.684500557141,77399602
2022-03-16,331.5247600127942,330.684500557141,333.7045070524201,330.16377904940003,331.5247600127942,67011241
2022-03-17,328.71805039290473,331.5247600127942,332.6999157425224,327.8264195166553,328.71805039290473,74965997
2022-03-18,325.74744319842495,328.71805039290473,328.9351317049414,324.2134799068139,325.74744319842495,63414696
2022-03-21,329.3211474468525,325.74744319842495,331.0408960100163,325.4223920878337,329.3211474468525,73188850
2022-03-22,325.1916473110552,329.3211474468525,329.7154145505398,325.0923950423755,325.1916473110552,84100037
2022-03-23,325.56672250454056,325.1916473110552,325.97885952312015,323.55192082608056,325.56672250454056,75017546
2022-03-24,325.4913336642251,325.56672250454056,326.3722403204747,324.76131169684123,325.4913336642251,96278893
2022-03-25,324.1933691307875,325.4913336642251,326.06433041520285,323.0810571735151,324.1933691307875,42152535
2022-03-28,324.74098384203324,324.1933691307875,325.00308984865427,323.78682176757025,324.74098384203324,65137338
2022-03-29,322.84930376338576,324.74098384203324,325.87116285127604,321.91990853709177,322.84930376338576,41686111
2022-03-30,319.7986332976955,322.84930376338576,324.168234451678,318.810687536976,319.7986332976955,57602200
2022-03-31,323.7745259957781,319.7986332976955,324.3444450161357,319.35106788868654,323.7745259957781,91460361
2022-04-01,319.69995083531666,323.7745259957781,323.8490584313129,319.3077600060875,319.69995083531666,32005632
2022-04-04,318.25887196638536,319.69995083531666,319.8759017568678,317.59117865914294,318.25887196638536,93981154
2022-04-05,319.1281036507029,318.25887196638536,319.7210589491513,317.1151892210809,319.1281036507029,90569357
2022-04-06,317.0963058939903,319.1281036507029,319.14187274826736,316.4924319868699,317.0963058939903,89878804
2022-04-07,316.4355864914095,317.0963058939903,317.2772514716348,314.904231260543,316.4355864914095,63308406
2022-04-08,318.8331478959786,316.4355864914095,319.0659660537102,315.78715056563976,318.8331478959786,72399475
2022-04-11,313.5810285055988,318.8331478959786,318.943374764628,313.2098831519696,313.5810285055988,46266277
2022-04-12,312.6194016133273,313.5810285055988,314.8020567680813,312.0937046244584,312.6194016133273,58902144
2022-04-13,312.4027703900839,312.6194016133273,313.22533608210745,311.5082949816703,312.4027703900839,90570359
2022-04-14,312.9926220784253,312.4027703900839,313.65108560243533,311.2827403255227,312.9926220784253,49134951
2022-04-15,308.09021539456876,312.9926220784253,313.6715691085202,308.0407537216689,308.09021539456876,67161515
2022-04-18,306.49045070665903,308.09021539456876,308.2323763330896,306.4315102345899,306.49045070665903,64407391
2022-04-19,307.73033802556574,306.49045070665903,308.024676287243,306.35504031922926,307.73033802556574,68692544
2022-04-20,305.22614036117733,307.73033802556574,308.73216061411784,304.96106677831733,305.22614036117733,70413164
2022-04-21,306.19237076311765,305.22614036117733,307.35786843610794,303.6596198982302,306.19237076311765,96195512
2022-04-22,306.71674596372816,306.19237076311765,309.2774876675905,305.8010339380218,306.71674596372816,42632575
2022-04-25,303.69332467168965,306.71674596372816,306.7969355776674,301.8978790540003,303.69332467168965,93794423
2022-04-26,301.9859559462195,303.69332467168965,304.7327721489056,300.8363270974176,301.9859559462195,49556908
2022-04-27,303.364876108001,301.9859559462195,304.60612498814044,300.4428642497333,303.364876108001,56208315
2022-04-28,303.6676452862864,303.364876108001,304.03184596493276,302.38701331600623,303.6676452862864,99981761
2022-04-29,298.9126351669944,303.6676452862864,304.28782551775413,298.3807162549229,298.9126351669944,42387038
2022-05-02,301.8041206900255,298.9126351669944,302.1380397254993,298.52545468672685,301.8041206900255,56285614
2022-05-03,300.8999571851469,301.8041206900255,302.6605873295769,299.3984182144556,300.8999571851469,90722413
2022-05-04,300.20452479611794,300.8999571851469,301.0787431467041,298.85720403428826,300.20452479611794,38610162
2022-05-05,299.6979403044488,300.20452479611794,302.0366933058712,299.43388316933846,299.6979403044488,54799257
2022-05-06,300.2568606772153,299.6979403044488,301.1363960789499,298.7493049482405,300.2568606772153,85753096
2022-05-09,295.5637309989308,300.2568606772153,301.13541441480726,295.19614087245344,295.5637309989308,64010930
2022-05-10,295.35653000098506,295.5637309989308,295.96180455331256,294.65102001896844,295.35653000098506,62701831
2022-05-11,293.6859148483225,295.35653000098506,296.9054997710012,293.0747268815787,293.6859148483225,60370045
2022-05-12,293.40549745952745,293.6859148483225,295.16842454236786,293.2104385007217,293.40549745952745,72018598
2022-05-13,294.748370557727,293.40549745952745,295.05099914105324,291.88200538135004,294.748370557727,95779491
2022-05-16,289.6492886219364,294.748370557727,296.9618463502152,289.0702936986303,289.6492886219364,68980198
2022-05-17,289.46268851224505,289.6492886219364,289.67056017881134,288.0217976699419,289.46268851224505,40070602
2022-05-18,291.81384219344386,289.46268851224505,292.6566022047977,288.72556876902803,291.81384219344386,33762288
2022-05-19,290.3956332577306,291.81384219344386,292.3685568449588,290.05040666278177,290.3956332577306,35506359
2022-05-20,287.50301729460335,290.3956332577306,292.361662605848,286.8577569948905,287.50301729460335,79637944
2022-05-23,288.3564918079726,287.50301729460335,289.74667489843506,287.4912391609341,288.3564918079726,45854463
2022-05-24,286.72210371224185,288.3564918079726,289.7360717252608,285.6158867384646,286.72210371224185,60733412
2022-05-25,287.4780865866468,286.72210371224185,288.35389499292046,286.23440639070003,287.4780865866468,55412345
2022-05-26,284.5475265664931,287.4780865866468,287.67462180420836,283.12649680069796,284.5475265664931,59322886
2022-05-27,284.99952116507666,284.5475265664931,285.08126547795223,284.2946333031136,284.99952116507666,41451235
2022-05-30,286.3831654038936,284.99952116507666,287.20825224482684,284.32922525399914,286.3831654038936,77181752
2022-05-31,282.59582864732175,286.3831654038936,287.8910604298603,282.3508170307697,282.59582864732175,31537240
2022-06-01,280.92641369568054,282.59582864732175,282.7741671913766,280.8200078670919,280.92641369568054,81264055
2022-06-02,280.97232400392267,280.92641369568054,281.2429673043777,280.40990970003475,280.97232400392267,72560028
2022-06-03,278.5552496700594,280.97232400392267,281.29972243107227,277.40401509432945,278.5552496700594,77024781
2022-06-06,281.49012209640483,278.5552496700594,281.67819921136794,277.2596528209646,281.49012209640483,43752390
2022-06-07,277.52237121135124,281.49012209640483,282.6973090860579,276.242658953898,277.52237121135124,49469836
2022-06-08,275.9994614293689,277.52237121135124,277.7747162421485,275.44549346358684,275.9994614293689,99735824
2022-06-09,274.3294392743841,275.9994614293689,276.1405879569234,272.2799665203017,274.3294392743841,94175203
2022-06-10,276.09081340981396,274.3294392743841,276.692860232247,273.7809340804295,276.09081340981396,81440499
2022-06-13,274.87500698298254,276.09081340981396,276.54979472379256,274.24363012659745,274.87500698298254,41636860
2022-06-14,272.11383580704205,274.87500698298254,275.3816759947019,271.8834972661008,272.11383580704205,43525192
2022-06-15,272.6797782702262,272.11383580704205,272.7586185479094,270.598353677143,272.6797782702262,50793917
2022-06-16,268.9559066630716,272.6797782702262,273.1276873804997,268.6300223969374,268.9559066630716,49108883
2022-06-17,271.7783955061948,268.9559066630716,272.69838005442267,267.92863383178747,271.7783955061948,57363161
2022-06-20,272.67041757237484,271.7783955061948,273.70400670145347,270.85510542344593,272.67041757237484,95202355
2022-06-21,274.9087535004465,272.67041757237484,276.08942246481894,272.1618062433738,274.9087535004465,41388312
2022-06-22,272.0565027967466,274.9087535004465,275.50484935768344,271.9784663624328,272.0565027967466,36771773
2022-06-23,271.88734481241136,272.0565027967466,272.21457036041176,271.88426662089586,271.88734481241136,85527696
2022-06-24,272.936167434292,271.88734481241136,273.46207033169844,271.688126658342,272.936167434292,88366758
2022-06-27,272.8551930088402,272.936167434292,273.3829209444708,272.8248943134928,272.8551930088402,58583664
2022-06-28,277.0575438567634,272.8551930088402,277.45784810428466,272.50557501520854,277.0575438567634,48955002
2022-06-29,277.88060577712133,277.0575438567634,278.01670249411313,276.77241130675014,277.88060577712133,78356361
2022-06-30,276.71506280926656,277.88060577712133,279.10432375442184,276.32809301178673,276.71506280926656,41346618
2022-07-01,278.4902722048283,276.71506280926656,278.87388808444666,276.0798899468662,278.4902722048283,88684377
2022-07-04,277.51302428899913,278.4902722048283,279.40940908774246,277.15805642029056,277.51302428899913,51062716
2022-07-05,277.7224094363488,277.51302428899913,278.5049224730881,276.52087057332085,277.7224094363488,34906041
2022-07-06,277.9182600922425,277.7224094363488,278.4778855347101,277.1342815255009,277.9182600922425,45491371
2022-07-07,278.4762365629335,277.9182600922425,278.6109790446686,277.14088777750754,278.4762365629335,63614320
2022-07-08,277.2738034437351,278.4762365629335,279.6226777649273,277.1307960007316,277.2738034437351,86878331
2022-07-11,280.33354498636595,277.2738034437351,280.75100226627876,276.49509345939896,280.33354498636595,92285206
2022-07-12,280.43434261519343,280.33354498636595,281.3425072922118,279.65263348166405,280.43434261519343,32645965
2022-07-13,282.0654813955771,280.43434261519343,282.9243001889335,280.1652198992661,282.0654813955771,49502335
2022-07-14,281.67711012203205,282.0654813955771,282.5726092843017,280.8804452371457,281.67711012203205,58364156
2022-07-15,281.84325588853244,281.67711012203205,282.1769392086436,279.3229272710669,281.84325588853244,86064590
2022-07-18,281.36900424859925,281.84325588853244,282.14620904780713,280.5402414600309,281.36900424859925,38087892
2022-07-19,283.22941547307164,281.36900424859925,283.94578959187265,280.3810312177272,283.22941547307164,67648786
2022-07-20,284.7015671852693,283.22941547307164,285.698486294633,282.57747298653754,284.7015671852693,49527231
2022-07-21,282.5572374153963,284.7015671852693,284.94206889543324,280.62580274079727,282.5572374153963,79909283
2022-07-22,284.8336137735351,282.5572374153963,284.98901335275536,282.3755059823409,284.8336137735351,86158418
2022-07-25,285.56872525669047,284.8336137735351,287.41682542993624,284.7930124781565,285.56872525669047,57273386
2022-07-26,284.73765234507925,285.56872525669047,285.60008383532386,283.9172517675098,284.73765234507925,55915929
2022-07-27,285.4494195111744,284.73765234507925,287.00305176071504,283.4007207369377,285.4494195111744,89437731
2022-07-28,287.1488987399352,285.4494195111744,288.15712182383203,285.0209600403989,287.1488987399352,82654469
2022-07-29,285.71703765699124,287.1488987399352,288.5041378291709,285.0530872495425,285.71703765699124,92036388
2022-08-01,288.3763947439585,285.71703765699124,289.3454130809306,284.8651792045485,288.3763947439585,31697352
2022-08-02,287.1088989931834,288.3763947439585,289.40514562173314,286.84429603316414,287.1088989931834,60522239
2022-08-03,290.46270982145376,287.1088989931834,291.9929559008462,287.07082303458753,290.46270982145376,83508155
2022-08-04,292.8380197915074,290.46270982145376,293.5251754387587,289.73761885576124,292.8380197915074,37768540
2022-08-05,288.7337990699689,292.8380197915074,293.2426335239215,288.26001421431636,288.7337990699689,91092159
2022-08-08,291.2850521113657,288.7337990699689,292.30657210741106,288.50470582233095,291.2850521113657,67470897
2022-08-09,289.9788220298685,291.2850521113657,292.86816293319043,289.505749191659,289.9788220298685,80522163
2022-08-10,293.08115828463826,289.9788220298685,293.7128170821671,289.83968252259865,293.08115828463826,67925520
2022-08-11,290.243056696186,293.08115828463826,293.27724743077766,289.7635628195929,290.243056696186,64911035
2022-08-12,293.32132393546686,290.243056696186,293.33055298235683,290.12969164795766,293.32132393546686,94488524
2022-08-15,291.8658908078948,293.32132393546686,294.55332324666267,291.8514951690632,291.8658908078948,42358837
2022-08-16,293.3687986288076,291.8658908078948,294.8121349934617,291.0796646076539,293.3687986288076,37332345
2022-08-17,292.6833618202583,293.3687986288076,293.8118061133775,292.12959331344484,292.6833618202583,45425161
2022-08-18,295.9391182848382,292.6833618202583,296.41288108579926,292.3581077339112,295.9391182848382,30116888
2022-08-19,294.01893418402324,295.9391182848382,297.230503144116,293.27634436589193,294.01893418402324,64612241
2022-08-22,296.5981231428009,294.01893418402324,296.767651383759,293.7087964600794,296.5981231428009,82312826
2022-08-23,295.79929403940076,296.5981231428009,296.85738649335724,295.58431466429005,295.79929403940076,68853433
2022-08-24,296.6664658234556,295.79929403940076,296.95756257045053,295.7256061167515,296.6664658234556,80366069
2022-08-25,297.58332253322993,296.6664658234556,297.7213850151938,296.2907809555293,297.58332253322993,96142451
2022-08-26,296.7562058708674,297.58332253322993,298.0248074719838,295.9564365079588,296.7562058708674,95947855
2022-08-29,298.7320686758679,296.7562058708674,299.7452368194012,295.5944585593781,298.7320686758679,84336343
2022-08-30,301.2328873551923,298.7320686758679,301.41125271465654,298.4762170599935,301.2328873551923,38369238
2022-08-31,298.30763643477724,301.2328873551923,301.3356900215531,297.3506037391755,298.30763643477724,88943114
2022-09-01,301.7577152149108,298.30763643477724,301.967442274492,298.0668030124516,301.7577152149108,77385220
2022-09-02,300.7023277017082,301.7577152149108,301.82320739736565,299.79632507389545,300.7023277017082,36029331
2022-09-05,295.7216152262897,300.7023277017082,301.8509018360341,294.2162259438452,295.7216152262897,37258332
2022-09-06,293.25088434828126,295.7216152262897,296.89072084000514,291.5024631492143,293.25088434828126,73267920
2022-09-07,294.31034788265237,293.25088434828126,296.2653940029319,292.6787713469791,294.31034788265237,76832793
2022-09-08,291.5332060042224,294.31034788265237,295.0321744806483,290.7823982283707,291.5332060042224,43867470
2022-09-09,293.51694908066304,291.5332060042224,294.2457436020866,291.31373118327474,293.51694908066304,74539540
2022-09-12,289.31700997274294,293.51694908066304,294.25973800428994,288.9992913639111,289.31700997274294,80264750
2022-09-13,286.5792357849734,289.31700997274294,289.5832886366299,285.20584415770264,286.5792357849734,42792226
2022-09-14,284.5584147397422,286.5792357849734,288.41315881072904,284.4953005097758,284.5584147397422,77878635
2022-09-15,286.217964725106,284.5584147397422,287.0995536870681,283.8061961840492,286.217964725106,52062225
2022-09-16,282.32472722068815,286.217964725106,286.3642925870499,282.0864254975513,282.32472722068815,70380158
2022-09-19,281.6617109496403,282.32472722068815,282.4395074702032,281.61134151651555,281.6617109496403,50859035
2022-09-20,281.40510911073915,281.6617109496403,281.8499298781224,279.7615721705396,281.40510911073915,79235877
2022-09-21,277.8589228685443,281.40510911073915,281.7165546679508,277.0948433217643,277.8589228685443,55875662
2022-09-22,276.93638857219486,277.8589228685443,277.86863546138534,276.70001340935966,276.93638857219486,78355585
2022-09-23,275.4438464435378,276.93638857219486,277.03672578192277,275.22326576095526,275.4438464435378,51141538
2022-09-26,274.8692601392732,275.4438464435378,275.97192628374967,273.48719980423255,274.8692601392732,73109504
2022-09-27,273.2045937849651,274.8692601392732,275.6790340388848,273.1800425441842,273.2045937849651,44940589
2022-09-28,270.56855930330386,273.2045937849651,273.5576601320559,270.2993376654296,270.56855930330386,96307390
2022-09-29,269.4190474028153,270.56855930330386,271.6486547192973,269.3848988582818,269.4190474028153,61060268
2022-09-30,267.30218790357003,269.4190474028153,270.04221286156167,266.978094233834,267.30218790357003,62449720
2022-10-03,264.2994720155879,267.30218790357003,267.5816252296545,264.2705262896826,264.2994720155879,46658029
2022-10-04,265.074311001576,264.2994720155879,265.8647648143576,262.7438316073488,265.074311001576,76085088
2022-10-05,265.6901243572563,265.074311001576,265.7238149265377,263.8435393777508,265.6901243572563,84016133
2022-10-06,260.5104674575959,265.6901243572563,265.8384975875939,260.2372202100525,260.5104674575959,78053692
2022-10-07,259.12787935771007,260.5104674575959,261.4863371350422,257.90878657706264,259.12787935771007,40326676
2022-10-10,257.47414899126466,259.12787935771007,259.73850067103484,257.2051751939137,257.47414899126466,76077833
2022-10-11,257.9980086329188,257.47414899126466,258.5026157053047,256.9177199176417,257.9980086329188,72137477
2022-10-12,256.10634824864496,257.9980086329188,258.0754295981629,254.99777623061186,256.10634824864496,99085441
2022-10-13,253.7986571306311,256.10634824864496,257.24360109632397,253.20132123505786,253.7986571306311,80753840
2022-10-14,253.57356314948956,253.7986571306311,254.18602748128396,253.1420860631575,253.57356314948956,98014486
2022-10-17,255.60371903869202,253.57356314948956,256.8522824090995,253.08424065841058,255.60371903869202,39950069
2022-10-18,254.2240669660075,255.60371903869202,256.9605992305582,253.9267276478521,254.2240669660075,34084584
2022-10-19,257.1557112203309,254.2240669660075,257.2053246189488,253.85928055315625,257.1557112203309,78103383
2022-10-20,258.8373071375019,257.1557112203309,259.77901468253333,257.12978860747273,258.8373071375019,42360374
2022-10-21,256.84023608714455,258.8373071375019,259.34091141863223,256.54463014391723,256.84023608714455,95928740
2022-10-24,257.21385631322875,256.84023608714455,257.2464682509865,256.7481939972836,257.21385631322875,73921435
2022-10-25,261.99567513409136,257.21385631322875,262.1256654167433,256.7236273822912,261.99567513409136,85452333
2022-10-26,259.8883292927372,261.99567513409136,262.55116610515375,259.1371228093993,259.8883292927372,81764862
2022-10-27,262.91341754148374,259.8883292927372,264.28691692567065,258.0288214371777,262.91341754148374,54653594
2022-10-28,261.96955963202066,262.91341754148374,265.1554856366234,261.8272240550959,261.96955963202066,40312340
2022-10-31,262.70138453921516,261.96955963202066,262.92093831714226,260.7754671315134,262.70138453921516,96831577
2022-11-01,264.2350960558507,262.70138453921516,264.514952135,262.12600538581273,264.2350960558507,58577196
2022-11-02,263.2313535113812,264.2350960558507,264.31231929885706,263.05153297299125,263.2313535113812,35105277
2022-11-03,265.31851049880567,263.2313535113812,265.5252096942186,262.6517141269887,265.31851049880567,46607234
2022-11-04,265.37855135794956,265.31851049880567,266.04099232401353,264.52467282528437,265.37855135794956,92846138
2022-11-07,264.868165026592,265.37855135794956,266.2423330563115,264.77336131112844,264.868165026592,31964806
2022-11-08,267.8225938936128,264.868165026592,268.7350097094274,263.6167151413999,267.8225938936128,33476669
2022-11-09,267.76130279146537,267.8225938936128,268.14819119798904,266.9732111801497,267.76130279146537,72720352
2022-11-10,268.64605662347645,267.76130279146537,269.06488212136827,267.1588643378738,268.64605662347645,92591705
2022-11-11,267.96870304827775,268.64605662347645,270.72400124450877,267.2875775640248,267.96870304827775,63949629
2022-11-14,272.4939757542531,267.96870304827775,272.85763930978646,266.77721903581005,272.4939757542531,87724755
2022-11-15,272.2740377429188,272.4939757542531,272.5252536611814,271.50863892297065,272.2740377429188,36548112
2022-11-16,273.138997011716,272.2740377429188,274.24248375043237,272.1897284194972,273.138997011716,42598788
2022-11-17,272.155151076958,273.138997011716,273.44473984362816,271.5736635444119,272.155151076958,53201726
2022-11-18,270.95123378271575,272.155151076958,273.36243698495,267.8165648225549,270.95123378271575,38989181
2022-11-21,276.73319764754854,270.95123378271575,278.5842742870763,270.07800675664834,276.73319764754854,82459014
2022-11-22,274.71605202399996,276.73319764754854,277.33050332815935,273.3281092823059,274.71605202399996,59362147
2022-11-23,274.5112249667404,274.71605202399996,275.23123315211154,274.0259756319325,274.5112249667404,95463094
2022-11-24,276.86149588932165,274.5112249667404,277.6448692910737,274.4855187009993,276.86149588932165,66016706
2022-11-25,278.6452004514971,276.86149588932165,278.6526159796151,275.10283887339307,278.6452004514971,72772996
2022-11-28,277.73941464196247,278.6452004514971,279.59289102790376,276.90873147993943,277.73941464196247,51416720
2022-11-29,280.29479296243903,277.73941464196247,281.40882438361297,277.31896888703557,280.29479296243903,98641849
2022-11-30,280.7693201998663,280.29479296243903,281.5823700749132,279.7044386798685,280.7693201998663,85945190
2022-12-01,278.4930663376371,280.7693201998663,281.37661510330713,277.2375686185484,278.4930663376371,74231491
2022-12-02,279.36814105503663,278.4930663376371,281.0596319908098,277.2600067355845,279.36814105503663,33835635
2022-12-05,281.96854433222694,279.36814105503663,283.08735421445135,279.2081637364497,281.96854433222694,36645531
2022-12-06,277.1271270392725,281.96854433222694,282.0476013968635,277.0181159274432,277.1271270392725,78754353
2022-12-07,281.03982793148674,277.1271270392725,281.37036829121286,276.8417752762372,281.03982793148674,75040489
2022-12-08,279.54815794896274,281.03982793148674,281.7690386953333,279.2516853994775,279.54815794896274,49705410
2022-12-09,281.2033569861046,279.54815794896274,282.2791682091651,279.38918461948396,281.2033569861046,77477881
2022-12-12,281.7658835306354,281.2033569861046,282.76828171848996,280.8174891130217,281.7658835306354,71374366
2022-12-13,281.99397981620564,281.7658835306354,282.69791463570937,281.6484077382032,281.99397981620564,80941284
2022-12-14,282.03156807318453,281.99397981620564,282.7258797127938,281.6406288911175,282.03156807318453,88385675
2022-12-15,281.57185602099423,282.03156807318453,282.85580597518424,281.4929889890097,281.57185602099423,81258371
2022-12-16,286.6855679984446,281.57185602099423,288.3913817591553,281.0148278633633,286.6855679984446,66031965
2022-12-19,286.3994617184039,286.6855679984446,286.88469562002155,286.39602384207006,286.3994617184039,82323045
2022-12-20,282.41200338966723,286.3994617184039,286.9612851932137,281.80674937110524,282.41200338966723,52171904
2022-12-21,286.62457225575974,282.41200338966723,287.9377032899977,281.7508402286458,286.62457225575974,97951919
2022-12-22,284.1188858409051,286.62457225575974,288.4455526245563,283.8323661481623,284.1188858409051,50011923
2022-12-23,285.1840921494977,284.1188858409051,286.23176462734807,284.0170947147895,285.1840921494977,47634833
2022-12-26,285.22223574158454,285.1840921494977,286.09919694078866,285.1539550584632,285.22223574158454,84963909
2022-12-27,284.68279647170914,285.22223574158454,286.07342878190747,283.9001646101054,284.68279647170914,91400752
2022-12-28,287.3441013974994,284.68279647170914,287.87768974148753,284.25708402483383,287.3441013974994,30223819
2022-12-29,286.43017509688787,287.3441013974994,288.0240328633911,286.26102210158285,286.43017509688787,78976784
2022-12-30,285.87969116391866,286.43017509688787,287.31314140798565,285.7784659846855,285.87969116391866,32813620
2023-01-02,285.0037295165487,285.87969116391866,286.96999420947355,284.48334552109736,285.0037295165487,86827029
2023-01-03,285.90435340998766,285.0037295165487,286.83966563120515,284.94068031928964,285.90435340998766,71214545
2023-01-04,285.140516083822,285.90435340998766,286.800646828349,284.2827665783861,285.140516083822,57771913
2023-01-05,287.83009045014126,285.140516083822,288.6400040936588,284.98097464701704,287.83009045014126,50523799
2023-01-06,286.4010536311153,287.83009045014126,289.2105070945249,286.20637200308744,286.4010536311153,97354835
2023-01-09,288.0545119483522,286.4010536311153,289.31347518760185,285.79503329970174,288.0545119483522,32307723
2023-01-10,290.72808455114995,288.0545119483522,291.273001359963,286.35309592191516,290.72808455114995,86786179
2023-01-11,290.7958626639882,290.72808455114995,291.21373860786167,290.1625983341988,290.7958626639882,56728361
2023-01-12,289.3282993688453,290.7958626639882,291.54050329629115,287.88068851177826,289.3282993688453,51239172
2023-01-13,289.56136321697704,289.3282993688453,289.79053865925295,288.581672542905,289.56136321697704,86529817
2023-01-16,292.7258180966605,289.56136321697704,292.93752567383416,289.4616234814136,292.7258180966605,83276387
2023-01-17,291.06841005595817,292.7258180966605,292.8901025027844,290.8037923529476,291.06841005595817,51569466
2023-01-18,290.14865623799193,291.06841005595817,291.79526655985,289.67378114911605,290.14865623799193,94895058
2023-01-19,288.86308927025135,290.14865623799193,290.3474319693731,287.24108146441483,288.86308927025135,58895223
2023-01-20,291.82357787395244,288.86308927025135,292.02628530333044,288.5558051403425,291.82357787395244,77753367
2023-01-23,292.7714985622184,291.82357787395244,293.77846143111316,291.3422867686293,292.7714985622184,76446302
2023-01-24,290.9531835564129,292.7714985622184,293.46596972202366,290.8112429562811,290.9531835564129,93642804
2023-01-25,292.6129290250845,290.9531835564129,293.302925490273,290.71746817216274,292.6129290250845,98109885
2023-01-26,291.9682740561868,292.6129290250845,293.62172345322614,290.74321201539414,291.9682740561868,92663603
2023-01-27,292.5430650655477,291.9682740561868,293.0036383512301,291.748549248754,292.5430650655477,31065272
2023-01-30,289.47878579688523,292.5430650655477,293.31406125244746,288.2135282619075,289.47878579688523,64548106
2023-01-31,293.1121050967352,289.47878579688523,294.2388998234109,288.72493557495164,293.1121050967352,92910572
2023-02-01,295.17376116291183,293.1121050967352,295.23725865870836,292.6753373312273,295.17376116291183,78669557
2023-02-02,293.13414093001853,295.17376116291183,295.9745337972482,293.039183220955,293.13414093001853,88601564
2023-02-03,294.4523122482169,293.13414093001853,295.15070989446747,292.72015938886517,294.4523122482169,98703330
2023-02-06,293.5736538806086,294.4523122482169,295.17183779676327,293.24713167438796,293.5736538806086,78742591
2023-02-07,295.53165147253185,293.5736538806086,297.2185102938945,293.55542948913836,295.53165147253185,48286924
2023-02-08,294.992789966138,295.53165147253185,296.26602032485204,294.87623809016185,294.992789966138,53227598
2023-02-09,294.2366835976794,294.992789966138,296.2846695954514,293.71457096823684,294.2366835976794,58180435
2023-02-10,297.9092597498107,294.2366835976794,298.3227243857958,293.1869888299031,297.9092597498107,44916174
2023-02-13,297.62598054504457,297.9092597498107,298.31606289041093,296.3650059687393,297.62598054504457,93244609
2023-02-14,295.66553668911274,297.62598054504457,297.84231424342875,293.57144220594625,295.66553668911274,65522979
2023-02-15,297.613904521792,295.66553668911274,298.1404661728202,294.8873193837454,297.613904521792,42877297
2023-02-16,297.98606064794086,297.613904521792,299.1483640920568,296.02645379871103,297.98606064794086,36934859
2023-02-17,298.45542308707917,297.98606064794086,300.51911445488673,297.78566532357615,298.45542308707917,98760871
2023-02-20,295.28964707986984,298.45542308707917,299.5628764599327,295.1403374877981,295.28964707986984,49022357
2023-02-21,299.62547287522676,295.28964707986984,300.1147207868783,294.94248688680295,299.62547287522676,74780929
2023-02-22,297.58740232875925,299.62547287522676,299.6956832224994,296.7041228002294,297.58740232875925,40127901
2023-02-23,298.2154945244221,297.58740232875925,298.68729828007883,297.5588113125344,298.2154945244221,41964739
2023-02-24,303.00695755767657,298.2154945244221,304.40947504981057,298.1071354807992,303.00695755767657,60612404
2023-02-27,299.82686671676674,303.00695755767657,304.12594270508424,299.1633933093173,299.82686671676674,64310036
2023-02-28,299.10861991569715,299.82686671676674,299.8374233536478,298.32188746580704,299.10861991569715,70026184
2023-03-01,296.6920584408661,299.10861991569715,299.58190425744124,295.87425231506063,296.6920584408661,75566791
2023-03-02,303.0000542197102,296.6920584408661,304.4644559977621,295.1819707425059,303.0000542197102,44947565
2023-03-03,299.7881381331434,303.0000542197102,303.83624180627555,299.3583508236275,299.7881381331434,59844443
2023-03-06,301.2084311142485,299.7881381331434,301.34232898504797,299.0708857430204,301.2084311142485,53790913
2023-03-07,303.1333106004757,301.2084311142485,303.93964372254834,301.01093627165494,303.1333106004757,46916890
2023-03-08,306.7022634100891,303.1333106004757,307.4526949368437,303.0856827436015,306.7022634100891,61840906
2023-03-09,306.63549379781676,306.7022634100891,307.02417442203375,305.5651872065263,306.63549379781676,45424557
2023-03-10,306.12185799629015,306.63549379781676,307.2330478749903,305.4745466340671,306.12185799629015,70155261
2023-03-13,307.7463759886814,306.12185799629015,308.0627864501448,305.5693211180916,307.7463759886814,75419039
2023-03-14,307.2566784096213,307.7463759886814,308.74202124804236,306.79995639943905,307.2566784096213,69247263
2023-03-15,309.30673752023733,307.2566784096213,310.2325771340067,306.18251619097214,309.30673752023733,93801798
2023-03-16,310.11367195440613,309.30673752023733,311.27838658199676,308.1075920319372,310.11367195440613,76867093
2023-03-17,312.41508774692284,310.11367195440613,314.2205458538006,308.81501801564167,312.41508774692284,34416717
2023-03-20,313.326100436348,312.41508774692284,313.94456679952344,311.4719933728252,313.326100436348,79093525
2023-03-21,313.4996737249034,313.326100436348,314.73258518440093,312.5563443976198,313.4996737249034,93663680
2023-03-22,313.06813678475726,313.4996737249034,315.13807375197337,311.6089936868793,313.06813678475726,68238018
2023-03-23,315.71213869935906,313.06813678475726,316.7304083315343,312.7064416225213,315.71213869935906,66116338
2023-03-24,315.3094861010343,315.71213869935906,316.0354006341723,315.2676191936948,315.3094861010343,55697420
2023-03-27,314.65224454403557,315.3094861010343,315.5494773595821,313.5712095412784,314.65224454403557,43217141
2023-03-28,316.63296618465034,314.65224454403557,316.7841917151344,313.99250960388645,316.63296618465034,77546693
2023-03-29,318.31629292874777,316.63296618465034,319.28360160073765,314.50053965368494,318.31629292874777,93649185
2023-03-30,320.54311700030144,318.31629292874777,320.71575815803305,317.4007759471179,320.54311700030144,58650464
2023-03-31,319.7063549245486,320.54311700030144,322.7972279143515,319.559084133003,319.7063549245486,42597904
2023-04-03,318.9688766133292,319.7063549245486,319.834647241239,317.8453683476231,318.9688766133292,36018354
2023-04-04,321.9094843449413,318.9688766133292,322.93488010539187,318.41299311508425,321.9094843449413,65628930
2023-04-05,322.9103495191822,321.9094843449413,323.69041037107024,320.52274176538265,322.9103495191822,89699669
2023-04-06,323.93708270858804,322.9103495191822,323.9725026243788,322.70201224748405,323.93708270858804,43675703
2023-04-07,326.0381551417988,323.93708270858804,326.61227995401043,323.0371198049596,326.0381551417988,69982076
2023-04-10,327.1126114543281,326.0381551417988,327.4383802170742,326.0345643970522,327.1126114543281,71350461
2023-04-11,325.3939922582499,327.1126114543281,327.6131906385224,324.396602465671,325.3939922582499,39216686
2023-04-12,326.2644925231926,325.3939922582499,326.8249360124462,325.0644588638342,326.2644925231926,62726475
2023-04-13,326.47494666065944,326.2644925231926,326.63786307782595,325.8699484191228,326.47494666065944,66356628
2023-04-14,330.24077851200695,326.47494666065944,331.4655143952695,326.3891244070787,330.24077851200695,92975079
2023-04-17,332.3905531787572,330.24077851200695,334.4546464008787,329.77306177564606,332.3905531787572,96457356
2023-04-18,330.38777353745974,332.3905531787572,333.2425060517869,330.2497804115316,330.38777353745974,52514384
2023-04-19,331.4176265630699,330.38777353745974,333.2696807454225,330.23842085682696,331.4176265630699,88673759
2023-04-20,335.16746552647743,331.4176265630699,335.80030280419084,330.65299627897656,335.16746552647743,51989468
2023-04-21,334.479726055136,335.16746552647743,335.87320981303964,334.0452607073762,334.479726055136,59147709
2023-04-24,335.2751579062127,334.479726055136,336.6214749250131,332.21349800992374,335.2751579062127,94144925
2023-04-25,333.4570536786168,335.2751579062127,336.17671280545903,332.2281312292981,333.4570536786168,72608397
2023-04-26,337.5051335710608,333.4570536786168,337.99680103794043,331.9826657494931,337.5051335710608,90080564
2023-04-27,335.70586553486766,337.5051335710608,339.2647889073918,333.3220494471461,335.70586553486766,99200905
2023-04-28,336.2642931401463,335.70586553486766,337.2479659225952,335.6291308064987,336.2642931401463,30534983
2023-05-01,338.5029736448455,336.2642931401463,339.8649031571406,335.3629640462942,338.5029736448455,95055134
2023-05-02,339.0041523701372,338.5029736448455,340.5581286647638,337.97496807057615,339.0041523701372,81181522
2023-05-03,340.5313641572982,339.0041523701372,341.75397039802584,337.96511271664434,340.5313641572982,53201142
2023-05-04,339.3554132064483,340.5313641572982,340.9728156457895,339.29468090777544,339.3554132064483,30632338
2023-05-05,344.3703352160833,339.3554132064483,344.4175594997843,339.18940602256913,344.3703352160833,63471860
2023-05-08,345.57393372421456,344.3703352160833,346.0285616395237,343.58918430603904,345.57393372421456,44756543
2023-05-09,341.190714555912,345.57393372421456,345.8662362685085,340.64630131040605,341.190714555912,96382705
2023-05-10,347.14460893706035,341.190714555912,348.78987334233,340.8972499515003,347.14460893706035,75134585
2023-05-11,344.9599481456271,347.14460893706035,347.393059770756,344.26640555364685,344.9599481456271,54964851
2023-05-12,348.7607484323974,344.9599481456271,351.0279994400001,344.92745712316025,348.7607484323974,42219830
2023-05-15,348.06265906049435,348.7607484323974,349.7002491892797,346.069537824704,348.06265906049435,92265608
2023-05-16,349.1411355300323,348.06265906049435,349.161749612775,347.3381749061271,349.1411355300323,31325562
2023-05-17,349.67607911351286,349.1411355300323,350.06742819007695,348.482501207849,349.67607911351286,71036672
2023-05-18,353.0358266947005,349.67607911351286,354.1851082200137,349.62414734191105,353.0358266947005,94884137
2023-05-19,349.63763381433097,353.0358266947005,353.1979588214102,348.7200923483327,349.63763381433097,51255004
2023-05-22,353.79928205195085,349.63763381433097,354.24223447387095,349.29924635933355,353.79928205195085,81346096
2023-05-23,355.5837156097365,353.79928205195085,356.1429387554028,353.49956691502535,355.5837156097365,65234658
2023-05-24,355.81533014277625,355.5837156097365,358.13217061860706,354.60625895101276,355.81533014277625,80689122
2023-05-25,359.586169434093,355.81533014277625,360.0872176688869,354.7057825963545,359.586169434093,49866653
2023-05-26,355.42114940459965,359.586169434093,360.82688929677397,355.11128823803017,355.42114940459965,49895586
2023-05-29,358.9828217967239,355.42114940459965,359.0540018938467,353.30726818917225,358.9828217967239,48308670
2023-05-30,357.99181949852493,358.9828217967239,360.7900012004707,355.422549745065,357.99181949852493,33738086
2023-05-31,361.30543363708773,357.99181949852493,363.90515191464556,357.17203314069343,361.30543363708773,73038634
2023-06-01,359.98615980770154,361.30543363708773,361.8810854677242,359.9122633126554,359.98615980770154,86838431
2023-06-02,359.4530448988734,359.98615980770154,361.0581903286143,358.4328475902105,359.4530448988734,96769476
2023-06-05,362.65593916727784,359.4530448988734,363.25302137014273,358.47739968391426,362.65593916727784,37002363
2023-06-06,359.5686167780863,362.65593916727784,362.9626746158148,359.34178158877756,359.5686167780863,35332129
2023-06-07,358.05887325289143,359.5686167780863,360.06104387937734,357.4809288080561,358.05887325289143,74741534
2023-06-08,359.8252936145175,358.05887325289143,360.57922670166033,356.2007760841325,359.8252936145175,71896045
2023-06-09,362.0261639990712,359.8252936145175,362.5259748027221,358.93534855879966,362.0261639990712,52361952
2023-06-12,363.5736578371455,362.0261639990712,363.58127643180404,361.0222971216202,363.5736578371455,88739331
2023-06-13,361.4128275990203,363.5736578371455,364.26757282027995,361.15648549830746,361.4128275990203,77605059
2023-06-14,363.7453787919342,361.4128275990203,364.18311535830867,360.5224497103422,363.7453787919342,75037975
2023-06-15,359.0601474525413,363.7453787919342,365.76960802893734,358.4624553132773,359.0601474525413,80666906
2023-06-16,360.86509856778764,359.0601474525413,361.96926847797704,358.0953293052982,360.86509856778764,64572412
2023-06-19,361.29612319714846,360.86509856778764,361.87568258933373,360.0460579565364,361.29612319714846,56897727
2023-06-20,361.7623617634608,361.29612319714846,362.8797374493277,359.9941425933459,361.7623617634608,51217432
2023-06-21,362.2734739302409,361.7623617634608,362.6767538946423,360.8531715434804,362.2734739302409,72858349
2023-06-22,363.5242182569126,362.2734739302409,364.0785183266041,362.14799256007456,363.5242182569126,71977634
2023-06-23,361.6181985174971,363.5242182569126,364.33973224337905,361.01780608697857,361.6181985174971,61763931
2023-06-26,362.8277997332416,361.6181985174971,362.96417214226796,360.65283036183814,362.8277997332416,93640778
2023-06-27,362.64543621254865,362.8277997332416,363.28714614617377,362.33387466287917,362.64543621254865,55973768
2023-06-28,361.19885884862174,362.64543621254865,363.9599621737138,359.28570280086257,361.19885884862174,64739891
2023-06-29,362.8239807673946,361.19885884862174,363.3413569710608,360.9310096329515,362.8239807673946,99900818
2023-06-30,362.9209455354823,362.8239807673946,363.7949191082449,362.6909671546977,362.9209455354823,56372198
2023-07-03,363.0334369735778,362.9209455354823,365.14909838302975,361.6031259326611,363.0334369735778,43958389
2023-07-04,363.5425688911659,363.0334369735778,364.0348512242894,362.9344150986265,363.5425688911659,41217492
2023-07-05,363.7739518920243,363.5425688911659,363.9415008528898,361.91316537410046,363.7739518920243,30772446
2023-07-06,363.0015600567904,363.7739518920243,364.26649035463225,362.41259560451357,363.0015600567904,69299305
2023-07-07,366.25534908409014,363.0015600567904,367.5043088893056,360.4393645796438,366.25534908409014,99053784
2023-07-10,361.9619227636554,366.25534908409014,367.6128567019514,360.68321580977005,361.9619227636554,36768219
2023-07-11,362.92938474184723,361.9619227636554,363.62307240587853,360.970805706951,362.92938474184723,53214169
2023-07-12,369.4589488759528,362.92938474184723,371.18622563287647,361.8935850695856,369.4589488759528,60967131
2023-07-13,362.65347939386055,369.4589488759528,370.21178274488705,360.57441051978293,362.65347939386055,64018256
2023-07-14,362.2284185590709,362.65347939386055,362.761324334478,361.5079571434957,362.2284185590709,96685744
2023-07-17,366.1883484863356,362.2284185590709,366.23158334310983,361.58868169649884,366.1883484863356,92924768
2023-07-18,361.20925626686267,366.1883484863356,366.47824716212733,360.2977937960427,361.20925626686267,37162039
2023-07-19,364.72196202800484,361.20925626686267,366.3135518632926,359.32166064020294,364.72196202800484,59940001
2023-07-20,369.22241204118137,364.72196202800484,369.3451818664293,364.70908606130524,369.22241204118137,81727574
2023-07-21,362.6315261786106,369.22241204118137,370.8024593793781,362.5917517273382,362.6315261786106,83516445
2023-07-24,361.9829694666004,362.6315261786106,363.02135587197046,361.38351664458537,361.9829694666004,43839379
2023-07-25,363.0158913473289,361.9829694666004,365.3340917252373,361.36473694180575,363.0158913473289,71594326
2023-07-26,367.5526805739076,363.0158913473289,369.5943476866842,359.3840341976423,367.5526805739076,55816722
2023-07-27,368.11928829961045,367.5526805739076,369.0232590124138,366.8399692377424,368.11928829961045,43671404
2023-07-28,365.2735400588658,368.11928829961045,368.7231936484339,363.72537720337215,365.2735400588658,32647107
2023-07-31,367.61515726732927,365.2735400588658,368.7046120706176,364.8348763876044,367.61515726732927,77262347
2023-08-01,369.0628997251905,367.61515726732927,370.46996563524215,367.296553576343,369.0628997251905,35497724
2023-08-02,369.94346842645473,369.0628997251905,370.3070779640125,369.04586278766686,369.94346842645473,86309966
2023-08-03,366.3663805183815,369.94346842645473,370.9113406416041,364.08188124667055,366.3663805183815,76647508
2023-08-04,362.7468450756086,366.3663805183815,366.5490970373597,362.40965132477015,362.7468450756086,50118640
2023-08-07,365.6144017962131,362.7468450756086,368.55353432208176,361.5333151335064,365.6144017962131,92919876
2023-08-08,366.4889595693007,365.6144017962131,367.153602536706,364.06845670733395,366.4889595693007,64762270
2023-08-09,366.94854046840715,366.4889595693007,368.8689607554809,365.69859304920095,366.94854046840715,72397613
2023-08-10,367.23049476754005,366.94854046840715,367.2981012113435,365.47839934757616,367.23049476754005,87235745
2023-08-11,369.78451302210436,367.23049476754005,371.6199499841228,365.84302252586826,369.78451302210436,69363839
2023-08-14,370.2229638030284,369.78451302210436,370.75924888418666,368.9813385582281,370.2229638030284,68440872
2023-08-15,367.71439749592173,370.2229638030284,370.5725607882169,367.5851212107592,367.71439749592173,35422062
2023-08-16,370.2040289763681,367.71439749592173,371.3716396905144,365.4804924710298,370.2040289763681,34754646
2023-08-17,368.99202635021226,370.2040289763681,371.2282568523529,367.93641955072536,368.99202635021226,70499757
2023-08-18,368.60369585303164,368.99202635021226,369.0193660503163,367.94887175965687,368.60369585303164,32441754
2023-08-21,370.3072893441277,368.60369585303164,370.6958318403832,368.2209018499753,370.3072893441277,76347946
2023-08-22,368.9211071859175,370.3072893441277,373.0520032136231,368.8454113695451,368.9211071859175,81136244
2023-08-23,372.7354319819948,368.9211071859175,373.9130390206027,367.2184680430728,372.7354319819948,49738054
2023-08-24,366.43638666491546,372.7354319819948,373.28838272964725,366.29856958884744,366.43638666491546,37768364
2023-08-25,368.29130948402485,366.43638666491546,369.76272255881804,366.41977215689354,368.29130948402485,52167313
2023-08-28,369.1602628251714,368.29130948402485,370.2024759515813,366.54713849603183,369.1602628251714,97911416
2023-08-29,370.3574432666872,369.1602628251714,370.3836845501049,368.4312943356708,370.3574432666872,44388243
2023-08-30,372.0407754458572,370.3574432666872,373.39816522185157,369.4526716789641,372.0407754458572,65953593
2023-08-31,369.80336598286107,372.0407754458572,372.529583744439,369.58301969428834,369.80336598286107,35149657
2023-09-01,367.3688751484135,369.80336598286107,369.80504618772494,366.26396700980104,367.3688751484135,33216165
2023-09-04,372.17662767427703,367.3688751484135,372.3471552218798,367.36759561725637,372.17662767427703,49507652
2023-09-05,372.6320888482312,372.17662767427703,373.17171164107043,371.404318244694,372.6320888482312,53322360
2023-09-06,368.23579047713844,372.6320888482312,373.09437389855367,366.74033723813716,368.23579047713844,33205517
2023-09-07,372.45445399414075,368.23579047713844,373.4070873682366,366.6066851609215,372.45445399414075,96827416
2023-09-08,370.1106969696925,372.45445399414075,373.1359441019339,369.7834109588328,370.1106969696925,36414319
2023-09-11,372.4504326801288,370.1106969696925,372.6118763573178,369.0145224656418,372.4504326801288,41633288
2023-09-12,372.61805067746116,372.4504326801288,372.65557441222904,372.09428935694996,372.61805067746116,98476626
2023-09-13,376.4401369766275,372.61805067746116,377.67039586085235,371.2972716190971,376.4401369766275,85997875
2023-09-14,375.757832657811,376.4401369766275,376.56874015407095,375.51277895638356,375.757832657811,65180263
2023-09-15,373.73594615627036,375.757832657811,375.77478000364476,373.3528683621432,373.73594615627036,79649799
2023-09-18,378.4271396486789,373.73594615627036,379.1079105969092,372.9202784369605,378.4271396486789,77064591
2023-09-19,374.6791340876181,378.4271396486789,378.91615069212656,372.1995804384269,374.6791340876181,63977095
2023-09-20,378.62391506399007,374.6791340876181,379.0212747056829,373.8545313176195,378.62391506399007,47687830
2023-09-21,377.0743998022104,378.62391506399007,379.64708008496257,376.25367666463154,377.0743998022104,50449864
2023-09-22,378.5373892242786,377.0743998022104,379.1950549782338,375.7314939136386,378.5373892242786,72622687
2023-09-25,380.80388036685144,378.5373892242786,381.3268958024047,377.27249399640806,380.80388036685144,35080308
2023-09-26,381.4534956645186,380.80388036685144,382.3599864043705,380.5449443606473,381.4534956645186,61426285
2023-09-27,383.6243633809216,381.4534956645186,383.914628539476,381.3068705697955,383.6243633809216,38432657
2023-09-28,381.5353296700886,383.6243633809216,384.6673054361563,380.3414569470793,381.5353296700886,48910763
2023-09-29,382.8934849188184,381.5353296700886,384.3942980395076,380.85333694952664,382.8934849188184,33130510
2023-10-02,382.0849783111812,382.8934849188184,384.84446189010976,381.9460020852523,382.0849783111812,99405172
2023-10-03,383.8874621364451,382.0849783111812,384.7906933870133,381.4491886689405,383.8874621364451,51726734
2023-10-04,384.9979974322132,383.8874621364451,386.45930973277245,381.75418894886616,384.9979974322132,80780024
2023-10-05,384.58009774732045,384.9979974322132,387.17607183949593,384.2950250704718,384.58009774732045,31087766
2023-10-06,381.90892695180634,384.58009774732045,386.362164689182,381.30113058266005,381.90892695180634,80154944
2023-10-09,386.63973882991866,381.90892695180634,387.97625650323874,380.10455895189233,386.63973882991866,79748949
2023-10-10,387.32010999430327,386.63973882991866,387.4149658821999,385.2087532614427,387.32010999430327,91569905
2023-10-11,385.9138487384863,387.32010999430327,387.74608763732573,385.62171584495843,385.9138487384863,87144096
2023-10-12,385.35543098620093,385.9138487384863,386.1284901502085,384.9633607142389,385.35543098620093,57153932
2023-10-13,391.3281498884789,385.35543098620093,392.0699910603885,384.2101770227934,391.3281498884789,55315699
2023-10-16,390.03297361311695,391.3281498884789,392.38990201448496,389.3612611112791,390.03297361311695,39426877
2023-10-17,389.2459521143656,390.03297361311695,390.9875259499707,387.10141457481535,389.2459521143656,44366904
2023-10-18,388.08872890419605,389.2459521143656,390.0045203070225,386.48522711080653,388.08872890419605,37257519
2023-10-19,389.3167450161395,388.08872890419605,391.31083662016283,386.5753290847239,389.3167450161395,79120170
2023-10-20,394.0885327383238,389.3167450161395,394.7792466966812,388.68341303267357,394.0885327383238,77797058
2023-10-23,392.42376945174817,394.0885327383238,397.68343231916754,392.3826112272467,392.42376945174817,93240190
2023-10-24,391.687962475344,392.42376945174817,393.563383341075,390.17260758346794,391.687962475344,92979400
2023-10-25,394.38713489557034,391.687962475344,395.74517085897213,390.75701330125895,394.38713489557034,75692264
2023-10-26,392.39563557073075,394.38713489557034,395.08040923015903,392.32352968211745,392.39563557073075,95432275
2023-10-27,397.5766633635917,392.39563557073075,398.1838167741014,390.3962696511689,397.5766633635917,51118276
2023-10-30,397.9041112108843,397.5766633635917,398.6852236693318,395.2645242685779,397.9041112108843,56236135
2023-10-31,394.92269608830406,397.9041112108843,399.25176078980985,394.2161790881796,394.92269608830406,88725356
2023-11-01,395.2153205949242,394.92269608830406,395.45275073601675,392.807854437446,395.2153205949242,74714820
2023-11-02,391.87892170321174,395.2153205949242,397.5734336353197,391.61062077928784,391.87892170321174,32664131
2023-11-03,394.7462413119536,391.87892170321174,395.4441564931667,390.69000559418674,394.7462413119536,52964132
2023-11-06,395.6400867327957,394.7462413119536,395.9180876870491,393.8619881907898,395.6400867327957,63387408
2023-11-07,399.1927296570617,395.6400867327957,399.48646796134324,394.8512767525157,399.1927296570617,61278747
2023-11-08,398.88674697658905,399.1927296570617,400.5363742062341,396.98584843065714,398.88674697658905,86520773
2023-11-09,397.46214030556376,398.88674697658905,399.2288389381075,396.8546255509989,397.46214030556376,75491433
2023-11-10,400.2058212841383,397.46214030556376,400.39973721197185,395.86165154429796,400.2058212841383,95659311
2023-11-13,402.3987881678553,400.2058212841383,402.9204431201466,399.4107266816643,402.3987881678553,35657653
2023-11-14,403.0609570933304,402.3987881678553,406.01248054245724,401.4290318056273,403.0609570933304,51391395
2023-11-15,398.79120221153255,403.0609570933304,404.07500647489684,398.16322335708537,398.79120221153255,34364190
2023-11-16,402.9721703212707,398.79120221153255,404.3979960342404,398.1073446366005,402.9721703212707,56384320
2023-11-17,401.0528695849612,402.9721703212707,404.00755873036326,399.57476805079614,401.0528695849612,83160186
2023-11-20,406.2851113421398,401.0528695849612,406.30200727872136,399.56142597837754,406.2851113421398,89103902
2023-11-21,406.6651211648145,406.2851113421398,407.7206721989677,404.4589225669697,406.6651211648145,95083932
2023-11-22,403.87069400321724,406.6651211648145,407.60238909367234,401.0355261877057,403.87069400321724,34098104
2023-11-23,404.7514420157389,403.87069400321724,405.3803860495636,403.65584757099407,404.7514420157389,79009643
2023-11-24,405.9845758857169,404.7514420157389,408.1595261366946,404.4443658445458,405.9845758857169,73918496
2023-11-27,402.94796176719746,405.9845758857169,407.20675034164424,402.1115254014652,402.94796176719746,93748873
2023-11-28,408.8394796647214,402.94796176719746,410.65776444619075,402.35567382538727,408.8394796647214,78845029
2023-11-29,408.2115784925956,408.8394796647214,410.49022017270016,407.0358545972629,408.2115784925956,86767294
2023-11-30,411.3704891497793,408.2115784925956,412.1337406804118,407.8444376873241,411.3704891497793,72185544
2023-12-01,407.74826110317673,411.3704891497793,412.3404687983073,405.61876554198653,407.74826110317673,97203691
2023-12-04,409.19090767236094,407.74826110317673,409.9137417145147,407.3485724880567,409.19090767236094,96808159
2023-12-05,407.82774695059805,409.19090767236094,409.39587257239293,407.5061146505256,407.82774695059805,84500192
2023-12-06,409.31886694862794,407.82774695059805,411.1125190041917,407.5446251579835,409.31886694862794,91977857
2023-12-07,409.4121801511734,409.31886694862794,410.16234116248756,408.74791422688855,409.4121801511734,66102765
2023-12-08,414.3609303533142,409.4121801511734,414.49352956622926,409.13220699461175,414.3609303533142,79704577
2023-12-11,411.32812573830773,414.3609303533142,415.2895863260918,409.7431776611851,411.32812573830773,81946106
2023-12-12,413.4873352994031,411.32812573830773,415.1262451533626,410.9424869055797,413.4873352994031,49908553
2023-12-13,412.90471323616583,413.4873352994031,417.3285361729543,412.4412191259644,412.90471323616583,48667237
2023-12-14,411.52507654145654,412.90471323616583,412.94009805043,410.80781671089886,411.52507654145654,51456257
2023-12-15,414.26648489196344,411.52507654145654,414.4429493037085,411.48497500125086,414.26648489196344,70799976
2023-12-18,416.3202929148985,414.26648489196344,417.89008440581415,413.07150502049217,416.3202929148985,75933372
2023-12-19,413.02910913903105,416.3202929148985,417.46303633162705,411.62226013796044,413.02910913903105,36195433
2023-12-20,417.6829546047213,413.02910913903105,417.73066822366235,409.7883146954375,417.6829546047213,87990439
2023-12-21,414.69215805043063,417.6829546047213,417.84601314927886,412.5184611952725,414.69215805043063,91104664
2023-12-22,415.9162412002635,414.69215805043063,417.79304060985993,414.0007857903855,415.9162412002635,42329764
2023-12-25,418.4921102405586,415.9162412002635,419.1907398535059,415.7705489169412,418.4921102405586,93122641
2023-12-26,416.4600826130707,418.4921102405586,419.1414554249536,415.62646708000517,416.4600826130707,39824433
2023-12-27,418.38628157118023,416.4600826130707,418.9434375942099,412.866824687734,418.38628157118023,85176263
2023-12-28,418.11031658772214,418.38628157118023,419.9190385631591,417.19650027048135,418.11031658772214,35192502
2023-12-29,419.5019444755907,418.11031658772214,419.65359576029886,417.2123832851237,419.5019444755907,58504291
2024-01-01,414.6964182462553,419.5019444755907,421.2478526453777,413.5242693190632,414.6964182462553,82979528
2024-01-02,416.310106894359,414.6964182462553,417.62988957014323,413.8973496786087,416.310106894359,53828365
2024-01-03,421.9108106111785,416.310106894359,423.72851547165163,416.11228637826747,421.9108106111785,82097277
2024-01-04,423.26058885173956,421.9108106111785,424.40116343225964,420.2604548176439,423.26058885173956,55516706
2024-01-05,419.619435717172,423.26058885173956,423.46836790338887,419.2058539059373,419.619435717172,84343685
2024-01-08,421.4851001769189,419.619435717172,422.8056796560146,418.2533366352675,421.4851001769189,37800878
2024-01-09,423.0840762065152,421.4851001769189,427.43622847246405,420.99881286746574,423.0840762065152,94474518
2024-01-10,424.38896552843056,423.0840762065152,424.5355736432414,421.96568563649333,424.38896552843056,73868413
2024-01-11,419.0921785756629,424.38896552843056,426.05902526203334,417.8277192437016,419.0921785756629,72077632
2024-01-12,421.96843009198045,419.0921785756629,422.7106114378182,417.7538122029568,421.96843009198045,79987642
2024-01-15,423.6021123618262,421.96843009198045,424.3969712267075,421.13411238766764,423.6021123618262,42773049
2024-01-16,426.26259237274513,423.6021123618262,428.3147965101882,422.65822658323384,426.26259237274513,67401790
2024-01-17,430.5428168130817,426.26259237274513,430.76162264423,424.9415677123039,430.5428168130817,84960392
2024-01-18,425.2070062722442,430.5428168130817,431.0340704513745,424.29655062417436,425.2070062722442,49641901
2024-01-19,423.1559018692092,425.2070062722442,427.1652398299917,422.7395540501091,423.1559018692092,64270350
2024-01-22,427.4734533677532,423.1559018692092,429.1536739268598,421.93392243330965,427.4734533677532,36794455
2024-01-23,429.8977571628962,427.4734533677532,431.01280635144985,426.816085317918,429.8977571628962,80104756
2024-01-24,427.76936249400154,429.8977571628962,432.6869497311466,426.802888312358,427.76936249400154,72257071
2024-01-25,426.0597721133698,427.76936249400154,428.951357422226,425.9624995787161,426.0597721133698,38290119
2024-01-26,430.51385625155524,426.0597721133698,431.42505611696487,425.89982971277624,430.51385625155524,57601371
2024-01-29,430.34612706490276,430.51385625155524,430.84441905384097,429.1594579584054,430.34612706490276,63115519
2024-01-30,427.1816987414231,430.34612706490276,432.5799102377489,425.76607202270606,427.1816987414231,87263017
2024-01-31,430.6659255195315,427.1816987414231,431.66951568308997,426.3093233013644,430.6659255195315,86404624
2024-02-01,432.4533475328784,430.6659255195315,433.96713677086615,428.03466564293274,432.4533475328784,36103586
2024-02-02,433.31484009166536,432.4533475328784,435.9342392709105,431.9178698372168,433.31484009166536,95702302
2024-02-05,431.08749501708274,433.31484009166536,433.3186296267728,429.4930746467168,431.08749501708274,49435917
2024-02-06,430.919406980016,431.08749501708274,432.1192884364887,430.313542253556,430.919406980016,74281338
2024-02-07,434.8057016663279,430.919406980016,438.2301951710799,429.77035328896505,434.8057016663279,61168503
2024-02-08,429.9977143581675,434.8057016663279,435.0258506709745,428.83350631081595,429.9977143581675,77210285
2024-02-09,434.0266159261097,429.9977143581675,435.7111858383624,428.7688791347515,434.0266159261097,82680286
2024-02-12,430.56866535699004,434.0266159261097,436.06970814533133,430.0677064538768,430.56866535699004,38017723
2024-02-13,436.3118665108034,430.56866535699004,437.0057196408666,428.7895126883907,436.3118665108034,54539838
2024-02-14,433.9009842030108,436.3118665108034,436.43869959026375,433.408479723973,433.9009842030108,69305109
2024-02-15,437.68175754398106,433.9009842030108,438.87420479302244,431.6704774949452,437.68175754398106,87814913
2024-02-16,436.45438315422007,437.68175754398106,438.2361261572659,434.33331985884035,436.45438315422007,72200057
2024-02-19,433.18047468325733,436.45438315422007,436.7397600392473,432.7278622769875,433.18047468325733,77964166
2024-02-20,439.4155724985932,433.18047468325733,439.72392093260197,432.81228393834664,439.4155724985932,52879022
2024-02-21,440.156911777991,439.4155724985932,442.6065415642587,438.18100828599046,440.156911777991,77280426
2024-02-22,439.15958323997455,440.156911777991,440.6563485192374,438.3959933441279,439.15958323997455,99961503
2024-02-23,436.02560194151687,439.15958323997455,439.79132821691593,434.07645935483407,436.02560194151687,33919760
2024-02-26,437.4834401984539,436.02560194151687,438.19171028005394,435.1698785982558,437.4834401984539,68284159
2024-02-27,438.93431768986454,437.4834401984539,439.74102591267035,434.85973675751785,438.93431768986454,57714166
2024-02-28,437.5320080925447,438.93431768986454,439.043463515002,435.4861611230456,437.5320080925447,56435853
2024-02-29,443.2577185827134,437.5320080925447,443.6842384973096,437.2280771473686,443.2577185827134,35632080
2024-03-01,440.31751823779723,443.2577185827134,443.4795461006085,437.45516723623894,440.31751823779723,40811039
2024-03-04,434.742111843511,440.31751823779723,441.845601369417,433.694883403232,434.742111843511,96810675
2024-03-05,442.14680409213133,434.742111843511,443.64069193912235,434.15769035275446,442.14680409213133,96650612
2024-03-06,441.32717788332565,442.14680409213133,442.4656783453341,440.5510232415834,441.32717788332565,81140070
2024-03-07,442.6298131408087,441.32717788332565,443.6494246740856,439.9418297583415,442.6298131408087,83944067
2024-03-08,442.67722012140695,442.6298131408087,442.9356347145449,441.93536471071286,442.67722012140695,77363037
2024-03-11,445.98597244462485,442.67722012140695,446.03128981440614,442.58224725293286,445.98597244462485,71367005
2024-03-12,447.38317644288423,445.98597244462485,448.0187156265633,444.19408512257104,447.38317644288423,54660670
2024-03-13,446.2220281206451,447.38317644288423,447.62697138057206,444.19146120368646,446.2220281206451,65177760
2024-03-14,445.5331660848296,446.2220281206451,448.0176211926861,444.2517631614816,445.5331660848296,36197888
2024-03-15,446.89686088150984,445.5331660848296,447.0207690433847,443.0992622052009,446.89686088150984,85181920
2024-03-18,447.73204462560267,446.89686088150984,447.9137555680713,443.929540020057,447.73204462560267,68710243
2024-03-19,446.58810039449656,447.73204462560267,449.6759419515797,446.3134632528021,446.58810039449656,77920703
2024-03-20,450.38596532298806,446.58810039449656,450.8038026705663,446.38855215317403,450.38596532298806,71830015
2024-03-21,450.81954679607975,450.38596532298806,451.14591522270376,449.9315433970154,450.81954679607975,38785118
2024-03-22,453.9535906312067,450.81954679607975,455.08276861830325,449.55569401244236,453.9535906312067,63806116
2024-03-25,454.0147568161777,453.9535906312067,454.04426606605546,452.08078821832174,454.0147568161777,61811965
2024-03-26,450.3325006230255,454.0147568161777,454.59932209556024,447.8013035953096,450.3325006230255,42212102
2024-03-27,454.4369009990904,450.3325006230255,454.54596020473946,449.1254936699345,454.4369009990904,55250929
2024-03-28,451.1243311900888,454.4369009990904,454.60254735282297,451.0122199658978,451.1243311900888,58358595
2024-03-29,455.558185661383,451.1243311900888,456.8643908249459,450.5154942879903,455.558185661383,80237560
2024-04-01,453.50295530136714,455.558185661383,456.10308124332704,452.931216314214,453.50295530136714,95330392
2024-04-02,453.04651752634646,453.50295530136714,453.6082236990562,451.4347027106617,453.04651752634646,33486127
2024-04-03,456.7138775919629,453.04651752634646,458.33653554826356,451.2633786985766,456.7138775919629,51843416
2024-04-04,450.6658273331189,456.7138775919629,457.0656192185421,450.035161485544,450.6658273331189,87324790
2024-04-05,453.4679969992973,450.6658273331189,454.36849625983893,449.6812512457454,453.4679969992973,71225962
2024-04-08,457.76543391571926,453.4679969992973,458.31338567596833,453.27461397540435,457.76543391571926,91087639
2024-04-09,459.0601184081259,457.76543391571926,461.41172119408503,456.538987171709,459.0601184081259,85032676
2024-04-10,458.7212535356688,459.0601184081259,460.3225885536825,458.5180604235342,458.7212535356688,64258208
2024-04-11,456.6339908189996,458.7212535356688,459.4747397048252,454.9666421392714,456.6339908189996,77273549
2024-04-12,459.08263315739373,456.6339908189996,460.08195070245444,454.5487187692972,459.08263315739373,41513842
2024-04-15,462.5697081970397,459.08263315739373,464.5679455593221,458.60228316178416,462.5697081970397,51842532
2024-04-16,463.7105707600548,462.5697081970397,465.206909303791,462.4700524434398,463.7105707600548,41353722
2024-04-17,463.0269543785339,463.7105707600548,464.4990090994916,459.3150422384351,463.0269543785339,57193605
2024-04-18,466.44592693420026,463.0269543785339,467.9413183662334,461.5184782180501,466.44592693420026,51994386
2024-04-19,465.38524539937214,466.44592693420026,467.9595221788491,464.2493341334326,465.38524539937214,51101913
2024-04-22,463.4228531403101,465.38524539937214,467.48264164871813,462.1045921578528,463.4228531403101,42200255
2024-04-23,465.2068413191367,463.4228531403101,465.42609142026123,462.4401510594931,465.2068413191367,57713421
2024-04-24,463.2865396472447,465.2068413191367,465.3026935271249,462.1495246976834,463.2865396472447,43765968
2024-04-25,467.0054204393839,463.2865396472447,467.76744726905036,462.1503491716516,467.0054204393839,94511302
2024-04-26,470.5590655348663,467.0054204393839,471.7249029166171,464.7387013152723,470.5590655348663,45659376
2024-04-29,470.2617402334477,470.5590655348663,473.1888275802446,467.33965971463505,470.2617402334477,88426213
2024-04-30,472.64503801485864,470.2617402334477,473.4033103747398,469.7516111605908,472.64503801485864,62407175
2024-05-01,469.3419016971681,472.64503801485864,473.3326735106912,467.3034933542788,469.3419016971681,71247633
2024-05-02,473.92108865612016,469.3419016971681,476.24752242621304,467.35703701435204,473.92108865612016,72915571
2024-05-03,470.9959449565263,473.92108865612016,476.0462422947595,470.18568998476803,470.9959449565263,66269115
2024-05-06,475.62458607395934,470.9959449565263,477.56399469635693,469.7582045798918,475.62458607395934,83566023
2024-05-07,472.79778760920607,475.62458607395934,476.4640730626424,471.6788678412692,472.79778760920607,51947998
2024-05-08,475.2229284786204,472.79778760920607,476.5174068771308,471.2251061533681,475.2229284786204,88278430
2024-05-09,477.7451521950476,475.2229284786204,478.67108728781136,473.45348202004214,477.7451521950476,96750619
2024-05-10,474.48689793793375,477.7451521950476,479.33342746214,471.4569334424317,474.48689793793375,96970020
2024-05-13,476.164539616345,474.48689793793375,477.13947109670715,473.8457542169505,476.164539616345,63102956
2024-05-14,479.41379837293766,476.164539616345,479.8305784058069,475.40799768276975,479.41379837293766,59320654
2024-05-15,476.72576960388403,479.41379837293766,482.7692666946507,475.6568204072129,476.72576960388403,64657859
2024-05-16,474.58670730581997,476.72576960388403,477.30347602105684,473.78881130074217,474.58670730581997,57312674
2024-05-17,483.56737090826647,474.58670730581997,483.77227071649565,472.1231816024104,483.56737090826647,66721505
2024-05-20,478.01437072414717,483.56737090826647,484.8099001070125,475.5032054892301,478.01437072414717,76073379
2024-05-21,480.2195961705962,478.01437072414717,481.2917969179924,477.1058000944366,480.2195961705962,72787269
2024-05-22,483.3151579600953,480.2195961705962,484.5124781225395,479.516862957556,483.3151579600953,44731907
2024-05-23,479.77241157733926,483.3151579600953,485.3031764795696,479.5756099091927,479.77241157733926,65642160
2024-05-24,479.5068473187841,479.77241157733926,479.7982759857291,478.24107381094706,479.5068473187841,32631389
2024-05-27,483.2467203529967,479.5068473187841,484.06618180954604,478.4368331097218,483.2467203529967,61232678
2024-05-28,479.0000653717117,483.2467203529967,485.4419859124762,478.0224699824031,479.0000653717117,65860753
2024-05-29,483.33547892203177,479.0000653717117,486.75526710911464,478.87748276685903,483.33547892203177,82330555
2024-05-30,485.3250722036204,483.33547892203177,487.187080710198,481.6283558340504,485.3250722036204,78722261
2024-05-31,484.7748936353671,485.3250722036204,485.4057287342537,484.1564444706582,484.7748936353671,64733276
2024-06-03,482.3774506913211,484.7748936353671,485.4075952196318,481.1649944709184,482.3774506913211,44137110
2024-06-04,490.70840897672775,482.3774506913211,491.9279222575336,480.45682933541605,490.70840897672775,34937795
2024-06-05,487.77926988709976,490.70840897672775,491.82004665315424,487.3014365291408,487.77926988709976,58711769
2024-06-06,491.71943343585866,487.77926988709976,492.4405585077875,487.41391399325556,491.71943343585866,69807238
2024-06-07,488.2890404142094,491.71943343585866,495.2370926739128,488.05218735600045,488.2890404142094,41804428
2024-06-10,487.4692824953608,488.2890404142094,489.75876109845694,487.06727680191034,487.4692824953608,36126722
2024-06-11,490.982508062561,487.4692824953608,492.8465569164672,486.6195251158355,490.982508062561,87756071
2024-06-12,490.4917247782915,490.982508062561,491.26531585823346,486.23300331614394,490.4917247782915,76818515
2024-06-13,488.824783254089,490.4917247782915,491.3749103943001,487.075618107982,488.824783254089,68052402
2024-06-14,496.0381059210309,488.824783254089,497.20003294885595,486.1929179472733,496.0381059210309,90466134
2024-06-17,491.58401546118716,496.0381059210309,496.76471304173947,490.68087751502867,491.58401546118716,30368549
2024-06-18,489.2734282945303,491.58401546118716,494.61136055528556,487.7077728426919,489.2734282945303,58463347
2024-06-19,497.8001267108332,489.2734282945303,498.8827215330729,489.0721893666978,497.8001267108332,48685639
2024-06-20,493.9663739183737,497.8001267108332,498.6369583271014,493.6885120777503,493.9663739183737,54371045
2024-06-21,494.40683667056817,493.9663739183737,494.6669315114288,492.491115813185,494.40683667056817,74551143
2024-06-24,492.22933195123767,494.40683667056817,494.6022511355417,492.1486465436603,492.22933195123767,59026631
2024-06-25,501.6407819223178,492.22933195123767,502.1862423337551,491.05887533238894,501.6407819223178,52140009
2024-06-26,494.7998766991066,501.6407819223178,501.66324344882605,492.8428301983814,494.7998766991066,74283766
2024-06-27,498.85542402769505,494.7998766991066,499.72559213985147,493.5149296353607,498.85542402769505,85443369
2024-06-28,501.6874543484081,498.85542402769505,504.6424315475466,497.958215724434,501.6874543484081,68640718
2024-07-01,501.16204594376205,501.6874543484081,502.55332968204954,499.567508868711,501.16204594376205,60480205
2024-07-02,500.65707529134215,501.16204594376205,502.62411199724966,499.2028866504866,500.65707529134215,64190392
2024-07-03,497.23840346072444,500.65707529134215,501.3570941365933,494.4959791743702,497.23840346072444,39368511
2024-07-04,500.1710645992198,497.23840346072444,501.53546233491255,494.6373078422873,500.1710645992198,54161215
2024-07-05,503.37545278549726,500.1710645992198,504.7928136930553,499.1062989042745,503.37545278549726,49037521
2024-07-08,501.62003776516985,503.37545278549726,504.5185470643539,498.74638282577877,501.62003776516985,33000474
2024-07-09,504.8138472405346,501.62003776516985,505.0160641611928,500.4306995925661,504.8138472405346,96300104
2024-07-10,506.72140210725826,504.8138472405346,507.5148602751852,502.4497692670842,506.72140210725826,89640102
2024-07-11,502.68537180184165,506.72140210725826,507.8571209718273,501.4316278537496,502.68537180184165,58699969
2024-07-12,492.51735559119743,502.68537180184165,504.9587647619901,491.7102864873804,492.51735559119743,38632929
2024-07-15,496.22426885992746,492.51735559119743,497.7008144919791,491.7507468462575,496.22426885992746,67119669
2024-07-16,487.9765122957913,496.22426885992746,496.48435643110315,487.8292086156753,487.9765122957913,73387371
2024-07-17,481.3847630162382,487.9765122957913,489.8010666646357,480.6422640992554,481.3847630162382,37966242
2024-07-18,479.2633955229993,481.3847630162382,482.5783440813319,477.46388696886606,479.2633955229993,95767754
2024-07-19,477.52614972864995,479.2633955229993,480.5099214506738,476.87255872586206,477.52614972864995,60761834
2024-07-22,463.86121220836435,477.52614972864995,477.58778567866995,461.6182784882588,463.86121220836435,66587677
2024-07-23,461.9790801392387,463.86121220836435,465.3466830025377,461.76153147343456,461.9790801392387,31716655
2024-07-24,452.3338119785122,461.9790801392387,462.46137181529934,451.71307767517214,452.3338119785122,97601523
2024-07-25,453.49196479131797,452.3338119785122,456.5564823394506,450.5688501735424,453.49196479131797,31438130
2024-07-26,449.15242542564886,453.49196479131797,453.7493400769913,448.75132927978916,449.15242542564886,34679177
2024-07-29,443.52424736338594,449.15242542564886,449.3628900328449,443.24068401122554,443.52424736338594,77803163
2024-07-30,437.4525513303093,443.52424736338594,443.82352009181335,437.050297690107,437.4525513303093,37868987
2024-07-31,429.7175122377745,437.4525513303093,438.27600479471573,428.56443722815465,429.7175122377745,79266061
2024-08-01,430.24650427021476,429.7175122377745,430.52716148333684,429.0900681229603,430.24650427021476,70565822
2024-08-02,427.8129990637591,430.24650427021476,430.331875220959,426.12258387491346,427.8129990637591,41713508
2024-08-05,418.75886124295977,427.8129990637591,427.8448672572218,417.7190016804666,418.75886124295977,96084526
2024-08-06,421.8663654489056,418.75886124295977,422.3886039830631,418.45369378259034,421.8663654489056,48308086
2024-08-07,418.572495585025,421.8663654489056,422.4103614814617,416.3852637426081,418.572495585025,88391351
2024-08-08,423.78710813080636,418.572495585025,424.40573433226734,417.58697664568973,423.78710813080636,47518469
2024-08-09,422.92718400332564,423.78710813080636,425.54174350407845,421.56046202594723,422.92718400332564,65546622
2024-08-12,423.081856924553,422.92718400332564,423.7918163008226,421.1292228056428,423.081856924553,37702749
2024-08-13,424.02281584048876,423.081856924553,425.0747478324162,418.508978193934,424.02281584048876,35106578
2024-08-14,425.7416600829373,424.02281584048876,427.30767148772355,423.96991169988587,425.7416600829373,38078525
2024-08-15,428.33885959192054,425.7416600829373,429.01470658353406,423.92748854194735,428.33885959192054,33920511
2024-08-16,425.6504811420542,428.33885959192054,429.53185443615826,424.3573950922814,425.6504811420542,71167792
2024-08-19,428.5490993906851,425.6504811420542,430.57958023118186,424.3785959992563,428.5490993906851,80680141
2024-08-20,430.25264512725397,428.5490993906851,430.5161583575718,426.26805301944194,430.25264512725397,90466756
2024-08-21,428.9120718260736,430.25264512725397,430.48849043178154,428.3725265634839,428.9120718260736,97844446
2024-08-22,436.1050153525088,428.9120718260736,438.2999546911643,428.27039574565805,436.1050153525088,31278521
2024-08-23,431.3138824389099,436.1050153525088,437.3186679591751,430.9001245236401,431.3138824389099,96517719
2024-08-26,432.64954269899806,431.3138824389099,433.4678281694784,431.07747959506486,432.64954269899806,50707442
2024-08-27,432.9147062117109,432.64954269899806,433.3988704325622,432.23614495380133,432.9147062117109,76892553
2024-08-28,439.9034388566203,432.9147062117109,440.1247296422695,430.88509541821907,439.9034388566203,49173742
2024-08-29,438.1309621917096,439.9034388566203,440.50302473609327,437.50248954064523,438.1309621917096,58314892
2024-08-30,435.81275177436487,438.1309621917096,439.47012148599634,435.41440284307765,435.81275177436487,81485475
2024-09-02,441.2305097534988,435.81275177436487,441.7070604989289,435.58485090003046,441.2305097534988,44293887
2024-09-03,440.184869565007,441.2305097534988,441.532511761941,439.88336261526945,440.184869565007,53829448
2024-09-04,441.2505977090816,440.184869565007,441.62449109071855,437.65732034775465,441.2505977090816,61705465
2024-09-05,440.86328472751114,441.2505977090816,442.2095038703269,440.09601379314665,440.86328472751114,49785845
2024-09-06,440.9057794955285,440.86328472751114,441.67965269644475,439.9541718512912,440.9057794955285,40970101
2024-09-09,444.25327704615137,440.9057794955285,445.8177265389985,439.00431148318484,444.25327704615137,89152910
2024-09-10,443.2331394888987,444.25327704615137,445.65473739243885,441.6978438510929,443.2331394888987,42306256
2024-09-11,449.43039042124605,443.2331394888987,450.74868804783523,441.6916423568028,449.43039042124605,71521965
2024-09-12,443.49220591812843,449.43039042124605,449.4999369749525,443.4519805505472,443.49220591812843,82935912
2024-09-13,450.7003027317735,443.49220591812843,451.74397640908967,440.7306752163821,450.7003027317735,77694639
2024-09-16,447.9556598106428,450.7003027317735,451.8969507492349,447.3576790480173,447.9556598106428,57902017
2024-09-17,449.8169639026841,447.9556598106428,449.95875876572825,445.6226502119067,449.8169639026841,33508227
2024-09-18,451.96043111071396,449.8169639026841,454.0011217513226,447.9694829108087,451.96043111071396,61850498
2024-09-19,449.6043480642144,451.96043111071396,453.32710824941864,448.5666641679228,449.6043480642144,99590274
2024-09-20,453.9188655804643,449.6043480642144,456.71604379084795,447.3749837537928,453.9188655804643,38978756
2024-09-23,446.7746688505706,453.9188655804643,454.5445587730535,445.2821894487225,446.7746688505706,62437487
2024-09-24,452.2123314438425,446.7746688505706,453.22514690614406,445.9083942606171,452.2123314438425,32160413
2024-09-25,452.68506914621287,452.2123314438425,453.2530283110816,450.75807134406693,452.68506914621287,59785405
2024-09-26,452.87021621454437,452.68506914621287,453.6409974418785,452.4222233336782,452.87021621454437,66634970
2024-09-27,456.17585311971976,452.87021621454437,457.53673665903744,452.7280421964826,456.17585311971976,93845433
2024-09-30,458.4894467220704,456.17585311971976,458.6643458148494,455.70214148733294,458.4894467220704,71432749
2024-10-01,460.15802174869606,458.4894467220704,461.50605150214636,457.4213360125531,460.15802174869606,94335165
2024-10-02,460.0405783960297,460.15802174869606,462.9720443096869,459.0104626080487,460.0405783960297,67734606
2024-10-03,458.8948330361617,460.0405783960297,461.49841220595516,458.52956001566474,458.8948330361617,56670507
2024-10-04,462.2187823638377,458.8948330361617,462.44601568316233,458.4262163003393,462.2187823638377,96932456
2024-10-07,462.5949834715591,462.2187823638377,463.0524439275418,461.2314266696151,462.5949834715591,47115051
2024-10-08,465.41599334624493,462.5949834715591,466.6890675236374,462.3384028744571,465.41599334624493,53606034
2024-10-09,465.99125779214575,465.41599334624493,466.35392013622123,464.27539662348954,465.99125779214575,54135339
2024-10-10,465.1990823267334,465.99125779214575,466.86337009858715,465.1175254450368,465.1990823267334,98922378
2024-10-11,463.97746981085584,465.1990823267334,465.58560567616297,463.85854493587897,463.97746981085584,61201851
2024-10-14,465.48388049082627,463.97746981085584,466.9149275469029,463.6131909612006,465.48388049082627,54661735
2024-10-15,466.6623518187956,465.48388049082627,467.9348525486586,463.0174083786017,466.6623518187956,86845034
2024-10-16,468.1497644838186,466.6623518187956,469.5500851561124,466.4769309256527,468.1497644838186,77110287
2024-10-17,470.4587492309662,468.1497644838186,471.95092883229995,466.7388577191328,470.4587492309662,48222047
2024-10-18,472.45264125676294,470.4587492309662,473.035421126994,470.1347150321051,472.45264125676294,71686757
2024-10-21,471.5888358689095,472.45264125676294,472.49055033866193,471.2517758099554,471.5888358689095,97567112
2024-10-22,472.68767952012377,471.5888358689095,473.6206210498963,471.4202533247116,472.68767952012377,83005096
2024-10-23,473.9290855709423,472.68767952012377,475.4086577349094,472.6042599635913,473.9290855709423,56167589
2024-10-24,473.30585200918347,473.9290855709423,474.423000020995,472.90860492937054,473.30585200918347,43951300
2024-10-25,473.27010379091115,473.30585200918347,473.8824593859356,471.90805027653926,473.27010379091115,36196514
2024-10-28,472.228713316406,473.27010379091115,475.06834868000124,470.1527859048717,472.228713316406,70329172
2024-10-29,475.69127813467554,472.228713316406,477.35708817459664,471.3017792676661,475.69127813467554,45666282
2024-10-30,479.42210340020785,475.69127813467554,483.47825720631477,474.4095891131442,479.42210340020785,99491975
2024-10-31,477.5464852850052,479.42210340020785,480.6216972574419,476.47825797123255,477.5464852850052,40177788
2024-11-01,479.6000000272398,477.5464852850052,480.94428775547686,477.3244662566677,479.6000000272398,41622107
2024-11-04,482.2331374858307,479.6000000272398,482.85869202941166,478.49611723319725,482.2331374858307,78213149
2024-11-05,483.30627724778793,482.2331374858307,485.15189374289355,481.20102013306155,483.30627724778793,51197718
2024-11-06,480.3844272873546,483.30627724778793,483.3977635780534,479.24933265180573,480.3844272873546,53941657
2024-11-07,486.34416669924804,480.3844272873546,486.43525658343924,479.145697211783,486.34416669924804,64068622
2024-11-08,487.6048961781682,486.34416669924804,488.10156387556344,484.7436783761588,487.6048961781682,80983538
2024-11-11,483.06749291092723,487.6048961781682,492.26626476528094,482.5043773953745,483.06749291092723,72361672
2024-11-12,484.7471149689716,483.06749291092723,486.7022463436007,483.0422998162874,484.7471149689716,44502105
2024-11-13,490.59673651197954,484.7471149689716,491.62865454878903,484.3953032636893,490.59673651197954,59925442
2024-11-14,488.27369163204423,490.59673651197954,491.9401932185797,485.52467608364674,488.27369163204423,74423311
2024-11-15,484.13893671666483,488.27369163204423,488.48402503454724,481.6383214248887,484.13893671666483,72831967
2024-11-18,487.0800118992902,484.13893671666483,488.2681813792091,483.740907715653,487.0800118992902,92598261
2024-11-19,490.84022421164883,487.0800118992902,492.05079942947015,486.8276492914461,490.84022421164883,98679485
2024-11-20,489.52979115030365,490.84022421164883,491.04706473724093,487.70205972773,489.52979115030365,42735267
2024-11-21,492.31355469909676,489.52979115030365,493.97440649537754,486.0859897942477,492.31355469909676,81119547
2024-11-22,494.35356722381715,492.31355469909676,494.47387990542455,491.55781321210094,494.35356722381715,31185749
2024-11-25,498.834317596486,494.35356722381715,500.1054733480674,493.77944880843273,498.834317596486,77127931
2024-11-26,495.4332970155118,498.834317596486,499.06061311822725,494.9334394316007,495.4332970155118,92763219
2024-11-27,499.7597876522715,495.4332970155118,501.04778454388224,495.1754439146356,499.7597876522715,43718786
2024-11-28,501.5920450701659,499.7597876522715,501.63340780486067,497.5901283135465,501.5920450701659,90311203
2024-11-29,502.55277771353747,501.5920450701659,503.6842298546548,500.5786402259259,502.55277771353747,92276704
2024-12-02,500.62629470799664,502.55277771353747,502.6327619912531,499.18744176779694,500.62629470799664,52233816
2024-12-03,495.93808786054007,500.62629470799664,501.21336154251463,495.86798164803594,495.93808786054007,46220530
2024-12-04,502.95106956614796,495.93808786054007,503.25778354454263,493.85608068241316,502.95106956614796,96689647
2024-12-05,505.37037954705954,502.95106956614796,506.42738588411066,499.8131120215473,505.37037954705954,32454264
2024-12-06,503.47105621695266,505.37037954705954,507.04899243504445,501.1610186515473,503.47105621695266,33199822
2024-12-09,509.0171039183437,503.47105621695266,509.41513924130334,502.9276613597513,509.0171039183437,38332211
2024-12-10,507.7290237248205,509.0171039183437,511.02905635431506,507.68063250918453,507.7290237248205,76056543
2024-12-11,507.93486668077236,507.7290237248205,508.8090078002598,507.4089051740323,507.93486668077236,42363183
2024-12-12,510.19224029163644,507.93486668077236,510.2806374440593,507.3732274948124,510.19224029163644,74325739
2024-12-13,509.2234546475639,510.19224029163644,511.1714076268603,506.1502072162559,509.2234546475639,93965558
2024-12-16,502.9680949718389,509.2234546475639,509.91472007334113,501.72641221734216,502.9680949718389,85798258
2024-12-17,508.9829660084282,502.9680949718389,510.1336763916104,501.5681042188774,508.9829660084282,83131269
2024-12-18,514.256522209816,508.9829660084282,517.3789823041798,508.98004505287895,514.256522209816,68268677
2024-12-19,510.0687661068937,514.256522209816,516.6531470559256,509.9755160821422,510.0687661068937,79689829
2024-12-20,512.5036301500268,510.0687661068937,514.0485659103989,508.26826791915977,512.5036301500268,73662457
2024-12-23,511.33177538811407,512.5036301500268,514.8180132765427,509.0882606166921,511.33177538811407,37640769
2024-12-24,519.5504844598677,511.33177538811407,520.1763432380195,510.9643076408675,519.5504844598677,51407655
2024-12-25,520.2348241337501,519.5504844598677,520.784269606427,518.304805979976,520.2348241337501,50488902
2024-12-26,514.5535234149932,520.2348241337501,521.7895811447098,513.9917986673894,514.5535234149932,88741210
2024-12-27,518.1591159343407,514.5535234149932,518.7026385614913,514.5420429970569,518.1591159343407,52053437
2024-12-30,516.953026335094,518.1591159343407,518.4716179620176,516.6362557028426,516.953026335094,96634235
2024-12-31,521.255924532184,516.953026335094,524.5560103627787,515.8860216181563,521.255924532184,77929935
2025-01-01,521.9249912920868,521.255924532184,522.9033050395466,520.7772561653754,521.9249912920868,68930606
2025-01-02,523.6551399136684,521.9249912920868,525.9175031129162,521.0158471021003,523.6551399136684,80840846
2025-01-03,523.3457339618967,523.6551399136684,524.2087841252905,521.9305389841898,523.3457339618967,53958075
2025-01-06,531.1010374392833,523.3457339618967,532.1542456604556,523.1962646688362,531.1010374392833,69398493
2025-01-07,521.6639691032732,531.1010374392833,532.3744793075547,519.6330571567481,521.6639691032732,61641154
2025-01-08,520.8062528989885,521.6639691032732,522.5493452843972,519.675941010779,520.8062528989885,31166513
2025-01-09,525.2050186471287,520.8062528989885,525.2614938821615,515.807661803273,525.2050186471287,83395420
2025-01-10,523.0464309307796,525.2050186471287,525.6245976200637,522.2705031591712,523.0464309307796,52368196
2025-01-13,524.1786648006978,523.0464309307796,525.1174483952082,522.987360579956,524.1786648006978,59066925
2025-01-14,526.4110522609037,524.1786648006978,527.71516266955,523.964586278226,526.4110522609037,33850117
2025-01-15,527.5561994006061,526.4110522609037,528.7581446812652,523.2839268534178,527.5561994006061,59372295
