,3M,6M,1Y,2Y,3Y,5Y,7Y,10Y,15Y,20Y,30Y
2022-01-01,-1.2342710511207253,-1.1476554531548173,-0.987817170923667,-0.8113915624503416,-0.748344266180737,-0.40410075189319306,-0.22249878430555636,-0.022300504677873954,0.17654579180045302,0.25972396340100723,0.17550008049568658
2022-01-02,-1.1594384605516164,-1.091647614060404,-0.9794929613461223,-0.7808858943648588,-0.6409251392112231,-0.3994360262633694,-0.22937946648968338,-0.012542634715071973,0.17356585115784956,0.26723702384800335,0.17497214272035178
2022-01-03,-1.1989300488726446,-1.1660843997450963,-0.940051710327905,-0.8046685833483147,-0.664781151137814,-0.41210341432855513,-0.2536230250374312,-0.03289174104244454,0.20993320262250012,0.2318032874831002,0.20565018411791883
2022-01-04,-1.190837016120952,-1.103328094479476,-0.9943160760331288,-0.7748327600900502,-0.6550170221181363,-0.4327700242599632,-0.23571515827510447,-0.02241789873971338,0.1688105851262594,0.2616860508059852,0.14633491287946682
2022-01-05,-1.2116730139210874,-1.153878203827862,-1.0233525823995078,-0.836535132617314,-0.6825658849077764,-0.3998302084686896,-0.2111790698951796,-0.025540409274404974,0.15444993673315888,0.2864889247036334,0.16430321769649034
2022-01-06,-1.2297333470346778,-1.074416695138364,-0.9753631892166201,-0.8376992141786359,-0.7146294700896362,-0.438295564028471,-0.2205134570445365,-0.03634861447727508,0.1566983160769182,0.2295269133560076,0.12474601096782653
2022-01-07,-1.2109766792389722,-1.1594909252747432,-0.9492327482028912,-0.8056576249747911,-0.6575243581941789,-0.37709070525837984,-0.22292449416189838,0.008853387475522435,0.1955015746884607,0.26537179011867806,0.21349865880319296
2022-01-08,-1.1897115735131865,-1.0913854119072073,-1.0032553959596915,-0.8174147984305202,-0.6722564363394388,-0.42230845064151745,-0.17175707217454128,-0.05549814388947092,0.14472986159374912,0.23407162843146695,0.18607193750405818
2022-01-09,-1.1776731287966273,-1.1215497081157506,-0.973481810650309,-0.8074265768512167,-0.6687059627296614,-0.45799949147061836,-0.20123291098083101,0.03951320517985474,0.17546149663075766,0.2810260929805406,0.16890532803501065
2022-01-10,-1.189782858658361,-1.1279927114193975,-0.9631094457927057,-0.7993158117346073,-0.6416374725434549,-0.4486947338738425,-0.19751661555289518,0.0031064080567331093,0.21435985896295678,0.2814699924203155,0.1481155658617918
2022-01-11,-1.1844801738266924,-1.1135133578210468,-0.967721635633487,-0.7751479359368346,-0.6490966773861759,-0.4170571833107512,-0.22229748442761404,-0.0625976626002997,0.18916668691077987,0.24799366726103164,0.1510898243128278
2022-01-12,-1.200896590973305,-1.101673423127325,-0.9893319685444307,-0.8026624460704186,-0.6194399961790299,-0.4139752998231189,-0.21196730184748835,-0.023075089843543492,0.18066393366576092,0.3127697846985013,0.19288574088851454
2022-01-13,-1.1793896058491198,-1.139405832563527,-1.009257663960584,-0.8123923527708324,-0.6629494642834178,-0.36755440288147784,-0.22757331974339756,-0.0210094679028442,0.18230641990378404,0.28586981272317685,0.155518553854727
2022-01-14,-1.154052317820186,-1.1365178326090477,-0.9931551281801729,-0.7999109738988058,-0.6834034504246113,-0.44208562292018905,-0.19668439534173018,-0.0063259737562805975,0.1581377457144873,0.2765500851485708,0.18647699609888085
2022-01-15,-1.1728333532987876,-1.09921296773194,-0.9789880780128212,-0.8096817213549274,-0.6701635105324801,-0.41446653437716374,-0.2182130869622381,-0.04018754612825502,0.1631185428793745,0.2758121830428914,0.23562053216861376
2022-01-16,-1.169547320989029,-1.1574694420365925,-0.9670803050930593,-0.8131360057469205,-0.6543942838818874,-0.44127140337240395,-0.2092264244720886,-0.013985234611147108,0.18033458998178306,0.28481230453480305,0.17652444123102695
2022-01-17,-1.18177126371597,-1.1287274010284378,-0.9807730474986598,-0.82944709403806,-0.6387252607238114,-0.42643804502897087,-0.21010639114475657,-0.017149658651701975,0.1926601520540966,0.2359872661202602,0.16184221520200476
2022-01-18,-1.2260395794247658,-1.0374435288307895,-0.99795840184829,-0.7867237497792486,-0.7001365514707436,-0.3713614019330422,-0.21391487471991202,-0.03190116174911163,0.21024304761027712,0.26640448727675,0.19608947745154343
2022-01-19,-1.2139198142795296,-1.1370034751284803,-0.9739186596100041,-0.8020207936786747,-0.6625897106342692,-0.4412115565926482,-0.13934844933485419,-0.03472195680052926,0.18951086441553744,0.27177660862068476,0.15655205546670836
2022-01-20,-1.1757773185157094,-1.0834541437383116,-0.9656470868387349,-0.7629922450514387,-0.6219106721063463,-0.3974731529306096,-0.22881469546967348,0.010820902635253482,0.2216701408615508,0.25284738488513053,0.23085039972592966
2022-01-21,-1.186772560315238,-1.1261478532340807,-0.9770088326058735,-0.822683986317709,-0.6675043057912985,-0.4016764000408757,-0.22839187227020277,-0.05391364751730034,0.2286308663640027,0.27512079771986364,0.22359140769697292
2022-01-22,-1.1748568829511246,-1.0981268264930166,-1.0067576329764032,-0.7994050439891421,-0.6375776587412175,-0.4114572407719003,-0.19350053644265122,0.0010940182894561279,0.20902872519910998,0.294939402397905,0.18504275441321377
2022-01-23,-1.1433004328382714,-1.0938521260194678,-0.9897461691523028,-0.7398883377679044,-0.647883080103973,-0.3972251027045796,-0.22509024326125257,0.009726739387580006,0.22041351691702404,0.25424475452147927,0.1673566521800214
2022-01-24,-1.1664225637695225,-1.081349545370682,-0.960877944339944,-0.8080637016777019,-0.6356769485871312,-0.43857397329883796,-0.21685862278397805,-0.01503742220871615,0.16565869821504192,0.26406592874046164,0.17978228943036026
2022-01-25,-1.1524683252881907,-1.1139468261020804,-1.0185159256503729,-0.7898538117341642,-0.6791844939717594,-0.3675324177366721,-0.23610075426565152,-0.007631159438636203,0.16232954620103737,0.2455448871718903,0.1836678792661032
2022-01-26,-1.1809452211587392,-1.0585901399266362,-1.0356417064552863,-0.8137083554661415,-0.6784472976471468,-0.36019111851741925,-0.19602330791044267,0.020775119096927187,0.20463707851174684,0.2220130188592229,0.20127692239716927
2022-01-27,-1.202869368235094,-1.1224223904126123,-0.9449869050443823,-0.8163996641175074,-0.6571821789949256,-0.4065113588539999,-0.19508254518587895,-0.0253102640660842,0.1587807784053411,0.28678432821503,0.21830183193454517
2022-01-28,-1.1835174803107424,-1.1012153159903946,-0.9692854449548366,-0.7433880517531917,-0.6953763710113914,-0.3464931730650447,-0.21495062782846971,-0.022112137052611697,0.1856698775692181,0.26728582879863527,0.16701635790065167
2022-01-29,-1.2015767845068646,-1.1003260658584457,-0.9662897391008832,-0.7771820018479573,-0.6632015043291775,-0.416433687452634,-0.18858757195188416,-0.01884508119136869,0.21282180846935753,0.26973149626493376,0.21881474996968264
2022-01-30,-1.1418932724760575,-1.133899849394104,-1.0077710707360448,-0.7775086754394279,-0.6495287299574768,-0.3958398465489614,-0.25230377173870827,0.023282493585213553,0.22948367672176173,0.24448001315029338,0.209591493924914
2022-01-31,-1.1604892010802144,-1.112395784368079,-0.9618107764069375,-0.8226568838715065,-0.6106330878198566,-0.369451751399238,-0.2229203130314595,0.027058365678516758,0.18839563074919746,0.26511343378049435,0.18205628473623392
2022-02-01,-1.1666403498302091,-1.1006153247649557,-0.9727719450567067,-0.7706846275432083,-0.6445852075141703,-0.41612827375148853,-0.2089026419011891,-0.03955041810750632,0.17909823037139191,0.29776168248363727,0.16817904036215892
2022-02-02,-1.1481647956496754,-1.1148664017836134,-1.0186715651515879,-0.7501278270555324,-0.6384326639335505,-0.43860210217736395,-0.23337043812795183,0.021092642977412913,0.2039481648324116,0.2709571577141085,0.1988424422269362
2022-02-03,-1.2289812035015488,-1.0424566940020548,-0.9428727077816216,-0.7497428666177548,-0.624367896962218,-0.44377271977893934,-0.2471976190739361,0.016992914520214064,0.16968162077343474,0.27224980081291733,0.17003049476897988
2022-02-04,-1.163199138689729,-1.1238681793132834,-0.9739355043828269,-0.7611942567331412,-0.6770190271956716,-0.3513819233757287,-0.2105999865992564,0.035937282787950456,0.19276544631936912,0.27728561947329033,0.2226894337557699
2022-02-05,-1.2100980743559648,-1.0728463180448446,-0.987234028900337,-0.8055690691882404,-0.6564589963076299,-0.41555754601432476,-0.18498142757183675,0.007295771054804173,0.1974680690447377,0.2417585170414833,0.1695710009483396
2022-02-06,-1.1769493815234897,-1.0803564937331283,-0.9862177327114784,-0.7689399036320231,-0.5911326742667506,-0.4064114081473104,-0.16971527927618518,-0.0028744920688124035,0.19753241112138217,0.28885502254071094,0.21192466576723062
2022-02-07,-1.1840036223332502,-1.1015574858841763,-1.0265914801573788,-0.7595213085096543,-0.6531889880811822,-0.4290300344795958,-0.2148931296017038,0.027419484642721988,0.2010016543238776,0.24240911460553474,0.19677365835805347
2022-02-08,-1.1591175098929714,-1.1222911515417011,-0.9608275102046109,-0.8205220148226176,-0.6227501564758398,-0.3769524432121652,-0.18233052925485513,0.016811669592149157,0.17847620341530152,0.2508486852726294,0.185323452695225
2022-02-09,-1.1694134478383416,-1.1193245130721594,-0.9685716998812222,-0.8031501198494099,-0.6260246831330376,-0.41965712654297993,-0.1842045791104736,0.05600433029135284,0.18170704512217428,0.24865150071245556,0.1973110822796524
2022-02-10,-1.1409547786240983,-1.1125318904448056,-0.9794347112727203,-0.752378774920807,-0.6865355508240852,-0.4118642836559259,-0.16911750360603048,0.024384988159652777,0.18173938550979163,0.2710366678698435,0.22741687127646215
2022-02-11,-1.1891022465819163,-1.1436983496072575,-0.942092687372309,-0.7521536731418026,-0.6412928356334525,-0.3915668070731967,-0.20780959331745077,0.004783881851997117,0.16044282396152285,0.2671338648529528,0.1711387472165545
2022-02-12,-1.1558067555294769,-1.1236212509152912,-1.008131090745205,-0.8122491911108437,-0.6448659284651782,-0.42513576345144816,-0.24349712764992573,-0.027887224779713175,0.2100111427758438,0.27643475877198476,0.19116147084989568
2022-02-13,-1.1689666748242116,-1.1350841681307733,-0.9879415671558726,-0.7531467187649529,-0.6397732855506714,-0.4024868119845378,-0.19626760893611356,-0.012545184676535164,0.22434418104561796,0.2543463407589067,0.1831841556361381
2022-02-14,-1.2134001460628423,-1.0638710142316103,-0.993768095680063,-0.7701353043322129,-0.6663707013058299,-0.3624626495734716,-0.2228627328352964,-0.033416763761753746,0.2223898627602851,0.3026194936966061,0.2015166823502288
2022-02-15,-1.19498707838101,-1.0815601071082286,-0.978991541412223,-0.7524964430527554,-0.6749446547157382,-0.38631530698001254,-0.2151092946444843,-0.002398217819455716,0.19641591157054702,0.2988290223002241,0.1858613107692495
2022-02-16,-1.1752806859467833,-1.0768843826370924,-0.9698469844772984,-0.7873967681945776,-0.6584339851092503,-0.39327017779802004,-0.20406421371005856,0.0266179547220921,0.18319113390467381,0.27412092706897795,0.15926423383160562
2022-02-17,-1.1432469272208705,-1.0813334396796148,-0.9603039003728796,-0.754924651056141,-0.6484991133952687,-0.3906826207315669,-0.20452742925189207,0.0038539843198235843,0.22255362759090375,0.266986593617138,0.17756732285852744
2022-02-18,-1.158990242642513,-1.0914091284980865,-0.9792576554090685,-0.7494875997193,-0.6159587078914327,-0.40531169648085463,-0.19204433740904572,0.029959812637561214,0.22038975647792322,0.26493274358492946,0.2453605563820122
2022-02-19,-1.1993086370891557,-1.0586041081889093,-0.9920550098710101,-0.7789044898785307,-0.5996883459989977,-0.3452173084982646,-0.17754220858164735,0.013318226843837523,0.21031439956876963,0.27212525863259523,0.21104708879001902
2022-02-20,-1.1731756733620369,-1.1099368340541511,-0.9275175939165964,-0.7692239540065254,-0.6097528215052781,-0.4149716959242092,-0.20386115724275666,-0.0047450749047077655,0.24894001364972435,0.24532610162036309,0.21064128368434443
2022-02-21,-1.118778245704817,-1.0915566655404665,-0.9089324021299283,-0.7854364476622588,-0.6227187766550965,-0.38895025287554424,-0.18433096925944237,0.007967221954606588,0.20511595504118096,0.2567864102700615,0.19871128332514154
2022-02-22,-1.1660075825861476,-1.0751116952615658,-0.9652059991601184,-0.7274971922400221,-0.6688966725146588,-0.3909125267985988,-0.19341776570890637,0.0180142513192084,0.19978958444470882,0.3027148438424552,0.20492119844010176
2022-02-23,-1.176545313106539,-1.1263924045261322,-0.9872816829052505,-0.771368972212873,-0.6535845781044664,-0.3681431110514005,-0.16997481383276777,0.010118411231861467,0.1966423929934061,0.28918313842216786,0.19589252819948658
2022-02-24,-1.1556520654541076,-1.015530834069449,-0.9310592031969556,-0.7909961646024426,-0.637697405162688,-0.36536620800317193,-0.19766035275067087,0.010821549248284887,0.16803250086496688,0.3229113056764003,0.22022765680301368
2022-02-25,-1.1484536106501566,-1.091824293570266,-1.0037073652979172,-0.7854340854865743,-0.65834941359161,-0.3933389077518823,-0.19451160453406946,-0.011764690329373245,0.22399506146385176,0.2749816836060614,0.20998178371677875
2022-02-26,-1.178545146554905,-1.0885912016035135,-0.9755102709855241,-0.7639716728393506,-0.6277107965547047,-0.3848742755400772,-0.2015009490678761,-0.0029653444989588516,0.2052219279531522,0.2738212314544249,0.1785773568781312
2022-02-27,-1.154188805586082,-1.0603312241534946,-0.9841561012290253,-0.7479198956509124,-0.6237410222390106,-0.3835398060975189,-0.19580938844433007,0.06470834495849839,0.22099510608855222,0.27304935194104113,0.2145899376322371
2022-02-28,-1.1745975011913912,-1.0685013804493653,-0.9953636525358831,-0.799770934903384,-0.6279680122104843,-0.44817880516388603,-0.21096246698326773,0.03933639848596767,0.2546716862776601,0.27564562414492494,0.14715618814359033
2022-03-01,-1.1480241262931632,-1.0900553658539875,-0.9730079221619432,-0.7198158162653377,-0.6153789512249594,-0.4307320564008432,-0.21307224849248674,-0.027853338759141803,0.1992238894134857,0.26749383333243615,0.21933916365304573
2022-03-02,-1.1614071127196859,-1.0873962057165167,-0.9872537436483171,-0.7579325593175775,-0.6632642220117948,-0.4057760339370171,-0.17125530703689976,-0.04982366560662695,0.15090034041124334,0.2911252636982121,0.17411663691011908
2022-03-03,-1.1532525501344941,-1.1279054590845157,-0.9649853842070998,-0.753640346486581,-0.6169810282085113,-0.40434171272023783,-0.21738178789043117,0.011603064725401908,0.2217250134269532,0.28542585586789415,0.20729687703493196
2022-03-04,-1.1839439204484181,-1.1038759762404797,-0.9642849026024186,-0.7673940703898162,-0.6573554680472352,-0.4199463923433336,-0.19794228403667785,0.03237249056641944,0.21420715295308662,0.27228780565981286,0.18016997812586497
2022-03-05,-1.1851694592040871,-1.0767070441982913,-0.9801705926903149,-0.7641558254184874,-0.6631606984183376,-0.3708977353179247,-0.16425372994549056,-0.0026358455378206608,0.19205135349845157,0.3166414232232071,0.21043328038606196
2022-03-06,-1.1406833135251335,-1.078223425165546,-0.9735835800564648,-0.7680278245898032,-0.6260178427869586,-0.38926778561618125,-0.19813826601670825,0.036220722063330366,0.2206109122489194,0.3330938269205396,0.22513621684028748
2022-03-07,-1.1659996747485477,-1.058485621463808,-0.9697859894115031,-0.7385698659880113,-0.6086179261589358,-0.3943821288985812,-0.1682962538717709,0.012476598911266814,0.23063764278869914,0.31514966492542473,0.24855591191732923
2022-03-08,-1.1565935789354107,-1.0917319739434777,-0.9434732959599088,-0.7639176621742289,-0.6265191103284943,-0.4201233293505792,-0.2034955905060656,0.0072040205189310424,0.18761530475681676,0.3002336528391903,0.17274661113681847
2022-03-09,-1.17109476614975,-1.1231170433083584,-0.9671456154991913,-0.744258625010269,-0.637914779878273,-0.38954850207870634,-0.2147139706313415,0.030467998931792868,0.2040318229923288,0.30560936268400773,0.2359519434191917
2022-03-10,-1.1406929791409939,-1.0617428877219428,-0.9425436049716822,-0.774007336575149,-0.630407302838797,-0.4538282673912999,-0.22803179486385514,-0.00145804331389136,0.24875769475488863,0.3332492394543238,0.21511766914310218
2022-03-11,-1.1780935821575738,-1.0519960990022816,-0.9482530080679658,-0.7580073194490242,-0.6344876597051502,-0.39197224042697815,-0.1550802309250156,0.0049340092980765145,0.19406111256243375,0.3061096502371535,0.20083498852255224
2022-03-12,-1.1660365418446053,-1.0651903965256773,-0.9483582434245644,-0.7827445194530686,-0.6657952832504679,-0.38606691912688906,-0.2160682903879434,0.029107670706178562,0.21402023303826165,0.27272384283793494,0.23134990177940348
2022-03-13,-1.142755937364746,-1.0914965994537615,-0.9277096084236749,-0.7319925518685858,-0.6684712613059471,-0.3813578830742867,-0.16872609292919688,0.011809343891025188,0.1469839631665787,0.2974010554839395,0.20669612104054566
2022-03-14,-1.1328519520238078,-1.0610664932059997,-0.9901609164965621,-0.7830198255208922,-0.6391467914897507,-0.42627868858989626,-0.21217482017274886,0.060543262331529075,0.17577771797005334,0.3034799621486687,0.23076211840710267
2022-03-15,-1.1750517216238612,-1.0012349773979885,-0.9737873170058717,-0.770082225454727,-0.6349613184539613,-0.38133732093090694,-0.15402314139969833,0.03038789597320658,0.21698019808512614,0.2631743288009082,0.18823551782360629
2022-03-16,-1.1127585073874269,-1.083871799075312,-0.9176681369288345,-0.7696246172476924,-0.6364672974771305,-0.4127863886829374,-0.13158103882094627,0.028969738771995244,0.24394908830331627,0.2811261225975968,0.19742446725626892
2022-03-17,-1.1537237663027677,-1.1193482259512362,-0.9679877211598397,-0.7704035933369523,-0.6196522683038602,-0.40686655445241626,-0.2287180601373664,0.012207575203265302,0.179394449304867,0.3159549869562787,0.237035192674757
2022-03-18,-1.1874436090390246,-1.1010275287326097,-1.0317484947414521,-0.7433080082577324,-0.6417573203979143,-0.36842211784823914,-0.21348931334777616,0.03549846442393433,0.21549369905770663,0.24304227912995455,0.25076461059545474
2022-03-19,-1.1519711419111909,-1.0705605431183385,-0.9662716517046368,-0.7691138872443558,-0.6221229635783183,-0.3358446000419461,-0.1668691465308591,0.005737362554019106,0.20440960914771739,0.25754184324804547,0.21292675939523903
2022-03-20,-1.1706109621551897,-1.1261560895655547,-0.9576624935390219,-0.7261878685295764,-0.6396506509762644,-0.38475201282303617,-0.1732099087089578,0.02102346198688468,0.23779121958170918,0.28455384186618865,0.14428179507300232
2022-03-21,-1.1500343541601945,-1.0816509894669721,-1.0263138942755539,-0.7813479434930279,-0.5903020922888621,-0.4063134528057796,-0.16646301997076893,-0.008793392514887758,0.18366885102716166,0.2979559235478689,0.2091377015950149
2022-03-22,-1.1618191473806443,-1.0762393249312385,-0.927399350191937,-0.756513304440568,-0.6337298980209746,-0.3810309800013857,-0.200091629949245,0.040238293616629145,0.22500420002005153,0.2553114476871417,0.21506291175642508
2022-03-23,-1.158764205075163,-1.0472430038346001,-0.9784638589265563,-0.7800156970627313,-0.5771029820417743,-0.3621453183924377,-0.1359326933043321,0.021644070101628464,0.1980366854951773,0.28620922137843513,0.20855961825275438
2022-03-24,-1.1832958567188943,-1.052751150902883,-0.9522919444245527,-0.7499817027409539,-0.6267057325269689,-0.3699810831574221,-0.18255478563699618,0.06405680428820634,0.22006992831642136,0.31833819117297363,0.22290244173739773
2022-03-25,-1.1356511694285971,-1.0637880804027116,-0.9660522388301074,-0.7608014433709251,-0.6407446294612114,-0.3168248783849122,-0.2158267646175939,0.07440475939523805,0.21632057611120595,0.29131358623035125,0.20267455161356107
2022-03-26,-1.1892142958020588,-1.139378086886146,-0.9925198971033838,-0.7641876627407448,-0.6577973110297747,-0.40319455085064937,-0.19163982412435632,0.03377187466254596,0.20839441152315188,0.31316611196749555,0.23566065989366797
2022-03-27,-1.187950406109367,-1.0622049555230437,-0.9869939870901274,-0.7305194095616538,-0.6713034980756843,-0.37892549672625947,-0.21532045612996273,0.016479349055955644,0.22671401243249273,0.274965863242383,0.185600884457482
2022-03-28,-1.150979231425426,-1.0675254055026067,-0.9835403110648014,-0.7765217869304905,-0.6599492972640167,-0.3464402913186578,-0.1453897061902602,-0.008814852957252078,0.21592807820346122,0.26958883842615766,0.24575797752974068
2022-03-29,-1.1200358948962248,-1.0787083916487152,-0.9329652033460829,-0.7454441221352238,-0.6570971588047736,-0.34795302015021046,-0.2016152826456767,0.03751174400579681,0.21157284137240887,0.31111484468145245,0.2536449695233535
2022-03-30,-1.1688774105803879,-1.1283181363074146,-0.9637510378562812,-0.7792865809706473,-0.625192082643473,-0.4338145313168869,-0.17275049603516188,0.02019453094360326,0.206027003495654,0.2991690552126273,0.19211092339471486
2022-03-31,-1.1425056914828138,-1.1044493472800891,-0.9730766374642064,-0.7572128695464034,-0.6481841338269174,-0.3851139400514122,-0.19679682817496716,0.028420871428448867,0.21690996019322079,0.26033010025522585,0.19213000480951076
2022-04-01,-1.133175755499216,-1.114179829159156,-0.9833744827355602,-0.7898986431263905,-0.6303360836069419,-0.34789624077458686,-0.20039394266486718,0.058235424765601694,0.22054182878284748,0.2699697171751259,0.2252581229236338
2022-04-02,-1.1396332594782008,-1.1353755813982296,-0.9300966148723993,-0.776563299068221,-0.6029509113511353,-0.312734295650574,-0.23275672494257865,-0.0056109526271360885,0.1902710775874321,0.32911416061588294,0.18531911934587536
2022-04-03,-1.1677835408831527,-1.0850762124391804,-0.9233983018407208,-0.7620569097931322,-0.6371985424446819,-0.36740843656003996,-0.17004896857904633,-0.008110937865843923,0.2062598853982551,0.26688278585945663,0.2026815945686315
2022-04-04,-1.1872943167023577,-1.1049637018085752,-0.9303995513048386,-0.7146519195894288,-0.5830392313108357,-0.3942147311149178,-0.1525386174567761,0.009071202768227267,0.18860220261171498,0.3133400698956442,0.24254502513889464
2022-04-05,-1.2152335005183827,-1.0194121718698759,-0.9477338778977445,-0.7575247146151044,-0.6644400858850786,-0.4102748901875334,-0.20794400091072746,0.03548521736719691,0.21395905305388171,0.27800052119255886,0.23339535773532544
2022-04-06,-1.1666543260519444,-1.089302612051332,-0.9528375625186165,-0.7187166056687168,-0.6388479022747576,-0.329614729627113,-0.22371404144035112,0.02878836743997787,0.200108381313265,0.28983729001543745,0.2644215949768554
2022-04-07,-1.130681459715779,-1.052789815033184,-0.9905320893792307,-0.7546255616375602,-0.6486164670201077,-0.3669151042681892,-0.16505074286138746,-0.007525856722227525,0.2341359347696982,0.2972311715937511,0.219135959760172
2022-04-08,-1.1882999371750207,-1.1244232631733027,-0.9663412657237486,-0.7698728936678456,-0.611783122404547,-0.4063974607281075,-0.22635182128362838,0.03371803496158994,0.23162238688794518,0.23727968218153792,0.19953326238707325
2022-04-09,-1.1427644798413343,-1.0985219656794252,-0.9773662311129643,-0.7217858129642861,-0.6912645167884565,-0.39034863518764795,-0.15478140263059695,-0.015300046501635023,0.19166155988158737,0.2531623405850141,0.21601136176202207
2022-04-10,-1.184109250691559,-1.082932990539404,-1.0059932401648797,-0.7494299968884265,-0.6714333196697072,-0.3776007745195442,-0.20796531551412734,-0.006298979298983275,0.21458687892477635,0.2918028880294173,0.2108798540745223
2022-04-11,-1.1578010819810356,-1.1081567451058982,-0.9340268109115722,-0.7765209362377743,-0.6381365669519805,-0.3718577300435034,-0.21303521496132205,0.011660670679563865,0.23051001809050273,0.27143941451469666,0.2111331758792152
2022-04-12,-1.1428672836475717,-1.0961170911215654,-0.9779578226612536,-0.7487977875164393,-0.5967776309762095,-0.40805254044009154,-0.1793505134731645,0.0006021448491726929,0.2100552179944525,0.3143524583804188,0.21384283329615988
2022-04-13,-1.1771703238417615,-1.0911317105768892,-0.9307843902349181,-0.767997806668491,-0.6300368920698681,-0.40103769837393805,-0.21163642004608665,0.03656354929547264,0.1961116239590607,0.24916404005749615,0.19102289435804337
2022-04-14,-1.1565533353167576,-1.0916631519703026,-0.9387717923151802,-0.8105413072384628,-0.6696041386907863,-0.42713881639350443,-0.20349322936651063,0.02134400974084694,0.18687445946469972,0.30331592407226926,0.22123999154008567
2022-04-15,-1.1713368613928388,-1.0395816136488216,-0.9470416285588699,-0.7375602489930649,-0.6658887427919611,-0.3599655207345857,-0.1771100296579301,0.05817945146597622,0.2353971110647538,0.2546348915151866,0.17882384033132995
2022-04-16,-1.1434865556613834,-1.0766596149990497,-0.9457931703407579,-0.7337419207437893,-0.5942905295637138,-0.39465573380409547,-0.24684308056400373,0.007705093731302069,0.2364525565722867,0.28008210301155173,0.19596406266745958
2022-04-17,-1.1553995594669217,-1.0742947246055048,-0.9766653357308801,-0.7153339379292306,-0.6518108586489435,-0.3746244474494551,-0.14522200753082937,0.010662457544943958,0.20851882134911137,0.26210806721501345,0.21074554224246714
2022-04-18,-1.1600484861967024,-1.0729698086988073,-0.9150149242751674,-0.7509075857525525,-0.6600352623686782,-0.35090471534302586,-0.18537017474579062,0.04379838716911001,0.2326922615557329,0.3360995689543459,0.15704998912617618
2022-04-19,-1.1226925383169588,-1.0713356278870803,-0.9605731515466819,-0.7678693729225714,-0.5997169733047366,-0.3811545337611595,-0.21897543763059635,0.011075692601396946,0.13921844943235834,0.254861408605241,0.23257350108811478
2022-04-20,-1.1452951065755748,-1.0889249347316539,-0.9543044680068146,-0.7409780244503176,-0.6115753349951074,-0.38967702203350885,-0.21228389436695322,0.05049737105790645,0.24633610613294873,0.28509574748099226,0.1618183771190302
2022-04-21,-1.1793243334526706,-1.0950841960864843,-0.9782924451386791,-0.7408200276665405,-0.6052140457178433,-0.38221749987741477,-0.1622743773429931,0.026455168460099134,0.2090108430685574,0.24476355949998307,0.22967415547294132
2022-04-22,-1.1644361517843274,-1.0831191527764263,-0.9855686857838072,-0.7213325246859728,-0.6610406012710287,-0.3857097141681275,-0.1722632308875306,-0.04610921601151718,0.21625485975560407,0.3276996987873816,0.18039021348741274
2022-04-23,-1.1644222157751745,-1.0586046474253459,-0.9505923459279472,-0.7636404367248438,-0.6756523871735418,-0.3563706212012341,-0.15285522971605245,0.041914514205553845,0.20446231076016805,0.2975073142562474,0.20235228658422977
2022-04-24,-1.1607630534428506,-1.0596150880475712,-0.9573332053600112,-0.7669105170726707,-0.6344418805244132,-0.380000082820011,-0.2048396138785867,0.03504712756951438,0.24712164428820682,0.2906532844814859,0.2252072234152549
2022-04-25,-1.099915639197089,-1.0940383330044865,-0.9827621802598406,-0.7809169816062395,-0.6296502177854347,-0.4016383966017491,-0.1806137751835062,0.03575494404048733,0.1854533382888354,0.3238294523700169,0.26692511687471077
2022-04-26,-1.1540253576398496,-1.0691005625909216,-0.9992573229270094,-0.7498601027894943,-0.6291816098650035,-0.3621004285353805,-0.17763245716303233,-0.03607111442125573,0.24856485320754665,0.2903889060779411,0.21461464448505946
2022-04-27,-1.214473379048851,-1.0934404313722232,-0.9953238919794201,-0.8022823565020023,-0.6016212164052563,-0.3578137058872725,-0.17119412728992545,-0.005150563828007559,0.22133095822739643,0.2919134691072956,0.16185852699878095
2022-04-28,-1.1774357421999369,-1.0880190041711315,-0.9339624249797349,-0.7444635835854485,-0.6822099451572189,-0.4223240335775242,-0.16068373982121087,-0.0035833887459318925,0.22670083749094136,0.2894273642946162,0.23497661040888174
2022-04-29,-1.2124757305579992,-1.1010045129094588,-0.9794977737368554,-0.7494705503239589,-0.6176740520881595,-0.350846831251401,-0.20709802601671234,-0.010194462559613468,0.20260345754617345,0.29992442976547434,0.2050356115079209
2022-04-30,-1.1727226635209664,-1.094018835567476,-0.9729504207367161,-0.749850952033361,-0.6668933331985033,-0.3803599127646081,-0.1923319637888323,0.05407035620252816,0.17781681295777046,0.27321125830714815,0.2122699592666503
2022-05-01,-1.2144822675842195,-1.0562662601023165,-0.9285410053720821,-0.7613438809285127,-0.6184061288195376,-0.3827177630873936,-0.20505325548056222,0.00990629221335056,0.23346325729734396,0.27984330547485814,0.2241470639061318
2022-05-02,-1.186921509028338,-1.0878212185681464,-0.9931855112887875,-0.7268072910633501,-0.6520056648646616,-0.36496613146171425,-0.1914470440855365,0.008954229182643592,0.21765346152810616,0.30512661845980904,0.15423380382573001
2022-05-03,-1.2034923531188568,-1.0870922521641957,-0.98364918552093,-0.743674478242332,-0.6608236097752663,-0.4046487246531105,-0.17301349532642915,0.023325892879890904,0.24356627157971694,0.2914600089109435,0.20968910631537632
2022-05-04,-1.1562231087608201,-1.1270075576914558,-0.9850462839240243,-0.7810040429943994,-0.656074680883737,-0.3669730003552338,-0.23217800071652447,0.023405428487227604,0.20432847878460064,0.28131678893743994,0.19893053954117568
2022-05-05,-1.1661765536401556,-1.0989211353966957,-0.9257383256767264,-0.7809195139483186,-0.6773302927252915,-0.40060942444932385,-0.16345574846939534,-0.07456235547152323,0.1983291778216497,0.24879690251835473,0.2393558349442605
2022-05-06,-1.1589889231357864,-1.0975958534168728,-0.9167283933086942,-0.7885548261586205,-0.6405522573274179,-0.428436747816013,-0.22004253392984827,-0.007721919251988622,0.24313922509275307,0.32088827629016037,0.22661486326021404
2022-05-07,-1.1695596167652569,-1.1126744191871287,-0.9481567514159893,-0.7531637487316539,-0.6612626668175551,-0.41688973902871695,-0.1996300900434744,-0.027265546495825563,0.2558515220613925,0.26651781520018714,0.16737911987941767
2022-05-08,-1.202195921697274,-1.0917968426495743,-0.9477538598383073,-0.7923419509731623,-0.6226810221696564,-0.3781629321195827,-0.16123992981801025,0.017669174386707114,0.20789520146697993,0.30734245301831803,0.23922716836656285
2022-05-09,-1.1549027679157942,-1.1034703594028537,-0.9822496772184804,-0.7406559985575785,-0.6267394001213393,-0.41637751064702866,-0.1845405591975771,3.688749448658296e-05,0.18844026043141016,0.28665303914504,0.21849732505684305
2022-05-10,-1.1200970714419591,-1.0911527890676056,-0.9194694732760883,-0.7350783527400568,-0.6009487591261257,-0.3529007823689541,-0.1846644367421039,0.0072320036638363295,0.22711058362104336,0.24951105148305786,0.16816627461497416
2022-05-11,-1.158343691331688,-1.090536430551378,-0.9618815994378849,-0.7905494125206127,-0.6344158187083245,-0.36384191946086036,-0.2230896569292292,-0.04553699951911451,0.20007548004888176,0.31273288114141395,0.2078198217904679
2022-05-12,-1.1796527533282577,-1.1178984972908845,-0.9476768817340748,-0.7736433517101398,-0.6309876941683166,-0.3606686591944942,-0.2201067867409144,-0.001750943962580848,0.22097693228970158,0.2873588778146701,0.23186601450107802
2022-05-13,-1.2051461348910146,-1.104412000050458,-0.9720825789576522,-0.769028930954318,-0.609441960192683,-0.39132499099644297,-0.17091304557165532,0.03343380080744207,0.1990736451521529,0.3139391784300478,0.17520444769728685
2022-05-14,-1.192595001167719,-1.0929589698296989,-0.9765941415819099,-0.747793747886978,-0.6605848942993872,-0.3884467864663457,-0.2096219155358294,0.040342910178834505,0.2442070235565757,0.2755464555828824,0.23954610649741576
2022-05-15,-1.1590251281517547,-1.065743633787138,-0.9287750630761532,-0.7301175351758092,-0.6825575748866319,-0.4251939159221631,-0.2077239163985524,0.02262046592246131,0.18716164280767636,0.2972501611831202,0.1668331610807557
2022-05-16,-1.1439897471665563,-1.089399718516647,-0.9573246058430828,-0.812955007658255,-0.6408153463583307,-0.3709231100826032,-0.1717189165601727,-0.029204330172743497,0.2161955437265085,0.23511912437983418,0.18440162274728486
2022-05-17,-1.1647712690849124,-1.1128413029508972,-0.9350085369262019,-0.7792474413911286,-0.6818587601833216,-0.38679708707703436,-0.22254076208719972,0.03519212162184154,0.1914895272912354,0.2662016799571945,0.18013530566229616
2022-05-18,-1.1517794733530633,-1.0868015366146164,-0.9653934513020868,-0.7784270729847216,-0.5854281887725782,-0.38259401496340634,-0.19004577727355643,0.02132340077928749,0.1961856803687679,0.24639851109850536,0.23764668769400366
2022-05-19,-1.1545767948238401,-1.0545800286914768,-0.9934779143350982,-0.8072854972966846,-0.6108812936225474,-0.3550609556381988,-0.1961960677703286,-0.00019847677613437894,0.1924298577064647,0.2683616528245193,0.19045584566174917
2022-05-20,-1.1601057038362717,-1.0748514018061939,-0.9873526369428816,-0.7848968141035209,-0.5936696552883798,-0.4129181382196071,-0.1978362067675004,-0.04839497148366298,0.22069613803141605,0.28902622986673426,0.17316051131255566
2022-05-21,-1.1897392853129902,-1.084589282170568,-0.9707033143698434,-0.7625832218226934,-0.6467162710148805,-0.4014309841783916,-0.21123833622839627,0.02556242833510424,0.22468163244188813,0.2616080523771877,0.21285282654139287
2022-05-22,-1.1694456579122579,-1.0806539913245785,-0.9894562511127197,-0.7807607182826255,-0.6350294058690966,-0.3906269726730824,-0.2132901252482198,-0.01359790396122109,0.2151497250116727,0.297802306629333,0.21773577905318137
2022-05-23,-1.1955272565675912,-1.0633189604348217,-1.0020043466862296,-0.8129333406857228,-0.6608046972693535,-0.42270369660700513,-0.22627691556540908,0.00933633405583205,0.1979826018608308,0.2542668724407122,0.21737059089931582
2022-05-24,-1.1744137635922143,-1.0729588175657252,-0.944814061621491,-0.7029974199659188,-0.6277763672764979,-0.4045394579480876,-0.18778286176513395,0.0018603590997499182,0.20365501335887323,0.29728142792508283,0.19336703345318312
2022-05-25,-1.1671170277247942,-1.0862196064735254,-0.9890103677720546,-0.7687341693713624,-0.6807771963027434,-0.3880648707397927,-0.2170923457893853,0.03807125860949004,0.22205442321001873,0.30735531314538406,0.2059747415244568
2022-05-26,-1.133965442286332,-1.074218981981251,-0.97248021877622,-0.7731426842183362,-0.7145123672078726,-0.4090705692553238,-0.17671642194182183,-0.004069212120940833,0.22229775220918704,0.29940311590627156,0.18280913537326474
2022-05-27,-1.209231889267492,-1.1285298673149027,-0.969085250161161,-0.8039367489849774,-0.6712563553955153,-0.3687638546650732,-0.2071024659480674,-0.0018664296604497888,0.13125451930786058,0.2649066837959546,0.2403814520400922
2022-05-28,-1.1650114185090445,-1.1396057405923339,-0.9917529374168412,-0.7705314552345452,-0.68843594617426,-0.4398222233292518,-0.22851037151935297,0.037416275478138715,0.1911453364218556,0.2198145507675694,0.22655601968262126
2022-05-29,-1.1405855147130033,-1.0986889632374972,-0.9413464428458744,-0.7817217741046304,-0.6156682610996046,-0.3745471484977594,-0.20856177655730346,-0.019071985597347678,0.19177710071041995,0.28693774541484074,0.22445749122242392
2022-05-30,-1.1592191883124043,-1.1014733647171104,-1.0061189264884893,-0.8254034677762592,-0.6077984460813661,-0.38666074558797386,-0.2134618124367858,0.017167688826820446,0.2135409316447801,0.26867874967374344,0.21666251590596464
2022-05-31,-1.157947162002897,-1.117368549411354,-0.9722301664840034,-0.8055271840738831,-0.6888440248838504,-0.41799151276243746,-0.17854321278032134,-0.008736191145484289,0.1945599314837087,0.2467693784232935,0.20922253457635237
2022-06-01,-1.1646651318126708,-1.0837111876136731,-0.9732045616999513,-0.7594843539175172,-0.622064614171335,-0.42746771856511584,-0.2135825090906542,-0.02942105340948914,0.21362208016436632,0.25673551901887387,0.1645334335368894
2022-06-02,-1.1474919652177837,-1.1515219171234499,-0.9813066925337727,-0.7313498862121579,-0.6311657028746497,-0.4569573928932303,-0.21185558699217713,-0.004921302794147176,0.16808315326206724,0.30591030544895104,0.2108822034442222
2022-06-03,-1.2077360459184616,-1.1189183981170974,-1.0129719070474519,-0.7713699565895763,-0.6947935088336243,-0.42542846702599824,-0.17026042407834152,0.011743536124547267,0.20095227117086711,0.2410174032690937,0.19730753903593057
2022-06-04,-1.2158017863423018,-1.1182775083149858,-0.9593831808964589,-0.7535765377357113,-0.665910307966336,-0.3799742033179705,-0.19344693665646173,0.02768912630636731,0.21635152164321692,0.28055410969748484,0.2254304824307275
2022-06-05,-1.1819220857712933,-1.1476712768871482,-0.9631759655012967,-0.7856576149742419,-0.6712678253127746,-0.40816587541662847,-0.16519608185957424,0.030103617373980394,0.15637669600738466,0.27368522213127344,0.21342174729989905
2022-06-06,-1.2364083012152731,-1.0700109734442476,-0.9992684618407607,-0.7845429026429954,-0.6386793636603003,-0.37830472661618414,-0.1759031235243826,-0.014748350481618537,0.2554618380792424,0.258686059757439,0.20638026312784533
2022-06-07,-1.1522338412967676,-1.1419800181178008,-0.9653128062210838,-0.7557255107107314,-0.6887194701738433,-0.4234967631668316,-0.2301790511102892,-0.032681217202023195,0.2217721619204452,0.28311333078160833,0.14989439366052826
2022-06-08,-1.1531078817599894,-1.1233342630800673,-0.9742530694898558,-0.7420563294178885,-0.6610975772888622,-0.39094810764471105,-0.18387699028737245,-0.01659423413681215,0.19140807091426593,0.3071803698250965,0.1891492249374131
2022-06-09,-1.1950901528108546,-1.0865568949886129,-1.016271692567769,-0.7517289715971008,-0.6764047515324818,-0.42719385398585186,-0.17112380663187654,-0.03879465776699524,0.1700334083852895,0.2583443234691037,0.17679630456866724
2022-06-10,-1.1941609463083542,-1.093740547806123,-1.0062399042561252,-0.8115507582764618,-0.6480581518072128,-0.4340310565470874,-0.17157135308375593,-0.015326336377254054,0.18573118985131595,0.25902879490623104,0.1964174667127354
2022-06-11,-1.1873401376495762,-1.138235818182928,-0.9570744146485698,-0.7872054230286905,-0.6659512515630076,-0.4132096312000762,-0.18582905118139212,-0.019073082861303277,0.1915636082194742,0.28002017185394573,0.1790798424431246
2022-06-12,-1.1848749912321803,-1.0941132772616546,-0.9784401028646194,-0.7792373903812633,-0.6745566500916805,-0.4277996702761706,-0.18698743262044126,0.0070117476107484505,0.19984105642713057,0.2867805630427044,0.1819258481044967
2022-06-13,-1.1836443127311618,-1.1045790487445633,-1.0009312343562844,-0.7933156097987071,-0.6671560751018207,-0.4503942144369491,-0.21939018680290753,-0.06697204020887826,0.225692860525482,0.25998365911026533,0.1996521869116488
2022-06-14,-1.1735199156906095,-1.0541498293097802,-1.008937615641883,-0.777779279777177,-0.6115746475415641,-0.4170335858804917,-0.2334102704713063,-0.03081591701473294,0.17562181990136194,0.2548899382350919,0.17672082879821366
2022-06-15,-1.1924471460542725,-1.1030329768273528,-1.0010163321819459,-0.7676170669373368,-0.6735539781320452,-0.4104706018182781,-0.2219369202014968,-0.03126944484010828,0.20093625871025367,0.20642734975294563,0.18990830126028993
2022-06-16,-1.1652109404050868,-1.1173218185187446,-0.9999027612389739,-0.7637205291931528,-0.689815903449126,-0.3820818077046297,-0.25541049802785043,0.015887408318169254,0.15389849794296584,0.24175900419880478,0.14822392973611098
2022-06-17,-1.1783046858627475,-1.1358659292188653,-1.010602456106611,-0.7473066264853416,-0.6498675410619806,-0.3910332383625532,-0.1808834974053371,-0.042299489725905165,0.1752066018509886,0.23206382790743152,0.1647365827901188
2022-06-18,-1.2052931989275786,-1.1337251969546518,-1.0336632155903451,-0.7983551403988836,-0.6687072295163365,-0.3846205327999418,-0.2222014367662054,-0.009452678789537754,0.19429880841597139,0.2769965121270347,0.20128197639931142
2022-06-19,-1.1574099564956732,-1.1364320005774795,-0.9622874410307558,-0.8248886023117584,-0.7011686214624373,-0.39777883573093775,-0.18350450496415152,-0.018990983551270067,0.20149378908444462,0.25311465309420345,0.1534574238918126
2022-06-20,-1.2254155880354705,-1.08218169303461,-0.967193321567122,-0.7825032985320468,-0.6106717550023465,-0.40814384440865875,-0.24724665281294816,0.00961689978850137,0.16471002470097634,0.25146529647911864,0.21468396355766675
2022-06-21,-1.1944372296787942,-1.1166838365328453,-1.0239644707034286,-0.745037808628637,-0.6759450580479233,-0.4478567070700542,-0.19006746138320169,-0.00223728779549328,0.1718471231914452,0.2576405090011685,0.20722689947427608
2022-06-22,-1.168636401544091,-1.1036781584716093,-0.9894015541818858,-0.804733733069829,-0.6772560729200113,-0.41406253162259565,-0.2301813530254605,-0.014778243275468037,0.21870457931861115,0.23543625167588747,0.17548491504552782
2022-06-23,-1.2115645471052632,-1.0806315294829372,-1.0160436745503285,-0.7763165450558663,-0.6644918356847569,-0.40356787504918895,-0.25059695469018867,-0.032354391347161046,0.21055999600824182,0.29534346018475954,0.2564806331551023
2022-06-24,-1.1864291409540264,-1.1781296356783915,-1.0007072127038683,-0.776774387311389,-0.6259151128929841,-0.38273208338894404,-0.17849008081921108,-0.06547659470095192,0.18604339830310418,0.2882868156692103,0.21190955732300232
2022-06-25,-1.1812665829769207,-1.0878782287843873,-1.0034692373987382,-0.7900640217182816,-0.7118437060648717,-0.4026928593586014,-0.1921672811683774,-0.013672931509711635,0.12423379826758538,0.29560259667429545,0.15641793943045987
2022-06-26,-1.2170467364146633,-1.119148716920549,-1.006229495108079,-0.7953605216890394,-0.6636339934796187,-0.38952405384999667,-0.2152388292104876,-0.007271394751885396,0.24224467397711802,0.2715517910658401,0.198120711627369
2022-06-27,-1.1980304729971631,-1.110342320716301,-0.946144852905405,-0.819304260150347,-0.6190367259624714,-0.447018477291443,-0.22037008287893795,-0.06059022031917838,0.17828318095125686,0.25304451711713954,0.18042804665068188
2022-06-28,-1.2008171365858917,-1.1426146213743678,-1.0079126829475662,-0.8539460926411759,-0.6686863238121703,-0.43006498148436384,-0.21091679036018354,-0.05274689493887523,0.17028128271880535,0.29346369174451065,0.15867765689785324
2022-06-29,-1.2113849152011757,-1.1414695788665812,-1.0177980645320415,-0.8253877365719691,-0.7034748183879553,-0.41185770106383646,-0.21772575445743303,-0.016283219571076403,0.16434953294827886,0.23538436019680725,0.15066080251547648
2022-06-30,-1.1407372393785495,-1.1110579634344941,-1.017343646417245,-0.8080367144076113,-0.6887390320038351,-0.39425529341125476,-0.24308600953410558,-0.014800568524622046,0.18613006525015896,0.2299406648443559,0.2015932226923907
2022-07-01,-1.2180449212270519,-1.064352317382628,-0.9728728384808708,-0.771531695205347,-0.668795199146995,-0.42759797853688764,-0.23426856913553773,-0.04873344514321618,0.18569730233835857,0.23599494973983887,0.16108410099348197
2022-07-02,-1.1745324627727556,-1.09957288730408,-1.040958278416776,-0.8022339216832369,-0.641385622233456,-0.4267168691031813,-0.17563777432348487,-0.03900733796365343,0.1991099767037104,0.26341606154840497,0.17279737099962125
2022-07-03,-1.2101643052975763,-1.093706206840084,-1.0194098527864355,-0.8133199228485013,-0.6838276759859491,-0.40816577222547307,-0.15854036130984717,-0.07125650083980821,0.15150416601572717,0.23060309028976067,0.15163007191878924
2022-07-04,-1.2281986423312174,-1.1308327693656208,-0.964862166606297,-0.8233073736579211,-0.6553664426732746,-0.45417950828771336,-0.1869660249783182,0.008398859986245524,0.1661548904373832,0.24508293768546474,0.15526331395844992
2022-07-05,-1.1991505332413046,-1.141725994934822,-0.99562123462024,-0.7853007436074443,-0.7126051099963535,-0.3865357755745955,-0.21476529081611564,-0.05921774950439254,0.22404275376042387,0.20823272833269937,0.17010588067803198
2022-07-06,-1.1861811964849445,-1.1469286548841067,-0.997610480968729,-0.7684496019338666,-0.713501490334508,-0.44938693342232383,-0.2358522569121801,-0.013852046313417965,0.1782062347366181,0.2596189105410744,0.18229602622347207
2022-07-07,-1.1800827197926969,-1.1403023022867558,-0.9497917976657461,-0.7765095661226521,-0.6901654763864623,-0.47606019475832106,-0.24805010651676268,-0.02896947657317306,0.1675914314974928,0.20897695665108373,0.10719556174187524
2022-07-08,-1.1647248422263115,-1.180101030821951,-0.9976227711689755,-0.7886277274987263,-0.6428307519458565,-0.42852979477962344,-0.24708853025344304,0.00345837049793098,0.1476780858677195,0.222914503635678,0.17164152498648078
2022-07-09,-1.1308352030364905,-1.1475893438571578,-1.0221710143188574,-0.8413566789444413,-0.6777444942970237,-0.38700489272547867,-0.24329805175203678,-0.04927271260423671,0.18318199736065105,0.2759628180875483,0.15188061440050632
2022-07-10,-1.1988870720042135,-1.1441587559995994,-1.012201853520012,-0.8139417831691976,-0.6729046472089378,-0.41548859883976297,-0.176370826062459,-0.028618609339593568,0.1956255283279579,0.2743580308265495,0.2049091392381524
2022-07-11,-1.22240927222243,-1.135215922236666,-1.0342177756025592,-0.7571493621545531,-0.6738799779874568,-0.4120547043017041,-0.18567491046723,-0.07329264060772875,0.19103272326845025,0.2535258593618675,0.24273684827334097
2022-07-12,-1.1951904223476686,-1.1282185277738583,-0.9751138545171482,-0.77846351821966,-0.6537820809528724,-0.4304776364598628,-0.2128553207691558,-0.07997545144103452,0.16201769789223644,0.2503793090258401,0.15950574360861644
2022-07-13,-1.213845987189185,-1.1231293917133822,-0.9928266204906046,-0.8456282438848907,-0.6974461807424689,-0.4360001008608019,-0.25620599283934314,-0.01728232383238566,0.1768406436550659,0.22953534539212103,0.12475362255314762
2022-07-14,-1.1847177623454375,-1.133240049902817,-0.9797565618424708,-0.8092566786717248,-0.6656597878795373,-0.47148964983157093,-0.21054051742396715,-0.07749256156848562,0.20892457032447226,0.22281049281470192,0.1700550086562211
2022-07-15,-1.240969944026735,-1.1480769137761608,-0.9782162384038576,-0.799463375801066,-0.7043129032139701,-0.4900254930651965,-0.23950626233035696,-0.03924627497845513,0.1932312206866949,0.23240312093847368,0.16132343014507802
2022-07-16,-1.1500038632492138,-1.1832961928908625,-1.0195674963324128,-0.8282661883848801,-0.6346304104112055,-0.42930541834820285,-0.28803746277532755,-0.008929840609901513,0.14618370463594255,0.20294641882921757,0.21507153941580776
2022-07-17,-1.1884796848498498,-1.1492636024292824,-1.0334997085194597,-0.8676109877544587,-0.7048906648266547,-0.40206715736073173,-0.22770337128420592,-0.016213765816870448,0.10146898616522586,0.24643032665460418,0.20678384636515115
2022-07-18,-1.2526467201540246,-1.1598578856512953,-1.0118394474918213,-0.8080760185837096,-0.7076063522860858,-0.42694327708841867,-0.2565944457299717,-0.05216125690783516,0.1718726929679856,0.24067415841108994,0.1860877545557938
2022-07-19,-1.2289349495658433,-1.1245575583010037,-1.033028253777682,-0.8309031834484797,-0.6724674816707674,-0.4206192388316683,-0.25641056273521956,-0.07592180541817298,0.1837549761607422,0.21545524132427468,0.14912342096171488
2022-07-20,-1.1914664866680913,-1.1141363278535974,-1.007744590885714,-0.8314645562480567,-0.6848738019851316,-0.39727557412995107,-0.2431287126101398,-0.024131141229551407,0.13590087493222883,0.27734853520009434,0.18007565138358045
2022-07-21,-1.1831156802331468,-1.1140600049609346,-0.9842218596165659,-0.821391290635702,-0.6793529714809097,-0.4293051103514066,-0.2499823559609934,-0.003967862065928571,0.1622559803094975,0.2526485611197431,0.1691008773392745
2022-07-22,-1.2449822799697805,-1.1192525208857858,-1.0173798304402104,-0.8165182371553515,-0.6824934944016733,-0.4412427167966717,-0.23903275976658142,-0.05473229125562182,0.15523118406419184,0.2541197058112402,0.16785674079350354
2022-07-23,-1.1959988462460058,-1.1421626358931416,-1.010074615259136,-0.8140515623592216,-0.7160842974770154,-0.45928761264808093,-0.24088275625725947,-0.05890731396700727,0.16378266554897566,0.22399200934219154,0.12221976127897391
2022-07-24,-1.263152046045739,-1.152517438366088,-1.016814689634775,-0.8365682967022408,-0.6491345760022037,-0.38891323515488857,-0.2863637765503815,-0.052591098300915684,0.1469140435928165,0.23549819882015122,0.18707633423215048
2022-07-25,-1.217341715244935,-1.1587858874498354,-0.9950401292972162,-0.8206135568490105,-0.6677697634609309,-0.42694462412931655,-0.20210136888608776,-0.02581810083798072,0.19215445633254127,0.250575998146527,0.16258688959962228
2022-07-26,-1.1879424400136789,-1.1784310839813026,-1.032438170923466,-0.8596791953263276,-0.6567698622845808,-0.4643336539642419,-0.26532802913997566,-0.010030670905885858,0.16295561094956043,0.23807594811124724,0.15673535524512697
2022-07-27,-1.2301621316051996,-1.1165778958399284,-1.0712853948937022,-0.808598261718423,-0.7045825105803855,-0.47065343004765575,-0.26518419798088666,-0.07236440863713793,0.13665033949325645,0.27367328126662194,0.14362184927215443
2022-07-28,-1.2546730710772327,-1.1463677895470317,-1.0052282921143978,-0.8884068989323111,-0.6815869249809029,-0.4106734204255593,-0.2502138448935396,-0.0794570588318985,0.18093654024106087,0.22790529716579905,0.13815957390988337
2022-07-29,-1.213965381464581,-1.1737792587145417,-0.99292489084132,-0.8248580033848604,-0.6876865398181526,-0.46855679378422793,-0.24532912255825218,0.015879156674291378,0.1257745587261876,0.21976523532007744,0.16531071315795473
2022-07-30,-1.2333542394062253,-1.1638985521330942,-1.007076911621375,-0.7952566138984146,-0.6650362020853007,-0.39689041380278284,-0.20676177231954238,-0.047669337437589346,0.18887609169803998,0.24762005417144728,0.11303466221320957
2022-07-31,-1.2031074211553088,-1.1655207167177684,-1.0348521426936548,-0.8453298974888253,-0.6648401770112141,-0.5127579502342223,-0.23711079400558205,-0.03752406041469684,0.18093010529860953,0.19953743788588263,0.17589108868429648
2022-08-01,-1.2415840690897995,-1.1433752961589696,-1.0478262107389995,-0.8015401531929126,-0.6896246382103948,-0.40888602833959814,-0.23028927118160927,-0.0617491792997886,0.19029347409867206,0.2536565150233552,0.12919645579076022
2022-08-02,-1.2393655947791586,-1.1183629762610638,-1.007687234243323,-0.7911563547348088,-0.7329984508339125,-0.4328773022587819,-0.23818626784824898,-0.03280061480151314,0.1509941681511286,0.1974325324473694,0.10348331030703667
2022-08-03,-1.2711675536625404,-1.1543422343805236,-1.0171055218172673,-0.9033399944530689,-0.6511509484634419,-0.4426776350642122,-0.2398559560781648,-0.021640973773096064,0.14195465486478148,0.24532212101082965,0.1999048872575164
2022-08-04,-1.2169805841501904,-1.2025425397960685,-1.0243740176179355,-0.8250132745158709,-0.682329516084224,-0.45061566280252136,-0.2384859643493021,-0.03873429763715411,0.15587134209685002,0.21256395921920612,0.13231862183988322
2022-08-05,-1.2258322409985412,-1.151539125920599,-0.9762480339667813,-0.893703953232333,-0.7120205435764047,-0.39954137132677525,-0.2951279711058495,-0.0032881656162651735,0.1510794627994857,0.2401049861329588,0.13513640342033156
2022-08-06,-1.252093187264909,-1.151288417998837,-1.0460535728509404,-0.8253387816356808,-0.6872200170397397,-0.42970709903637694,-0.2536315326173953,-0.05555218524493437,0.13629802236450517,0.2503000031551184,0.1809798877787948
2022-08-07,-1.218105922871996,-1.1535738964895612,-0.9785749651879865,-0.8231301709907062,-0.7357282294274861,-0.4705309809385592,-0.21889436295189404,-0.0545229525420574,0.13820852643068599,0.230884639171425,0.19840988179674304
2022-08-08,-1.1978346525755956,-1.1641979392535915,-1.0227168124699328,-0.8855750097394699,-0.6721275834049228,-0.491484158992421,-0.1499531348215318,-0.04272625130976357,0.14232926872663948,0.19649806611728407,0.1131635504432153
2022-08-09,-1.1782126653073353,-1.0947166486040398,-1.0233710464442822,-0.7340191432711624,-0.6962495548304621,-0.4096951486954492,-0.24889362013826838,-0.011820173487776867,0.1426473754129255,0.22214892756091892,0.14333494826700666
2022-08-10,-1.1275111378006475,-1.0616706960516689,-0.9469132026725695,-0.7435005658921197,-0.6352807357681094,-0.3880044765740118,-0.18561852399586187,0.0012853337792002907,0.20431790969922425,0.24004343654919919,0.15708403213683172
2022-08-11,-1.0951578023250317,-1.0332095200096076,-0.8891995388332359,-0.7456088837338339,-0.5988701152834249,-0.40417453464151254,-0.19165035533754446,-0.020680923748124375,0.1989256663029166,0.22225974381046684,0.212406779126022
2022-08-12,-1.1032772720729085,-0.994785408818089,-0.8961602351350161,-0.6642642065488858,-0.556860115897525,-0.3480807797555928,-0.10936947694257027,0.03338727169344041,0.20400009788625317,0.30796408962466404,0.23882302989387555
2022-08-13,-0.9951827827636336,-0.9905072864057944,-0.8997949669038325,-0.7241439089804798,-0.5597539990993369,-0.34309405692860034,-0.17891833521308143,0.029243819095070577,0.1945112296000655,0.2918587357217411,0.17893569449260638
2022-08-14,-1.033444447223038,-0.9681582683533411,-0.8444269150465726,-0.6896841778713136,-0.5274012553338856,-0.31168392574821924,-0.11493354047967694,0.03627769662887263,0.2031519472573649,0.269452895428483,0.24888905486656965
2022-08-15,-0.9816278025023927,-0.8989458175288181,-0.8402964013352994,-0.6971898645188617,-0.5258258413579067,-0.27780996279456516,-0.15197471501248733,0.06318122940484108,0.28993064486496295,0.34250647281380786,0.20297055636957764
2022-08-16,-0.9561963477454573,-0.8979112316787201,-0.7860681441398294,-0.5762741487443902,-0.5085733146769031,-0.24339019170754025,-0.11160638158650701,0.04938294344093837,0.23480279956178446,0.29648264638444705,0.23595053421611795
2022-08-17,-0.9571788808167393,-0.8704941848318863,-0.7593116746703771,-0.5952956782184892,-0.4889462399631928,-0.24331861274589012,-0.09185633935708949,0.05565904338160295,0.274349368900445,0.3278716375554726,0.20234214912629434
2022-08-18,-0.917519922793092,-0.8404925146102064,-0.786007220261236,-0.5700260769692714,-0.4796929005607684,-0.26991313293316477,-0.05204548379186995,0.028914838516593086,0.2714567626162433,0.30830380641485855,0.23743197888123838
2022-08-19,-0.9061855628273042,-0.8385847688021277,-0.758780804640673,-0.5624153323048876,-0.5015069491749193,-0.22892447476722128,-0.09388118353198213,0.14792426044466056,0.20605895581414296,0.2855798335635859,0.2438561895999598
2022-08-20,-0.9279763211588571,-0.8096489535773028,-0.7042659522555687,-0.5394845065096976,-0.463360131208263,-0.2232210524836169,-0.03886084095480304,0.1278011791465172,0.3280724800923368,0.30882685221505535,0.2447355652009199
2022-08-21,-0.8815469863202302,-0.8539450025822029,-0.7271536852293886,-0.5361730449074514,-0.42322682146852697,-0.24509182584502856,-0.04376156837749393,0.1204074760222132,0.30798626904133714,0.3384507040588052,0.2680660346219901
2022-08-22,-0.8697079687520365,-0.7913885924986676,-0.7156446357996517,-0.5160141350470329,-0.42111343680732033,-0.18912607831356248,-0.02645854948448681,0.11584454872543049,0.27913688957920946,0.3786878221115974,0.23895638560474955
2022-08-23,-0.8474981361228766,-0.783478873978466,-0.7013345930718986,-0.5050900335591875,-0.40463174886319336,-0.14023251804847175,0.0013961866829449755,0.0696242570768871,0.3049030968295387,0.3713191857668752,0.24760637229783858
2022-08-24,-0.850484887718217,-0.719740032633026,-0.6466784962147887,-0.5082889099444143,-0.39495528317437056,-0.17365542960016828,-0.04412466529641627,0.13213137685673812,0.28402036131074293,0.3724577470168953,0.28610209585312774
2022-08-25,-0.7719931747487709,-0.7215853019579702,-0.6316699198507472,-0.47980932714031255,-0.3948560904138723,-0.202365542759974,0.018509053390613775,0.17689599231973877,0.3654100006809031,0.32488137556512164,0.31406052682250585
2022-08-26,-0.7426854580581081,-0.7439293098037,-0.6407022364037736,-0.4576270325336096,-0.37222728899998586,-0.15000889691871708,-0.005854046244522203,0.1910571214517061,0.3039455099349687,0.41295620072258066,0.2852007990689532
2022-08-27,-0.7411550745931905,-0.7025151301692245,-0.6079376843685527,-0.44776076156156297,-0.354425118299385,-0.16955679994260925,0.04572317112753485,0.1919239643145889,0.3203298942785321,0.39276915146898356,0.30353909325384504
2022-08-28,-0.7169798168758444,-0.6915651559828118,-0.5545930215546842,-0.47374391753143474,-0.3336851781635753,-0.10625190268400372,0.036493616828246686,0.18806119117957198,0.3218340816530311,0.3900735250198972,0.31499682518511496
2022-08-29,-0.7407466132228114,-0.6685591054178535,-0.6020555441186666,-0.45690200480902465,-0.31122952843112334,-0.10351566014784136,0.03255120762300058,0.22481297291110797,0.3486523063699493,0.42716675016539074,0.3218321531824539
2022-08-30,-0.731658420234643,-0.689771150318637,-0.6116417430338107,-0.38287332040919686,-0.3130062027535288,-0.10986137526681122,0.032564548394229516,0.1920055886207292,0.3873807532278683,0.4357621695893136,0.2821885441299121
2022-08-31,-0.7190569545999239,-0.63989098536051,-0.536813626160291,-0.40446360382405466,-0.3218292526311147,-0.10296521500886904,0.0772980293727405,0.23524714029354699,0.40425354149389764,0.43908481789491377,0.29149568738772674
2022-09-01,-0.6675368666361698,-0.6393826005064833,-0.5364791729359943,-0.3691816642909102,-0.3187921760289555,-0.08922663669972875,0.09752235884932894,0.20630335149094625,0.35586235485004,0.4096197689738381,0.2985047394786548
2022-09-02,-0.6622022178774633,-0.6115897982202364,-0.5371739176075633,-0.39827078441136426,-0.20680410459948317,-0.07307766865642447,0.0618496842323942,0.20159794380083607,0.38153845484960947,0.3962228181564971,0.36875332908289177
2022-09-03,-0.654232981330834,-0.6219074335606579,-0.48899116439046136,-0.3951125490239581,-0.2880246437561393,-0.08207587531652451,0.05591410428901841,0.2061057121395296,0.3803054401817337,0.4514855119034533,0.3379718965624687
2022-09-04,-0.6045209035781972,-0.6037363180917275,-0.4703392318138246,-0.3668300189913007,-0.2609158503333492,-0.08706429557423909,0.11056456427696393,0.21217663442654594,0.3598285700973048,0.398032319007914,0.34153145147056807
2022-09-05,-0.6115378228387603,-0.5452322250361241,-0.5327021449034419,-0.33889315889802063,-0.22332094342703473,-0.013612315044812588,0.06587310001468305,0.26272923656329195,0.4509825874858328,0.4861831977263934,0.3437407542282319
2022-09-06,-0.627545858685887,-0.5864842346311543,-0.4801266213307155,-0.33767243692909443,-0.21563854213262007,-0.04152733763374198,0.07823761998955178,0.23507453580214316,0.43047990828742067,0.4434947799351004,0.30615882828997076
2022-09-07,-0.6086689325915212,-0.5703981615864819,-0.3923244854778111,-0.2765302325746932,-0.20016501803559858,-0.017626762140012915,0.09301347397295741,0.2351390803406776,0.4070765183147235,0.4215184259821562,0.39218720444676997
2022-09-08,-0.5598048974382608,-0.5331373802192203,-0.42225584476309247,-0.29233912285804353,-0.21288825100400094,-0.004674513224942034,0.11782093818146905,0.28606434301053896,0.4477816271180468,0.42244489205744046,0.3602281753118132
2022-09-09,-0.5361551594360886,-0.5371672468655236,-0.40663890326186747,-0.23866104222209247,-0.18459206265357161,0.006151484104977274,0.10334966141636806,0.2836142049417172,0.44437459953101377,0.4264603043782458,0.3708079210625997
2022-09-10,-0.5338794321603969,-0.5261406773767626,-0.38103612820780225,-0.2629353285285967,-0.17785546437775707,-0.021421553118032274,0.09676685186809592,0.3066146019669874,0.42190928871609323,0.46702830425367386,0.31303767575936126
2022-09-11,-0.48584577501244636,-0.4876505153446123,-0.39686011491039785,-0.3216194478195289,-0.17611838247563713,-0.02422994423204377,0.12526111319218175,0.30244336400128713,0.43375862452152436,0.46844030547125853,0.38108178886621985
2022-09-12,-0.47810773915729315,-0.5142789977884002,-0.36440468042874613,-0.22325961040003078,-0.1511948400824402,0.0126137371255185,0.17805404527667576,0.27782552847696945,0.46911760541086067,0.4427469644484855,0.35707027446779555
2022-09-13,-0.49378542896872984,-0.4883341597292256,-0.35350733177684046,-0.275845231467291,-0.12004608125316028,0.04681501035572424,0.1384860622093596,0.3055296663914718,0.4133257084187435,0.4697443742667021,0.3372624155460579
2022-09-14,-0.5117131545344292,-0.39836891219329273,-0.34521792806655693,-0.22087595124307657,-0.1361669622282353,0.0282439692328058,0.1699906465328252,0.31368038581293717,0.48444900103874455,0.44943568523443544,0.3508173145209319
2022-09-15,-0.5095402545283091,-0.4249199696219022,-0.35407342472267517,-0.23462278562106134,-0.1252606423816672,0.047022443894716145,0.23533038057411088,0.2944513938308966,0.44256998755339355,0.5033140673580131,0.3473428876369621
2022-09-16,-0.47261762302669963,-0.4418519696872265,-0.3291412193004693,-0.15038452945631506,-0.08750308592516717,0.11846571058837843,0.19354430903566794,0.2966484249757014,0.49187135494094636,0.49213479823779227,0.3512002185335978
2022-09-17,-0.43034204636130696,-0.39960542051047643,-0.3356582515202214,-0.15673609411763958,-0.07958044825334319,0.028473115740232036,0.2113951577127442,0.31403701285072066,0.45914755825125175,0.48892974559446545,0.3890150888060864
2022-09-18,-0.3898387241950777,-0.3828389041026325,-0.308219073262558,-0.2001194766181085,-0.0534928144008996,0.06499839497840665,0.1871887147210361,0.38871974439528273,0.47321081134146087,0.4710506226785262,0.382067056362501
2022-09-19,-0.4114910858628193,-0.3592084085072972,-0.3254225485984988,-0.17367723257197262,-0.12654055401739817,0.14049728898601171,0.27288604404123934,0.3341975557702693,0.46937543463856873,0.5005877462608471,0.4043018630339871
2022-09-20,-0.37921820636983017,-0.3743764620274933,-0.3037244461383629,-0.15336646474623672,-0.049614721973696485,0.10111976151626016,0.213179795956752,0.38201125783895257,0.46237092735307594,0.5025375358242344,0.44204384456912865
2022-09-21,-0.4011616156254464,-0.3339932192472676,-0.27884019621055167,-0.12695051006506525,-0.046873094064889584,0.09368430897090609,0.22887785430541385,0.3461104919880298,0.47432216557973983,0.525639972217749,0.40108247850098705
2022-09-22,-0.3661331332026517,-0.3966515046674498,-0.28327095754320253,-0.13692548437343557,-0.07378357233744767,0.14960100010755173,0.2753322837073476,0.38665082682255303,0.5209316809891571,0.5266413651508118,0.352355703136872
2022-09-23,-0.3478699446219094,-0.35945671581393507,-0.26026959151387313,-0.15245682661617033,-0.035139903374880065,0.13076086520077163,0.2456464537809984,0.3935618069048801,0.43395512156271715,0.5470155764883099,0.4065699714544284
2022-09-24,-0.40477072530980157,-0.3163824331039974,-0.23977571730021716,-0.13401323332917148,-0.004994573389140625,0.12962297357296837,0.259131203548108,0.4013520472121878,0.46616643642542493,0.5198278217239989,0.4465787464876517
2022-09-25,-0.3525168963420766,-0.29973778558465236,-0.21371976291042105,-0.10548376168081686,-0.041898387455715405,0.15204441353799078,0.2585975870979581,0.3937400834235438,0.48431221189500057,0.4901410194518574,0.4187051225721658
2022-09-26,-0.30540920450549913,-0.31833956668287017,-0.18820687232353972,-0.06386347115816168,-5.413028041710739e-05,0.13964249800202705,0.26643781802774896,0.4249562011912919,0.4807768261534461,0.5661194725005892,0.46318212154922256
2022-09-27,-0.3093293102120673,-0.2766907614335472,-0.21175611311172368,-0.07343604253815945,0.02066661022957008,0.1394750065398031,0.2902043481584178,0.4064301618972441,0.5507503176995235,0.522614772000787,0.4403538820432922
2022-09-28,-0.3332096070774797,-0.28646637143456555,-0.15506638412934615,-0.09292664141379253,-0.017940391655382068,0.1708479055296811,0.30236413976314697,0.44623153457934595,0.5496879471048137,0.5229994619894245,0.3871420106111934
2022-09-29,-0.3512198993236035,-0.2655493785903251,-0.1533186855732351,-0.04689176570458054,0.01518321123731954,0.1571483069380952,0.2800248975512283,0.3692909906433787,0.5382726583495021,0.5542353881825665,0.43989429676714265
2022-09-30,-0.2868439453052142,-0.22082019186307641,-0.15257730128814093,-0.062334488472768894,0.036124231708207555,0.19138713467298385,0.2844875700603231,0.4248665172415913,0.512734038948907,0.5674957932526706,0.4486239525783881
2022-10-01,-0.2667823007095712,-0.21158758496314398,-0.14978815815107832,-0.0200059142500923,0.018512233983527974,0.2086389578126908,0.2959136634081236,0.4295884274466848,0.5672449063068771,0.5512793354960218,0.47224077667259506
2022-10-02,-0.2744428574255609,-0.2471646939507336,-0.13415356680673832,0.03125686843116373,0.02620937590881013,0.22972791311383947,0.2835832471839555,0.4054147972202128,0.49933774104186185,0.5556802700682476,0.49474509930844013
2022-10-03,-0.23617700437715236,-0.23665071491137035,-0.1010084501522239,-0.03058598930850337,0.05454325436050034,0.2451868929289592,0.28629741071202486,0.4496171716030696,0.5977465309466432,0.5639560064407904,0.4759595018196311
2022-10-04,-0.21455941966008227,-0.20853255559831402,-0.08869786158407579,0.008684511177948703,0.08765124273880522,0.21539857253825367,0.34090289902252974,0.4041533887153386,0.5322214459381622,0.6137165672738532,0.4682809210651285
2022-10-05,-0.1979709519535386,-0.18700675627940516,-0.07456439806887863,-0.01977283463618822,0.09335538116617009,0.2465474612780688,0.3643270561021946,0.4313076178220333,0.5479114103632303,0.5827953711919253,0.47816706264194947
2022-10-06,-0.2612077601448298,-0.1909201225041996,-0.09560236276121531,0.006232125725458603,0.06534052840727318,0.25486318625547205,0.37000048589232504,0.4039214117046308,0.5488392642280897,0.5632109162356032,0.46104694379259953
2022-10-07,-0.22278977498448976,-0.13663950066504965,-0.07150429680583059,0.019914752849497508,0.11275697860983255,0.2592024209858309,0.2960113428705056,0.4990809592314834,0.537841782563437,0.5680019697975751,0.43265169360420896
2022-10-08,-0.18522092882388386,-0.14220076901142623,-0.040577004827713536,0.02443193612737638,0.08509538078519849,0.2474470850373504,0.35674663825678105,0.46052422320598085,0.6178804837747869,0.59020039874768,0.474229752953686
2022-10-09,-0.15102230889563895,-0.12900915720676667,-0.07858883360858915,0.10091011391959254,0.07524587896832907,0.24212913304245842,0.3426092339001434,0.5266643380962613,0.594545307431362,0.6069347422303981,0.48628590428411855
2022-10-10,-0.14086437812163272,-0.159145156972331,-0.059828565379987576,0.04169411351936406,0.1157938933218196,0.288749614248018,0.38102008739022897,0.4987274840310485,0.6102675838434094,0.6175938665522462,0.4510164640669702
2022-10-11,-0.12911319479693945,-0.08666331347753015,-0.04038030275505606,0.07401879330269209,0.1624861012044454,0.24186902702343915,0.3742237272714942,0.4960004947389677,0.5543350317671362,0.6130950907465675,0.5182210287196173
2022-10-12,-0.13835508519824855,-0.17475609884236343,-0.00724415147418183,0.02104922506860557,0.16021816896790483,0.2861586860755211,0.40668798627120195,0.47627001298342064,0.5944846677409038,0.5934321466555558,0.514132014178223
2022-10-13,-0.12486404336102606,-0.07184814164943307,0.004153455304907863,0.09002142458640194,0.15315589480044142,0.23730177355877569,0.39861108065517653,0.47087851598824376,0.6080103430789338,0.6083597728392388,0.45863794942867125
2022-10-14,-0.1228278300750368,-0.057829729254348206,-0.013527049807690128,0.117660069117816,0.15212314288760911,0.2759948707301806,0.3588690352779415,0.5162075233350638,0.6067662984131378,0.6417771580393832,0.5310073438808901
2022-10-15,-0.07340293985644825,-0.08052492388412545,-0.03453723170475109,0.08577386880410155,0.1621126478225851,0.2957141504781464,0.3892511498331797,0.5074262441351797,0.5759905558041406,0.5992404919264311,0.49307783056443033
2022-10-16,-0.10364903403602399,-0.026457956299145602,0.020229989489271363,0.04603204258026862,0.18386332136500222,0.3532740091336212,0.42071273703796214,0.48179855650457,0.6368800201443753,0.6207047874013761,0.48524243571255726
2022-10-17,-0.04745481266801449,-0.04846151932426869,0.0019796581137234773,0.11761455142093763,0.16369155054281861,0.3512484723937583,0.429941816609116,0.48341087956031803,0.6180143761373421,0.6517338375620907,0.5356008504810637
2022-10-18,-0.05161728293452268,-0.033963347553274396,-0.00148307150096285,0.12877387737768747,0.19093107123952008,0.32836433527650294,0.3996497296829655,0.5034030041499825,0.5960754439905035,0.6631210542989613,0.5112521320655837
2022-10-19,-0.04608573089227322,-0.015711843524551752,0.014962703493237077,0.15618048022266195,0.20344892314129728,0.3685915159960097,0.40346488997158725,0.5789196746343704,0.5785333419563725,0.6408512768891417,0.5639133499085851
2022-10-20,-0.04956066115673875,0.06675331892888216,0.06548031862567746,0.19805706390673983,0.18423947385604933,0.3806706039937122,0.4503498579403974,0.594739367043216,0.6450377765220459,0.6398227907164613,0.4990126071794957
2022-10-21,-0.05525120216145617,0.031954501166779725,0.10207589658508234,0.14796123949086976,0.20620768358049563,0.3625648868376822,0.4209024435899022,0.5505314731180034,0.6960807559826835,0.62147272319036,0.48094054272419473
2022-10-22,-0.02580942658781981,0.02709307531039489,0.07972006116941857,0.14570630111388672,0.2465590769634937,0.34005275951287317,0.421312283397577,0.5551173949080099,0.6143782741102018,0.6720835319829769,0.5211144798565864
2022-10-23,-0.00615868343493208,-0.0020670319495037226,0.09469918851651128,0.14756491098574817,0.24563724395339512,0.3775248240728895,0.4589173028784309,0.5489609902681485,0.6489533596938828,0.6963232674970644,0.5517459297797425
2022-10-24,-0.045458757905624286,0.03549893564693629,0.12962390360793916,0.19128817581386515,0.2467595057342826,0.38831592063689796,0.4648367587348191,0.539970457562632,0.6773797034997431,0.7318884631134879,0.5127233771361491
2022-10-25,0.020474789023000043,0.022705678314069125,0.0720475206870021,0.20789297539227794,0.24074854573722837,0.3679730974126462,0.46207467075764375,0.6036643846390317,0.6227938270540425,0.6818214010483883,0.5065328496443022
2022-10-26,0.06012654148044702,0.07468025451608486,0.13424176992823902,0.1918157266376031,0.3119882331906158,0.41596290948257003,0.47341306784963216,0.6220656537236202,0.6474470767575016,0.6752838807477453,0.5493889331606314
2022-10-27,0.06277475569563246,0.0687025796998893,0.13149775794527951,0.2344477656898593,0.2606278139264638,0.42176578514447005,0.4983095763609355,0.5588214006278579,0.6428461027857695,0.657951404185264,0.510951086506581
2022-10-28,0.0477342394496337,0.048111588846948536,0.15646131180222206,0.23611496624014883,0.29685542899533723,0.43386216529939753,0.4869025141982964,0.5850061163179258,0.6938644821374035,0.6383613864173356,0.559085371245374
2022-10-29,0.07282684259930661,0.08925733658814732,0.140717911156348,0.2350373748350831,0.2873356422558747,0.43765702061442313,0.5136029424543755,0.5817404331225178,0.7072767286016409,0.694138432475044,0.5467746618146024
2022-10-30,0.06923291096004124,0.07696978274389601,0.14282498151735407,0.22084943434183799,0.30938497896761186,0.45686046111195305,0.50923906041357,0.5883811855273038,0.6829994575996466,0.7528502232764233,0.5715216017725874
2022-10-31,0.09830972412148602,0.11293354886726578,0.17722830348670068,0.24079384808390947,0.3288431370652703,0.4420445679114021,0.5298438975843612,0.6344252251769085,0.6628590421577765,0.7302351371697852,0.5284315488759808
2022-11-01,0.14451770106016812,0.09859656075490171,0.22536176494486054,0.2015050758143671,0.29205103172369945,0.45946905053310216,0.5544965383796762,0.5778593370045387,0.6777055785854272,0.7307479469589343,0.5993464072146527
2022-11-02,0.14162290283520948,0.13165394218994345,0.21604582255579505,0.27753038371988037,0.3350266195974277,0.4523611557677976,0.5603984961813716,0.6281916794926853,0.67788011153578,0.7133389634047321,0.5661793494397772
2022-11-03,0.14179733454638893,0.16059512524493966,0.1921969612345522,0.2816596162927249,0.3738252020910274,0.4555563090609669,0.5784858548131522,0.6405983493041313,0.6740724786658938,0.7205481810059693,0.5937040704890739
2022-11-04,0.12779448558431747,0.1513475202039969,0.18170673071080656,0.295057429604004,0.39694021377228095,0.5114733304204611,0.5740851852902664,0.6246921567442202,0.7008094042802323,0.6553238879519585,0.6024716690492442
2022-11-05,0.1701767395229179,0.1537162955311723,0.1834970426292223,0.3122771451331511,0.3584790429238437,0.43475561973942967,0.5659342205885074,0.6564174229970017,0.722581834456249,0.7393341593749874,0.5533954935579235
2022-11-06,0.12054100202415494,0.17935974097398247,0.26874523138287254,0.31861810152554537,0.3715795041842271,0.5155862930107903,0.5559613216190594,0.6436182278516286,0.7253131872270348,0.7101381465159909,0.6082430081346528
2022-11-07,0.16766212775390849,0.20247177908877595,0.22223640513083273,0.31549638034862537,0.43461053434508823,0.4859561842744562,0.56391818062074,0.676182949250596,0.7176913896380032,0.7114252638526176,0.5544130269041804
2022-11-08,0.19979558389825003,0.16810243293153287,0.24822339562962895,0.3287363645854222,0.41647198682225894,0.4905063578930519,0.5584713122250857,0.6135190448146859,0.7241589559103173,0.7252304024393935,0.5596375989725368
2022-11-09,0.21491934282858133,0.21301400549285132,0.29961666892499433,0.30165605865131806,0.3814206439851755,0.5235697736138586,0.5873211470841797,0.6486661115783865,0.7255243015219811,0.728726748310784,0.6468406305946038
2022-11-10,0.22433648980667098,0.25012784295425294,0.2364417310193836,0.33139614111920385,0.3901145159168269,0.487548751735286,0.6114235688669405,0.6613934431829473,0.6999583731301474,0.7240477167375532,0.6293848856843008
2022-11-11,0.2261156165062134,0.24219893506919224,0.32427678543545396,0.3564572724632706,0.4382218943771689,0.5121329044564387,0.5826171146056247,0.602178943488523,0.7412128239474851,0.7466689150386159,0.6572763793313635
2022-11-12,0.22498244441204077,0.23994634068180581,0.2907883937937997,0.3459869019952779,0.3977342312679308,0.5190355046082238,0.6065873855564288,0.6476228499355343,0.727434864890606,0.7366954827477582,0.6000239900137488
2022-11-13,0.25443126289985135,0.2651179946324773,0.2785526673948523,0.3950564067942662,0.4588884989917396,0.5424457603752726,0.5973320477334876,0.6602115087141939,0.7131532962158093,0.7574876438995147,0.6156829799183771
2022-11-14,0.2282425212683392,0.27103642558549296,0.31120020790413233,0.36623811285883795,0.44872138087641816,0.5355803733784843,0.6262376076370504,0.7100288330528023,0.7609112561599668,0.7221241385182555,0.6301474194507447
2022-11-15,0.24200548876021993,0.2891411670772562,0.3094149388189335,0.3972449316465977,0.46195903447177616,0.6034014205235003,0.6139963067951892,0.6744172457474924,0.741152516506313,0.7582730421566859,0.6204983162633485
2022-11-16,0.2757006375579662,0.2302579105747156,0.34857562602476255,0.403867132878164,0.45123357657360974,0.6159751949787208,0.6159598781895815,0.6773935281949444,0.7669372113147257,0.740534903743929,0.605987823171518
2022-11-17,0.28949881469982086,0.252553051803513,0.3314067258108924,0.4287081395243319,0.45052616109090365,0.528163106154347,0.6241549398757328,0.724032414791423,0.7872273786777386,0.7562207818515486,0.6060754788799863
2022-11-18,0.2505171132601357,0.3270218758516419,0.30985374623189404,0.441651889636196,0.5114255854475056,0.5999711410755593,0.6604336015831733,0.6688899248729012,0.7470690317696401,0.7801536252644183,0.6376588643996128
2022-11-19,0.31850203920958964,0.27475953098912614,0.3621455777402478,0.445546717789292,0.47729560120856707,0.6154668806139644,0.6521178209183871,0.6632917157801776,0.7779121109327122,0.7407772692193243,0.6094738442539511
2022-11-20,0.3373849844046624,0.3328992335911864,0.3437411341325714,0.38459259088821396,0.4817633617499744,0.615199354207156,0.6505021663804349,0.7117608876117596,0.7351281085532915,0.7646224889062759,0.6126050787704366
2022-11-21,0.3270557770438405,0.32450788974233163,0.3927383514054879,0.47612650433139025,0.4985905970967078,0.5927836327916927,0.6744140290079473,0.6903286935675904,0.8234771363600633,0.8037091418783807,0.6536455556989781
2022-11-22,0.3992486546034444,0.3188320714015832,0.3679083492545385,0.4934689232067637,0.5139615759399859,0.6107332436083509,0.6641723372659003,0.6969928703763776,0.7559578003609264,0.7584548217566395,0.6452550890362825
2022-11-23,0.3336908743115876,0.3628852176296495,0.39532337535315576,0.45223003178741195,0.4918922324589578,0.6057154377204923,0.709344694895068,0.7522770358081158,0.7818301429189726,0.8425270347173726,0.6748902347064398
2022-11-24,0.35259269055281983,0.36955666430121964,0.4220064788844775,0.47917987073756796,0.5120528676363877,0.6214899683542173,0.6634718294324843,0.7655397433642578,0.8329218091521697,0.8324834675321509,0.6446614404476273
2022-11-25,0.36257736639411076,0.4276561005076222,0.4220295612372777,0.45995722767570846,0.5192207129892482,0.6093093794360638,0.6897712076481547,0.7690540911807333,0.7983564029482492,0.7942997941468886,0.6445750676667288
2022-11-26,0.38136224892576087,0.3696239795425396,0.44348233717886343,0.4424667583313347,0.56428554906271,0.6442384618024761,0.665943692697466,0.7827368806426229,0.7790371628732358,0.7912691832840171,0.673515580827431
2022-11-27,0.38584061956171356,0.4315739106086223,0.4640907544708588,0.48164052913139926,0.5294717642909837,0.6170756211503982,0.6989986395778166,0.7917236928174831,0.8315470010663205,0.820281085563566,0.6464443838373555
2022-11-28,0.3696593382505007,0.41468894679830637,0.4279788035184919,0.4955212141713364,0.5161792657870513,0.6571676425214512,0.672277663080641,0.7131513394487855,0.8357269503693905,0.7833258544630078,0.6541079898228458
2022-11-29,0.40191596979903244,0.39964049907244575,0.465142476501465,0.5090538845454259,0.5193341576626366,0.6384697173199348,0.7395149104235457,0.7832900341699428,0.8073728144997138,0.773735273769103,0.6589138510364977
2022-11-30,0.42386859208690325,0.4464154648384646,0.39332190238210857,0.5028370329082187,0.5401755757107537,0.6823558759609882,0.7465984489298993,0.7644460376040776,0.8148134674123632,0.8165784462498373,0.6729444656130409
2022-12-01,0.467732336083383,0.450826729743822,0.49253183277517637,0.5173433372639626,0.6193826546062363,0.6676891767127416,0.7536093862807061,0.7646499919891135,0.8217808400747026,0.82898007827824,0.7263074441238325
2022-12-02,0.5027626600216961,0.44780913327728933,0.48859917036493183,0.5442573110205225,0.5941441067667989,0.6994163959134908,0.7412866446579189,0.8029881438957047,0.832215124510266,0.8389578768547199,0.6513839483404176
2022-12-03,0.49176170894560295,0.4637811447238083,0.4812864160392993,0.534114784175407,0.6146505852367966,0.726656674902648,0.7251181952026882,0.7513553669499587,0.7947862756512194,0.8254909364847733,0.7219960407541129
2022-12-04,0.44963852021955103,0.4523908198762515,0.5235009809008265,0.5757811030392114,0.6238976875945175,0.7468066672011492,0.7336469773796801,0.7564627774158181,0.842289895416721,0.8769666598725707,0.7118551602339684
2022-12-05,0.4622558459594059,0.4568436690075757,0.5546430474824434,0.5880416461655095,0.6202419887542596,0.6513117978966961,0.7984407358304781,0.8217002748797647,0.8961333330600573,0.8119942475572598,0.736384471117485
2022-12-06,0.4862760153726123,0.5066284544508032,0.5231251267101574,0.6393016046440285,0.625305548868526,0.7010865695277493,0.802599690059374,0.8236687534919368,0.8338411944630318,0.8251670605648895,0.7794239354417913
2022-12-07,0.5454614895320473,0.492179247093094,0.521087585835101,0.6167103771746668,0.661611755007252,0.7217818731144343,0.7762833347464404,0.8204982029998953,0.8463529775467997,0.8700364316773823,0.7405870736836765
2022-12-08,0.5072804312889532,0.5058923416299216,0.5584984321397647,0.6034071450223037,0.6474578504145575,0.748272916001575,0.7668306376753262,0.8006804213945524,0.8360445829180173,0.833072223849647,0.7317334661809201
2022-12-09,0.48877716573212526,0.5249880570193812,0.5306300145798287,0.5905689020797226,0.6870806106032133,0.7028996392681914,0.8204294156899442,0.8468648992374614,0.8856285347832189,0.8363441394436156,0.6795674060831365
2022-12-10,0.5199646210905028,0.5347043021689261,0.5571406033209442,0.6221499094461868,0.6759050183215853,0.7269880475893374,0.7753338667947266,0.8508601062008627,0.9050885559229144,0.873670535809536,0.6865091535015828
2022-12-11,0.5619300870401477,0.5024000374075055,0.6138227654103142,0.63168663474135,0.6532063410936099,0.7621692023714527,0.8048905268818121,0.8415609339299901,0.9091952914076337,0.848478792107487,0.7289511244117128
2022-12-12,0.5707423312339523,0.5803321837322256,0.5944124195754651,0.6193892261236241,0.6644757600113211,0.768390431164844,0.8394312722802465,0.8155634281321485,0.8531603039601591,0.8757155152437872,0.6812727795031192
2022-12-13,0.5589590978865784,0.5612297364819973,0.5554491767214369,0.6605004720101346,0.6669562350655662,0.7830546516586471,0.7911770652777504,0.83992565539735,0.901522993574233,0.8657674544559757,0.7428855178653109
2022-12-14,0.5915011720133757,0.563139807505611,0.5670716817959693,0.6146246904144869,0.7238061752320912,0.7920400356591057,0.8392593999314101,0.8770553200321728,0.9295338967529969,0.8659388872151123,0.6778977664321952
2022-12-15,0.5280184331473848,0.5889649321800139,0.6255919682066541,0.6521219176814761,0.6914516835859895,0.796734905916954,0.8379761526645833,0.8948340010179603,0.9110878858200978,0.8391347171834357,0.7638442304458891
2022-12-16,0.597856081280845,0.5940766926678359,0.6526256896478432,0.6807679615777097,0.6898124675972204,0.800421245277872,0.8303975236511693,0.8590275969674235,0.9149568289802995,0.8993884531396753,0.7307596539432387
2022-12-17,0.6271708089242937,0.6172907949366513,0.6001342455430855,0.6683062869375983,0.7259508959649017,0.8042710478885516,0.8129628221957259,0.8664779465975087,0.8958498149454976,0.868921683917884,0.7457269116667925
2022-12-18,0.5952061519701409,0.6214966599941759,0.6613092177192132,0.6789362111288648,0.7236952278966821,0.8267821514818998,0.8260907489190051,0.8741981839037566,0.9177818258820208,0.9000923595403144,0.7276084415594634
2022-12-19,0.6054740902594687,0.635907826933508,0.6927993764325695,0.6892543772889703,0.7416423541698816,0.7614533097648475,0.8578308883236704,0.8906251717986289,0.9478190361419655,0.8956875767273166,0.7026061564671916
2022-12-20,0.5900569462922329,0.6616328918405956,0.7161944129824616,0.680387695438478,0.7896629681391057,0.8633057458882164,0.8213937770140769,0.874730302556787,0.9297419974411826,0.9075139658490543,0.7846839433824958
2022-12-21,0.686781925805225,0.6598268040079281,0.6867184136288466,0.7391886766190969,0.7733695778266594,0.7768340651038217,0.8666180215486782,0.8223981073313243,0.8949491735672628,0.9131158124663705,0.7909518860392658
2022-12-22,0.6393278701495475,0.6435839529149479,0.7005305621350488,0.692938333169317,0.7593289276730103,0.8122033960890006,0.8832374938093049,0.9300592219450912,0.9193677327429148,0.925873869721096,0.752510358166122
2022-12-23,0.673635787222264,0.6293652646418686,0.6439362711211638,0.7348760415332707,0.7315395620109514,0.8407373032360042,0.9006930040086414,0.9505858999036337,0.965606841232951,0.9070089584915181,0.7815792684152325
2022-12-24,0.6929664192740972,0.7089561850111463,0.7591477938349539,0.7457806644901551,0.7623331480519004,0.8704330196574039,0.8474442574166939,0.8958786746860983,0.9480927410830601,0.9604343135051375,0.758987359467064
2022-12-25,0.725909778485885,0.6711233408076107,0.7016375151978254,0.7202259137628839,0.8006759592406806,0.7859348251749373,0.9216393706418394,0.8899835447577179,0.9475431217046439,0.8873399136111175,0.7796955066231029
2022-12-26,0.6944810130232225,0.6750256572538157,0.7020414488421681,0.7542556045922437,0.7616768574561449,0.8672995457790753,0.9374365116620504,0.9186746816777275,0.9353015768362464,0.9320120724191985,0.7951802155703473
2022-12-27,0.695043870150331,0.6532037987804854,0.7283341700934107,0.738158227595394,0.8525156435520753,0.8949859705888199,0.9116145922558764,0.9228579144294274,0.9834451994956177,0.9627283486223335,0.7937920515562136
2022-12-28,0.7230382292587902,0.7148341095356645,0.781824861115833,0.8041305753542669,0.8073756714020923,0.9071996979535866,0.8817070182339292,0.9578676849152908,0.9998615231484442,0.9578812658862883,0.8171469362547923
2022-12-29,0.760976215500079,0.7198264193546636,0.8085354511137057,0.749324817839307,0.816245646763247,0.8720512868091687,0.9057418874011944,0.9397706969899218,0.994444530362842,0.9257239585434738,0.8002969105186197
2022-12-30,0.7347632921740791,0.687939983419952,0.7657533251801757,0.7698711835716616,0.8063527324706018,0.8890984828548564,0.9190299366349506,0.9240047997378149,1.0034856637674099,0.9340149872736654,0.7917234913914213
2022-12-31,0.7252699773636136,0.7468449082452062,0.7968365142956297,0.7640214903489717,0.8434169122659154,0.8883374707015297,0.9332454672194321,0.9162663488145399,0.9630016346366598,0.9331708294613102,0.7756765220362012
2023-01-01,0.7207275329813797,0.7327350220722159,0.7822132632073774,0.769077377619527,0.8100131425286481,0.9010330051545277,0.933286094109746,0.9762640937151237,0.9640056954612602,0.9774339555627056,0.7864339721884859
2023-01-02,0.7387994621268082,0.8221059827198062,0.7644194315077838,0.8511771221965952,0.9010352654477242,0.8921497085432762,0.9460069224751521,0.9749979965231924,0.977134007747906,0.9480607546681478,0.8223263435948105
2023-01-03,0.8010077146984176,0.7502538491519636,0.836496422414927,0.833327100875003,0.8877814683344737,0.9027962850383693,0.9429388235486332,0.9919013928163759,0.9865316302954557,0.9770353281401201,0.7682015396551652
2023-01-04,0.7814289224460396,0.7632292579730933,0.7932204611934565,0.8316100976935363,0.8873747301052768,0.9429558558747163,0.9580532240354697,0.9465499917532927,1.0258592688731079,0.9813558666462034,0.8370580708039526
2023-01-05,0.7842836573837276,0.7618422934772203,0.8563399873697104,0.8200173318554083,0.83591104974617,0.9424421971264016,0.9461187651692183,1.0220728110901274,1.0237390949922975,1.0380417821633054,0.8060433712588916
2023-01-06,0.7915801437717956,0.8252425677228118,0.8595755182863579,0.8674349410090367,0.8836963078396797,0.9584832994587343,0.9553716295351475,0.9378665954740151,1.012553353522545,0.9907392306815936,0.796259131921722
2023-01-07,0.8215935710233121,0.7935415134466701,0.8516052986972005,0.8324357986940466,0.9166620034185643,0.958572170790698,0.9556081493662231,1.0045357717431396,0.9678030446418929,0.9666975972092849,0.7929015769484911
2023-01-08,0.8234495586599685,0.7942845542414192,0.8911032490733637,0.8811628066881545,0.9091209313952937,0.977844705602937,1.024110673099746,0.9443825597201186,0.9658645269480161,0.9545327885927265,0.8408672118670445
2023-01-09,0.8325565085661566,0.839608975531033,0.9102940392365443,0.847773182739523,0.8770835251627009,0.9891921789801831,1.0189349249284292,0.9776796969793726,1.0185501263896397,0.9881925280275351,0.8272731001722772
2023-01-10,0.883047102618899,0.796935105965707,0.8591927702043354,0.8617210115863642,0.8937112851779461,0.9306805634188227,1.0023656835206285,1.0417687518863,1.0390096086199319,0.996155807346637,0.8709820089154718
2023-01-11,0.8976738694838821,0.8565616016994703,0.8524243606887412,0.9050220245139108,0.9064769370167183,0.9598383504183196,1.0277495678221829,1.0288217004642,1.0194691690894575,0.9479012327352523,0.8033022052627735
2023-01-12,0.828862592324941,0.8949397604375082,0.8350896549658962,0.9158753512508444,0.9104853551595559,0.9823701688341623,1.0206993679955025,0.9996655908835181,1.0737769806448,0.9893496473878357,0.8240335441934356
2023-01-13,0.8871727841948447,0.8740218532861695,0.9468474054000701,0.9174145554597759,0.9715708945541359,0.994531868622238,1.011377968845316,1.0056226468849656,1.0032799299590398,1.0186484611732611,0.8397828101984085
2023-01-14,0.869411350158736,0.8852369040714916,0.8887539394827546,0.8844172238932412,0.893090291857302,0.9852764430638775,0.9753025109652816,1.0263704343431048,1.004559169916274,1.001915620437732,0.8268846371358605
2023-01-15,0.8924566099294464,0.9004545760561274,0.9371191749184503,0.9076554475627693,0.9652617805547774,1.0317447595529472,1.0124704354900442,1.0419584239771238,1.022578240561181,1.0434410424231515,0.849418597241517
2023-01-16,0.9162048232293809,0.9308401674182577,0.8991906856137887,0.9308937445318008,0.9242882947287826,1.065343794509571,1.0167183442021595,1.065632982269998,1.0260352735734617,0.9842583958853858,0.8608294292639428
2023-01-17,0.9129447732330239,0.927719918117914,0.9651390081013765,0.9138699389531023,0.9402804737757172,1.027385405773816,1.0028240734792477,1.0281646986136181,1.0611472913681588,1.044122013116079,0.8685218465516317
2023-01-18,0.9337940474392786,0.9178200547027606,0.9181211330728967,0.9774896643162085,0.9217680223636054,1.031711404784973,1.0000403445595465,1.0044912972822262,1.0418346500180127,1.0540204510745963,0.897623147030906
2023-01-19,0.9546063955605367,0.9387619121791168,0.9147541355762608,0.8912634138248866,0.9659682133981564,1.057695954061692,1.0555425048552152,1.0539137103742142,1.0180584566729844,1.0590493668544672,0.830932630992367
2023-01-20,0.9548758992561039,0.9033330746162,0.9482387554892157,0.939922865399294,1.025129613082235,0.9966552649341321,1.057353803893952,1.0437453619174353,1.0834105312929865,0.999944628769481,0.875505014894455
2023-01-21,0.9410495966625961,0.9541860445680598,0.9490425128079255,0.9547141438254007,1.0016321129913557,1.050839631505876,1.0260593845584056,1.0278448675065646,1.0214783130386522,1.05089913161948,0.8544199417659311
2023-01-22,0.9511791619637571,0.9189174298015597,0.9861110006608217,0.9043992682912736,0.9726859981787285,1.0814152863766702,1.042586781965354,1.072969821395355,1.0430419968235436,1.0302507763789117,0.8848671407856772
2023-01-23,0.9405847265006182,0.9441386903957129,0.9787662696271249,0.9486191984419022,1.035690510502724,1.0476567526040825,1.0962399432538332,1.0653553264635285,1.0335892899381203,1.015740285102579,0.8884140427564119
2023-01-24,0.9648770527185369,0.8854883456003917,1.0045722996651882,1.0071666572597775,1.0486443658578604,1.0398524244159295,1.0512287057204002,1.0834886033648945,1.0836585097747569,1.04446112454606,0.8564621729120121
2023-01-25,1.0449039000488411,0.9818064474204217,0.99041368404396,1.000283341654631,1.0280459277016414,1.0726366552928843,1.0833887980134387,1.058594750280129,1.0874440779583032,1.03608695029186,0.8621011064583854
2023-01-26,0.9856585969155909,0.9648722977101051,0.9898518254321854,1.046828733698412,1.0838794738209958,1.0825144324768166,1.0803079342573492,1.0982409784443696,1.135005396651325,1.0856232120498546,0.900905938652339
2023-01-27,0.9852100102261965,1.017926135606709,1.0006615162185015,1.0540872404416353,1.061098707099436,1.0680493463145455,1.1036307895175947,1.0582502972007803,1.114229467901905,1.079313409762911,0.8921749636454805
2023-01-28,1.0326077047866944,1.0090606719343032,1.0751256750485363,1.0342210614200449,1.0651575630658536,1.1498879791419983,1.0754739527814996,1.0755760562126813,1.1317031923958365,1.0415472745381524,0.8895641886511767
2023-01-29,1.0313945847625936,1.0365464787074865,1.0383637322406747,1.0391461703501306,1.0355211240410112,1.0922189373850808,1.1050191890388936,1.0952750015133201,1.1071438537630758,1.0561134572298958,0.9149590384150988
2023-01-30,1.038787170516234,0.9904721947373405,0.9918531600345171,1.0408657068186946,1.078787498161445,1.0820312660686258,1.112861028121316,1.1499586378950408,1.0797600958271627,1.0685510626307007,0.9202465670843588
2023-01-31,1.088405484969115,1.052619517928603,1.0371351728540594,0.9807244101250229,1.0760017737029217,1.1152025211676428,1.1202586366817378,1.1310858131213182,1.111628931339042,1.0800966437970565,0.8921465508532608
2023-02-01,1.076388808423624,1.088383695426449,1.0612355829119633,1.0201032348323167,1.0910395930149446,1.146893674456183,1.1223272955280381,1.1434335522510692,1.1274675553944589,1.1108931323625717,0.8875089923341155
2023-02-02,1.0588710302641127,1.0638982551794482,1.113602733836861,1.0653315176319769,1.0683734337004214,1.1312703186528124,1.1347970836916117,1.1569556647592394,1.1344708117308522,1.1068186294610298,0.8806745410025236
2023-02-03,1.070948009222297,1.07358955509301,1.1018192204865607,1.0860442407352269,1.0961169928391208,1.149596214158468,1.18679246988586,1.2166108604070835,1.109271598836325,1.0946376243770155,0.9164601008712926
2023-02-04,1.0784130752142318,1.0670867560837851,1.0616729443739017,1.0856957878134785,1.0799015811166888,1.1222735059878095,1.2018318674894917,1.1325773019832501,1.137495389362925,1.0906285823830297,0.8834348728137262
2023-02-05,1.1222427730076252,1.0587254623986901,1.1537689751968414,1.0639342560540503,1.0540354771924965,1.1878417897411464,1.1276049739508023,1.172031199438128,1.1061312759782616,1.056591023828812,0.9248784855944304
2023-02-06,1.1020457864336202,1.099846674386041,1.1011052438470208,1.1174541858259046,1.1400440308771815,1.1712639681577925,1.0913998937481284,1.1668066254140987,1.1075435799983917,1.136992848402866,0.9561812154338799
2023-02-07,1.0742744220470102,1.0521187235696787,1.1415965783279707,1.1388345072126964,1.084881218672959,1.1899685558798705,1.1699984726187131,1.1713469761260853,1.1098866192014933,1.0972713587608556,0.9202798161717066
2023-02-08,1.1272275759815487,1.0882600310475548,1.0900970379562456,1.132958672839863,1.1324569356728078,1.1794429723064628,1.1655069504334516,1.1957433118282605,1.1425396535325123,1.1510633510499169,0.9190555792464242
2023-02-09,1.0993206911309596,1.0633397178633865,1.0675318573032018,1.141965511449552,1.1454203782086743,1.197457019440984,1.19310055850267,1.1458312797737846,1.1166077901968048,1.1208262281396666,0.985739411939707
2023-02-10,1.2016412841139283,1.0989160084083403,1.1007685293531695,1.1109424692058212,1.1525590883224393,1.161512496476255,1.1794047555033915,1.1487592799544222,1.1395515933483793,1.1702742070818517,0.9768565461171682
2023-02-11,1.1321613446098828,1.1414288124800087,1.063193991004383,1.1594999664300083,1.144599279249138,1.1775402811250675,1.179439925483662,1.1741182502857779,1.1768463116872927,1.1385060789627077,0.9233077365912705
2023-02-12,1.1615022339652128,1.146861711669692,1.2057071346105273,1.1439049157424446,1.1657192608062767,1.229957037143227,1.2118737354813056,1.1664396246163764,1.1326349252925145,1.0912407006289746,0.9491945451009951
2023-02-13,1.1812279622251878,1.1443277749231213,1.1667002941839704,1.1606899367790107,1.1779572639876652,1.241740713279286,1.2210307566616838,1.1838378406304428,1.1498315958220315,1.1153610483301846,0.9572204300724921
2023-02-14,1.1767586547159326,1.1561218154915558,1.146632372085897,1.1646576324319007,1.1917826386621748,1.180505242089583,1.1602912444272202,1.2197973293372553,1.168292755444519,1.130160281415408,0.9573668479074541
2023-02-15,1.1859046828981186,1.113500777040318,1.1894549427885757,1.1600860635073615,1.2239512241801282,1.2218424914964163,1.1801678342256308,1.1736132199407627,1.1767229596510254,1.1161981644871606,1.0009015224098379
2023-02-16,1.2128595250999756,1.1600976232928313,1.1912428685727592,1.149205130512499,1.1936578835391625,1.2112251094618782,1.2035545552140938,1.182773079853769,1.1621034638707748,1.1322570455725134,0.9609621506737009
2023-02-17,1.2496056555551047,1.1611208075582558,1.2103822737434238,1.1762142045320991,1.1965731833803308,1.2109548577886429,1.2142502673887556,1.1995557841466815,1.1982781930447721,1.1111375534957788,0.9679462454850449
2023-02-18,1.2397523601147273,1.1703995975268526,1.2334258315385438,1.21047950038805,1.1794536925376482,1.2418658224961288,1.2117181634692789,1.194282696343298,1.1973748779543874,1.1490680591826685,0.9824530412542719
2023-02-19,1.266619770038256,1.210565568788986,1.2042472542877416,1.1822967480199937,1.2201514812700247,1.269615256521126,1.2337847226979877,1.1569177575905525,1.215102678439382,1.1584607420753377,0.9981926162709804
2023-02-20,1.2125616010909666,1.1827419026100274,1.1977861100994918,1.2231707882759328,1.2330491912685995,1.2587111894809027,1.2533772613404381,1.1950264644987496,1.1885446214162594,1.1310094413241392,0.995062163341251
2023-02-21,1.2557091198301518,1.1977944663399729,1.2487423015468464,1.2267475551417713,1.218649642363679,1.2457422779115248,1.2770706991163,1.2314601545930002,1.1817282204894348,1.2081914816572816,0.9882736775724154
2023-02-22,1.2606819553974955,1.1693700288599729,1.2563510353564948,1.2083111927972323,1.2441458962340015,1.2728940249411242,1.2539872328504125,1.254944987842751,1.1814324303324766,1.1648320183214633,0.9390226475612766
2023-02-23,1.2745815684733537,1.2228072766760691,1.247034821392545,1.257948568788077,1.230271731362892,1.2572973718701788,1.2237005742564495,1.1948555920374102,1.2101088841821632,1.1463707445848945,0.9689418931405446
2023-02-24,1.3091912583627532,1.2115562924235745,1.3071578578529852,1.2217638803953006,1.2613941354968419,1.2828557207519862,1.246802001642878,1.1994378913311543,1.1969246007807457,1.1295817848714482,1.0047725695702614
2023-02-25,1.2782245547388436,1.2493024148316432,1.2499548466736174,1.2757951875719882,1.2744496319881726,1.313702332910336,1.2540630006289673,1.2338587679899031,1.1960297947414635,1.1753356695491695,0.9936751228769795
2023-02-26,1.282543137671318,1.2320929452255596,1.2465641216621908,1.256293594609499,1.2810960412981882,1.2330812022653077,1.27425604886526,1.1858800153616873,1.2029425594954026,1.170827452340153,1.0111828060650119
2023-02-27,1.3149442584838358,1.267010662255566,1.287651759372967,1.2524075608608976,1.268552684544234,1.3111426189911355,1.2765202475004163,1.2312965267268225,1.2009332548103275,1.2004039071890613,1.0408094036171478
2023-02-28,1.2660312317848716,1.2692845394214303,1.2684436204831222,1.2379527993294601,1.2465640135134464,1.258917611196553,1.3234846674455445,1.2036544666109137,1.2268618128507087,1.1807174118733124,0.9672929718370991
2023-03-01,1.3134340732377974,1.323185387391694,1.3058012247690423,1.2652647431116122,1.2642023911487266,1.3342663474279515,1.2660782634825356,1.285900561559538,1.190417386699443,1.1579179653061105,1.028237657832727
2023-03-02,1.324846990196367,1.302275501299039,1.2806629647509291,1.269680422027966,1.3012964623216507,1.2937781276961227,1.2926087700055262,1.2370429665210079,1.2371378914100537,1.232973560861825,0.9945896362542502
2023-03-03,1.3140169809565858,1.2522928317240616,1.2995355536386821,1.250599865428427,1.3545354148770656,1.2853889871411182,1.3472142208726032,1.3021829549351969,1.2502914836345154,1.2055262187859817,1.0292771744540306
2023-03-04,1.3722538662025419,1.2750782733291115,1.3648446084457102,1.2838794194028933,1.291674889195585,1.3393208461872095,1.2790551501135046,1.2932695633986573,1.2226557581338702,1.1916981223113954,1.0078934250302032
2023-03-05,1.3280502349911414,1.3164753730346683,1.315444418776305,1.2764668829628436,1.318446834310111,1.3371330036992415,1.3026353292952142,1.2538265392187937,1.2890132549216664,1.2055672246028832,1.065115304674101
2023-03-06,1.3599656552373673,1.3002215905735512,1.3136018085198407,1.3184335070185533,1.2999877066940044,1.309119963730759,1.2806882394505108,1.2477218767312703,1.2451720161006543,1.21668784007718,1.018194272406587
2023-03-07,1.379425018453644,1.2576091110176522,1.3708075254441887,1.3436420355256877,1.296358081479233,1.308826731562207,1.3116483658880593,1.2742020175741404,1.2094515546317892,1.1724859478149285,1.001916741506343
2023-03-08,1.4146433347342977,1.3738854083984524,1.3232104066506554,1.2874929732108702,1.310597673384031,1.3414979424966114,1.2953589606908809,1.2809276334982949,1.2451921361567615,1.2155052691694628,1.0313994840954006
2023-03-09,1.3892314302085085,1.3664586587052958,1.340087194731115,1.3681339030982271,1.282222127673618,1.3220971877411671,1.346284818486993,1.2966839039027815,1.2575120683316285,1.2036502950780175,1.0319596686304524
2023-03-10,1.421564802218449,1.3697616518908753,1.3797275257546433,1.3292522572589647,1.3748781773796241,1.3316580118605141,1.3290303430360648,1.2730863246987,1.2708766312028845,1.2309112096427104,1.055257405043065
2023-03-11,1.4243187853076429,1.3498161772829167,1.3966548920604969,1.3152097779281522,1.2920274092727249,1.3670618914440762,1.3071771462719335,1.3156126556974963,1.2569077268446203,1.2030342948762098,1.0409355160004647
2023-03-12,1.4185105873052948,1.383931037710489,1.4115659982464426,1.3656278980429706,1.347903292811925,1.3459821477839136,1.3567730711534332,1.308022020151989,1.241729501952732,1.2097161825020895,1.094525314892924
2023-03-13,1.39678386702337,1.3638478095832056,1.3702113873417365,1.3426008021079152,1.3317440821390614,1.386730992690519,1.345429392328688,1.2972980933560445,1.2433036877381765,1.2696850961136064,1.0327633307229693
2023-03-14,1.3967320386628617,1.3947737788414405,1.4116083493111793,1.3587762878867946,1.345765985554055,1.419240653136253,1.3699191049708086,1.2924091914558276,1.2579817980127923,1.2621503685649156,1.035942853698878
2023-03-15,1.4438113581905438,1.3748111214862768,1.3928499761207085,1.3577496829582605,1.4089466845341538,1.3841736906224218,1.322549968250492,1.309973367325968,1.264005065794715,1.1522373993356263,1.0262062565606072
2023-03-16,1.4361107727767366,1.4438840967263555,1.397134185462843,1.354454509680293,1.3861983235658537,1.3970228070410153,1.3655870224738988,1.2985412625483,1.2531868213978146,1.266778915920057,1.046300265655457
2023-03-17,1.4811665079976832,1.3748499830194791,1.450107137594707,1.3999685811791969,1.3636546700554812,1.4500838296876601,1.3808067910646398,1.3247760534023612,1.2668365943344282,1.2392365413714512,1.0527752387208436
2023-03-18,1.4853155031200325,1.453019845329822,1.4140175491200444,1.3816861927931452,1.3796494589775703,1.3757846782045153,1.3559775877320217,1.3297853109673787,1.305223125796831,1.2265757705378548,1.05685424478371
2023-03-19,1.4705152596012168,1.4312703402722087,1.4424194695819323,1.359881880096192,1.3818280544992536,1.4410797851090895,1.3401576572746325,1.3385092277550101,1.3335106810797288,1.222287907604308,1.0543138779939818
2023-03-20,1.454626504652997,1.42612332061595,1.4470401499782368,1.4165085018488117,1.4064340246894127,1.4438754419351394,1.3756451500990103,1.380422733221009,1.3147345513219293,1.2269107355161268,1.0401838135529151
2023-03-21,1.504753875673361,1.450575489372256,1.4240464863180842,1.3795056457443209,1.418382426036291,1.444247926189311,1.4124227338478579,1.3372385923042132,1.3320260962447408,1.236796099867794,1.0361677996813796
2023-03-22,1.4749302955105041,1.4727524239863816,1.48261073733388,1.3877062959191797,1.4679668617098196,1.4609505729335106,1.4148845192171358,1.3699305919154856,1.3272479912293054,1.2287564070744614,1.0515950706886632
2023-03-23,1.4897883863093213,1.4965836059039297,1.4800869129325205,1.4532249519229332,1.3791672307525344,1.441419030259396,1.381023851449495,1.3548041534507307,1.3272226329442505,1.2261943363114527,1.0922627224481234
2023-03-24,1.492612976876681,1.4782176553360202,1.4240225238865443,1.4003527105542952,1.4326816095912243,1.425560098921437,1.3646376192532532,1.347340066466448,1.3014326862887218,1.23715879851968,1.1003790038536874
2023-03-25,1.5219616920307586,1.4560737737306197,1.4881936619260303,1.3791809292877493,1.4321198166804934,1.4732072578402102,1.3908973491167966,1.3545317769425949,1.316867447216889,1.2743464799167774,1.0672544784120441
2023-03-26,1.562982365386383,1.4876620070079498,1.4694906149388258,1.4594738816754016,1.4701097546234698,1.479854490481745,1.3949088876789977,1.3602375624764669,1.3062801329026401,1.2705915670574968,1.0483434360607276
2023-03-27,1.5418824007144811,1.5395991758323415,1.5237771500218111,1.4430955265158938,1.4617334876530947,1.4848377271273934,1.422707894064107,1.372882762066119,1.3147527352059993,1.2862977479988495,1.0725429188978464
2023-03-28,1.5391863832251635,1.5357574349150362,1.4677291190990667,1.4520200014728628,1.4740190669455544,1.463969828283392,1.4138295031355381,1.3460687860603973,1.325353247183266,1.2737884559347152,1.1295379700380834
2023-03-29,1.520362507525063,1.532648791281491,1.5024446036648313,1.4563476651511904,1.4742641531875105,1.4505857828011757,1.402512687452456,1.337564430264136,1.3448907407441115,1.245811427240704,1.104879429941927
2023-03-30,1.5805196702619575,1.537664224837794,1.5278781568004693,1.4767302788832724,1.448694245966739,1.4788890678336641,1.4538225755444372,1.3946844210818239,1.3410210581648914,1.2938544904053768,1.0963175282973734
2023-03-31,1.5553978053644824,1.5430788127749928,1.5276357078605076,1.4588284994536467,1.50861275791068,1.5032561509318132,1.4345803271730009,1.4048920562956742,1.3297625089000464,1.2593756485006637,1.1092446433959824
2023-04-01,1.5860149641701302,1.5623601543897432,1.5527794997806648,1.521236934898598,1.5046109454856642,1.5108856372884096,1.4467907535318223,1.4051747777052568,1.3385508700791162,1.303642018942367,1.1263050865119952
2023-04-02,1.5823684510338565,1.5297525473868008,1.5031520679776922,1.4540955568163418,1.5138339142152715,1.4800924674414402,1.397598435961176,1.394486073474522,1.3513370660616004,1.2612968247309144,1.0615675203642365
2023-04-03,1.6203030834313912,1.5150464109972475,1.5897963307635246,1.5087701646592029,1.5288244557051716,1.5042573432461122,1.3849162184759303,1.4138532753301294,1.3605073399956782,1.2762104730843615,1.0831713017272389
2023-04-04,1.603520380589083,1.5583823124917549,1.568991776026567,1.5203280538208381,1.5139228408237544,1.4691733748623697,1.414366057105472,1.416552296459074,1.3091535608942788,1.2872995835450427,1.082322268321852
2023-04-05,1.6140587300537241,1.5439297719612946,1.5971996896696956,1.4918902857517113,1.5467438125894197,1.5320176004895014,1.4430551077020588,1.4224342727439747,1.3234836601005004,1.3161159269383338,1.1127710895526208
2023-04-06,1.635734190324935,1.5456843643357583,1.5923852590326584,1.4918746368331606,1.5253783588414116,1.4932933937918977,1.4742237563136484,1.3852650785030292,1.3813751055483445,1.306561645084685,1.1046338576291295
2023-04-07,1.6843007292090137,1.5617220389385413,1.5775405291926696,1.5494636948099119,1.5166596534558487,1.5379710595473648,1.405987061199506,1.3833229954324346,1.3554286085146359,1.3055521595174917,1.1220616874317595
2023-04-08,1.6618532702998772,1.649509586763488,1.5530064249865991,1.5058091446274255,1.5281502073249913,1.4950519738707866,1.5090751731333054,1.4050089235736638,1.349590523126761,1.3550687991965507,1.0929895374327199
2023-04-09,1.6454200482154397,1.5984062745940755,1.5782822870789863,1.5219404338274891,1.533878896010875,1.5549963036111774,1.4782109723556296,1.4182481346838594,1.3568311663353239,1.264862031995871,1.142453370161503
2023-04-10,1.6556865609768987,1.6116560321818238,1.6393491446556463,1.5657962355181412,1.5276304534656666,1.5426645663910652,1.5126295115868094,1.41657755870732,1.360036404368779,1.287671321001962,1.108899144427026
2023-04-11,1.650434919593755,1.5796332767225512,1.6414642322348594,1.55096870012351,1.587533331290082,1.520474049281987,1.4611306212021422,1.3796344965721328,1.3837720809852732,1.2894298652919813,1.1304591568377027
2023-04-12,1.6477347739947639,1.5716614453136581,1.5985358724815997,1.5116384856949006,1.5602450642239378,1.5626627950147953,1.5005165892435308,1.4735036115940332,1.3453020918425715,1.2750067966447518,1.1454288695666004
2023-04-13,1.6655727070017863,1.604820869027781,1.5507452863780038,1.6066907890015105,1.561288480710802,1.5359723933744602,1.4946727507734774,1.4275031196566785,1.3767851298958549,1.3040834068385923,1.145855210975424
2023-04-14,1.6679731993039717,1.6687730686755817,1.6230421913363282,1.5561916770216437,1.5746900580128966,1.5748045888730504,1.5175903820604724,1.4425483459457187,1.3854661900647414,1.342048731571992,1.1294164683357124
2023-04-15,1.7114753063197967,1.6486752254359216,1.6283030086398893,1.5657811327136746,1.6455236699388727,1.5545290042541435,1.4958914910668866,1.4732044841441736,1.3923519414074526,1.3128313005895298,1.143283400271096
2023-04-16,1.6762042181772063,1.6627626322846418,1.6363671050721238,1.5886333574304954,1.5487593117819463,1.5236535691053992,1.5181374582205336,1.3873101020065166,1.3911333393990069,1.3220503305686933,1.1687305868422595
2023-04-17,1.744136262056881,1.6737206723341853,1.6629205247316723,1.6042350112744967,1.5619326518882417,1.5473992553326326,1.5384155909774437,1.4369694078738784,1.4015604570930293,1.2900494539699254,1.1404038788480537
2023-04-18,1.7374080803990102,1.6479110000014927,1.6786878626674016,1.6439857828424673,1.554531713811916,1.5664612489067293,1.4991178366524376,1.4438949395360576,1.3774310949749156,1.315923173060275,1.1116829660756542
2023-04-19,1.7268995030559202,1.7048116336418695,1.688595516940831,1.5597873929698154,1.589199649964878,1.6166704249610946,1.5259728736212366,1.448960085114344,1.371273836384101,1.3270019710233427,1.1468462414079368
2023-04-20,1.7341541851290554,1.6616897125901824,1.6820163138024298,1.6282497559788114,1.6071025945671553,1.6102205897038193,1.4772228084666472,1.4568095650859745,1.4592992063917032,1.357297788602427,1.1336694303165675
2023-04-21,1.727952775840964,1.7200428745910352,1.632870055089549,1.6324690790451541,1.5952630307635187,1.6334971430863863,1.5464676973112041,1.5010880058520284,1.3933825328328384,1.3020434970273824,1.078218635643373
2023-04-22,1.7563549469509554,1.7033016455282968,1.6763553532652335,1.6167387337260182,1.599315941501729,1.6394325017715752,1.5822406948726961,1.4854931130946196,1.39932778935038,1.335205187431368,1.1507716116246263
2023-04-23,1.7845027292142839,1.6548549631514449,1.7494640109698665,1.6461049574986104,1.6222639111674422,1.5898963681340341,1.5067155858021577,1.496338717458664,1.4238951869329581,1.3764003096152675,1.144426799487469
2023-04-24,1.7473987563499815,1.6881979438929604,1.7081741125796333,1.6560165709536798,1.612027538043621,1.6037090884735876,1.5399777547600546,1.4772813193692211,1.4498465711819988,1.3407377698881586,1.1726958094677733
2023-04-25,1.7342999045613323,1.669572012649017,1.7149517343684353,1.604328713905702,1.6381929483964672,1.6032780929816715,1.5686936619858265,1.4448188416823746,1.399311503285683,1.3015964400426028,1.1272939031448812
2023-04-26,1.797852112798508,1.7505551501385483,1.7216616857046434,1.6888215806405256,1.6641347170536738,1.6018939740357896,1.5518700567881885,1.4314950748560824,1.3909199998132022,1.389071216343249,1.1106505207416655
2023-04-27,1.7959977911918081,1.7281127810142007,1.7299581817954586,1.6122896843014514,1.659027027073473,1.5777489469921373,1.5595988529099754,1.44892122043895,1.3877876291470463,1.3780564111788431,1.1547435337991954
2023-04-28,1.7674808207983757,1.6802612498928686,1.6668760264216733,1.6290389640322687,1.6699312247995763,1.6285052382844418,1.5500669853111886,1.4998041540678466,1.4616057071156858,1.3839970010122908,1.1622505263826652
2023-04-29,1.7847284497783076,1.7525828305295261,1.7273269749991322,1.6570222399520556,1.6808408165157,1.601805565256003,1.553492747642332,1.495242645657719,1.3987475770495013,1.3212315849777665,1.1572979242164148
2023-04-30,1.7891434980459584,1.7369602341560475,1.7392102557394324,1.7178175610010642,1.6665329879928992,1.6381444585886613,1.5663678734244733,1.4928176077122957,1.4269192721253945,1.405187799503008,1.1576623592675066
2023-05-01,1.8000462328196232,1.7204753453793487,1.77901882894622,1.6680969326404558,1.6612482749429156,1.6969304752524734,1.5738998949862886,1.492465591183707,1.4060697974705418,1.3505809683535388,1.1326056488358636
2023-05-02,1.8175866080569856,1.8066818944613399,1.7549786425317868,1.6810966161731737,1.651642708281471,1.6363235509034975,1.5476292900305468,1.5555665042142628,1.3971727101374507,1.3596997061100098,1.1580168229202494
2023-05-03,1.8265149760054225,1.7745583973789258,1.7194110581755335,1.7237709921663376,1.666887165091901,1.6589311535516376,1.5798064379904266,1.488279582092807,1.428937972268018,1.3573755190596306,1.154932394585891
2023-05-04,1.8243897876006865,1.7716653556383195,1.7780948813192003,1.6865177222882781,1.669275049254247,1.6817164206539104,1.6249465829139202,1.5356117442865969,1.415654614662675,1.4011142225888387,1.1926000232778988
2023-05-05,1.8291676394995198,1.7761219439763267,1.7539977758088678,1.6706041312195878,1.7063426857223372,1.6710298168838806,1.579515846772929,1.516013672041095,1.424646795032906,1.3754283753698158,1.1773922967971726
2023-05-06,1.8498455176664306,1.7553636801223949,1.7504065664112276,1.6956564177311535,1.7023873930638902,1.676291015071441,1.5633086169748662,1.5179775849259303,1.4949147813298636,1.3944362202960432,1.1630733070246468
2023-05-07,1.8671822434157184,1.7676518785957502,1.7666872709585626,1.7463623350538693,1.7167871318177066,1.6648594164898949,1.5946853677146844,1.5524380002120115,1.4581957561831507,1.3867465251920739,1.215221767571658
2023-05-08,1.8624889627350871,1.8394404387621592,1.807801267877969,1.7198525730548826,1.6759936697220743,1.6730474277401952,1.584821342805767,1.5630922086683083,1.47365797308202,1.3849163279969212,1.167490829179943
2023-05-09,1.9067512225193934,1.802504504778353,1.8323876371041332,1.7723191217608085,1.7464134319775644,1.6597534909911122,1.5734292675870303,1.5240331359722283,1.4737724206398513,1.3660533595621005,1.1902346588400443
2023-05-10,1.897856820174699,1.8219196238029245,1.8196544838742663,1.7484562163320283,1.7055466378531292,1.7097988802936814,1.6145535745454096,1.5534810389137954,1.453406055786414,1.4374443975114077,1.1741811534543052
2023-05-11,1.8527356332449771,1.77725848205854,1.8300272888511155,1.719826413445099,1.6943061851001922,1.649989238330952,1.5974894074117736,1.5460636709885478,1.4476933565446017,1.3579614391135344,1.2211850569989882
2023-05-12,1.9129343629754751,1.802395876709539,1.8326813181896744,1.7431461115089473,1.7163957685410727,1.7226674386497687,1.6037863935474777,1.5406041937176531,1.4676556480725291,1.4072456408911658,1.1846177946999368
2023-05-13,1.922296561674552,1.857557710670495,1.830000012658852,1.7264452514112216,1.79502428974317,1.6681465514372795,1.6273835666929737,1.5489631268771926,1.4683768936865076,1.4087364748045912,1.18738485126289
2023-05-14,1.903588954940703,1.8587023660538116,1.8514850808321923,1.7369554750062197,1.7287756220173074,1.7321382113458288,1.58934815042417,1.5300817807514229,1.4526663515077272,1.4305476369978283,1.1829942137818574
2023-05-15,1.884359502285852,1.9000242509576981,1.7801709133340147,1.8715182643287132,1.735864175287456,1.704047006961244,1.58825406190259,1.5430416763679102,1.4728412150051784,1.4387476990741483,1.1934086754358562
2023-05-16,1.9292061439186856,1.8966773753710082,1.849979668009669,1.7908660562715344,1.744696818651768,1.686900702757824,1.6526672091173407,1.5395775065546158,1.454633130174667,1.4029556500034757,1.2204778031019132
2023-05-17,1.9360598883878837,1.8642327609024596,1.8276253398886648,1.7927717765586697,1.7512767477873574,1.7369705845794163,1.5917131395136053,1.580014258521712,1.4706892534242497,1.4219834898780306,1.2136176588866696
2023-05-18,1.9154428541652222,1.8887050916657349,1.8893510593308582,1.7614934720732565,1.7409333207802786,1.7504838957409075,1.6196422499200325,1.558473649352893,1.4692660753171891,1.4551672474107873,1.1951445516467298
2023-05-19,1.9144183918345068,1.875830712388177,1.863113842050081,1.822126178777027,1.7695138304199023,1.7210753895766584,1.6031252198340336,1.5317722100428661,1.448587098282595,1.4117264201444322,1.2389358931986534
2023-05-20,1.95570853577009,1.9419645999859216,1.874065036815181,1.8161706848303683,1.7982721475790326,1.7547914987681072,1.640016783556973,1.549478224826176,1.4241791602545086,1.388994258794213,1.2201767167929365
2023-05-21,1.9592527722503645,1.926152471840077,1.842147709969554,1.8415098438341073,1.7846739468742632,1.6843844063948257,1.6669077922271032,1.4909195121797838,1.4621193518358597,1.408331632653999,1.1893362098786828
2023-05-22,1.9618144084626459,1.9084863613077245,1.9116631977021774,1.8460666620679682,1.7544578673260827,1.713218475436068,1.663038214279193,1.5618638333949808,1.533325147937843,1.387604572798399,1.1677102053609874
2023-05-23,1.9773113172400978,1.9160558008179749,1.908378479790216,1.769016735755542,1.7790346659219418,1.7832522279816119,1.724037530630935,1.578480513696541,1.4830960336928032,1.431782844105894,1.193761424373416
2023-05-24,1.9589621132995203,1.9539536430055595,1.9130569460616136,1.7839889881294266,1.7792476535376702,1.7500458330433362,1.6954121817010825,1.5774376213927563,1.5128419479949138,1.4513550123550563,1.216378189794333
2023-05-25,1.9827805319034957,1.9390932359836028,1.8852309610821445,1.792367322160991,1.7997382468340604,1.7137649121281857,1.648946784196709,1.6336350744001256,1.4429255721957235,1.4239634060519775,1.2228721952000599
2023-05-26,2.0140884805581445,1.970326037389365,1.8926243230089874,1.7995767673887852,1.837041557430982,1.7475185754705298,1.6462738192005753,1.601782809683767,1.4734129713014386,1.3887011039340333,1.2438085294227526
2023-05-27,1.999095390661736,1.8832610248513721,1.9239497897063182,1.8369612731263332,1.8054104744566275,1.7465626932186755,1.747830064230843,1.6039393227083372,1.4673309466217026,1.4569920382695296,1.184344698352439
2023-05-28,1.9731197982202395,1.9563603520389377,1.907377720731681,1.8203911656583158,1.812267915725366,1.7701438151331317,1.7106782295361183,1.5528532745013564,1.4986985710862646,1.3892591327857124,1.2025982589626008
2023-05-29,2.0101616508286733,1.9386569321876659,1.9419789739045725,1.8920493054225789,1.8642393084069397,1.7696571054071397,1.7027878122499471,1.5880652127811565,1.5668578432133426,1.397223932784824,1.1859955815189756
2023-05-30,2.002270427040884,2.0021513487243947,1.8834365943696665,1.8935114273011546,1.8470170904460448,1.7880202546879862,1.6938532775802022,1.5882504329019984,1.5203579974760677,1.4336110746131414,1.1838170644161625
2023-05-31,2.042734014380667,2.003587101192385,1.931610047145991,1.8513801752912118,1.8447652742393674,1.7864196449834218,1.7027373895476439,1.5839903744776005,1.5537757718667846,1.4465516167202361,1.2034330439730316
2023-06-01,2.0510437539100588,1.9724196084537662,1.9950434442625817,1.9060595518320356,1.884655581211521,1.8267475610062736,1.662754036544659,1.5868606405952574,1.5075485278423209,1.452991527904107,1.2301265409431845
2023-06-02,2.0086068662031433,2.016647617241821,1.9674245994126915,1.900002041276306,1.8532245679064026,1.8079542234120474,1.7076277095564782,1.564859878335522,1.5505459084129427,1.4429512962066557,1.242070256821327
2023-06-03,2.0760413794321773,2.029479593309104,1.9669072470642353,1.8571410917548676,1.7965812523265305,1.813357571439147,1.7093679163791216,1.5813621516089518,1.5707612496763959,1.4907666012793643,1.2008923296271203
2023-06-04,2.0362378419924405,1.9933937518126739,2.01865533389642,1.8237764578842288,1.8723145709219928,1.8356090260525786,1.6888587978579108,1.6382967749848032,1.51869238423565,1.4505469049131074,1.206176883891462
2023-06-05,2.1099853343024537,2.0599509618375524,1.9169006175430812,1.8741439293618212,1.8169397680442338,1.8013144416841829,1.7018641800784327,1.6160481550905372,1.5104330855824049,1.4769282463932734,1.183712804952725
2023-06-06,2.0767366946454247,2.0039755110828366,1.961179200671517,1.8690523025475378,1.873270928680701,1.7840297356654575,1.7570619588687888,1.6101283658591217,1.493449030174506,1.4728711063432673,1.2353589860894645
2023-06-07,2.053733849607682,2.005990041791291,1.9777831147345326,1.8958938416139195,1.8243469901105709,1.850283594536665,1.7198987203705436,1.625811566968654,1.5211391008276038,1.423003142465443,1.2134808916998159
2023-06-08,2.063269098907315,2.0395817239200578,2.0155098485614023,1.8985140919697718,1.8607281580687232,1.8280279040930594,1.7786434600153205,1.658281261481157,1.5333762284552837,1.4532017079239439,1.2751369130921957
2023-06-09,2.1074338918062314,2.0156600185763858,2.0221694732790456,1.9034000603576124,1.868503282988281,1.8326282311127928,1.687174019689927,1.6323428233107982,1.584557955409424,1.5126404051511166,1.2455758896537272
2023-06-10,2.095849684973963,2.0331964100884194,1.9848434814411056,1.9204472346443988,1.8635328719012505,1.817814068488037,1.7214555288148983,1.6488796036880666,1.503857368006637,1.4490536794826574,1.2328070407168685
2023-06-11,2.110104640846866,2.0728453746723132,2.037646897608326,1.8825620418451132,1.8792423160761464,1.82271928364578,1.6996357541596392,1.6173296478485488,1.5401633672181225,1.4468948322505022,1.2228210601545293
2023-06-12,2.1597176553000605,2.044625272743711,2.008808584210882,1.928668764244458,1.9189454522698743,1.863792771641422,1.7118824557361458,1.626145572226064,1.495746921871282,1.4701156663985933,1.203231173312457
2023-06-13,2.1087827852117282,2.0082935534690507,2.055365100410641,1.9128939288959435,1.880440621393358,1.871716062102744,1.7252047474597787,1.6535695351798099,1.5328612652842108,1.456222449249652,1.208143764533496
2023-06-14,2.1346174949268932,2.0663653108240454,2.005430161318079,1.9343735890543532,1.9170664586888393,1.8711613271313727,1.7575762879436014,1.6951376952693946,1.5537340417828978,1.4501704460033562,1.2285234392699236
2023-06-15,2.175458095489003,2.0462776678950148,2.034325241461319,1.9587893257020743,1.884435862647735,1.8758471919073514,1.760139854181521,1.6866596195256798,1.561175874988319,1.4600022353803133,1.2283347722537934
2023-06-16,2.153557627858906,2.0918090442698696,2.031305556818352,1.9097146941027603,1.9089696733887433,1.8746978499605604,1.7402548022688968,1.6685727107265107,1.5654925347116755,1.5099496738701033,1.2225526103799977
2023-06-17,2.113452003615694,2.0940640670639126,2.076102335626012,1.938753739357355,1.9269243145008932,1.8682009054318858,1.7053023525837427,1.6608676898584003,1.5631014510137786,1.4727931350732806,1.258678222714891
2023-06-18,2.173063777955249,2.119916417482349,2.042764234480272,1.9482751212761857,1.899027622827684,1.8649610533676044,1.8016925795339143,1.6951817038312709,1.5700702306754784,1.4450601624704453,1.263821034215925
2023-06-19,2.138155888496434,2.112282052318483,2.0608953164310173,1.9438253750823362,1.896251873406481,1.9040285501930783,1.7613519057589222,1.6830885514512504,1.5590906413154801,1.4425162844958552,1.2412069228731615
2023-06-20,2.2091932096876934,2.123302665613013,2.080740380515329,1.984612907081461,1.946437660494801,1.8688447590724522,1.7443276006815684,1.6089403784842142,1.5341323454981404,1.537522663501418,1.302754883958881
2023-06-21,2.1602337753487335,2.0857626578392425,2.0878061502873413,1.949534201979682,1.967305532302212,1.8918472254037204,1.7828402373214596,1.6429879193363324,1.5164139891787172,1.4788066654038685,1.2124064018458214
2023-06-22,2.2618162584117583,2.129024189602238,2.1024443488786644,1.9590775366794955,1.9423319276652289,1.8669002411772757,1.7848037083629302,1.680838100207518,1.5514094095038578,1.4972870740582829,1.2592227154953135
2023-06-23,2.2310268161555245,2.16456141977544,2.0916359780566496,1.9606253224999322,1.9379481992539165,1.8749139881847736,1.7753449946692366,1.6307531593436622,1.5640774048440564,1.4691660811062472,1.2539937277566398
2023-06-24,2.181182068088585,2.104550888501888,2.0819806672243346,2.0110777831693474,1.9583380364641099,1.889881795352516,1.7908384427170307,1.6560249499841182,1.6011524778094732,1.4984985860003945,1.2473761686079508
2023-06-25,2.208343993522844,2.1731692092682673,2.0897653869184074,1.9768609598966438,1.96089116425337,1.8800699140206292,1.7619568345831804,1.6640014141565043,1.5696459530236215,1.5289763397698508,1.2453836309067723
2023-06-26,2.233422552035818,2.1208424615917605,2.105212790628797,2.006061655274322,1.9706278528968273,1.9244911227696297,1.8135321859657105,1.6781197549837787,1.569599214538133,1.4782016296767695,1.2643289810743674
2023-06-27,2.2409025145690356,2.119669470099814,2.1168663116406194,2.0493346242949046,1.9063936177690064,1.8752143860136163,1.773309061958713,1.6803604811473727,1.5864999115494647,1.5079841513898313,1.26053903472077
2023-06-28,2.239090958837417,2.1547586046414886,2.1129953435810127,2.00344625670767,1.9479101511568915,1.915760581459779,1.7867826819318782,1.6833359950745046,1.5724557885066068,1.4633834725152328,1.2580512574542841
2023-06-29,2.266050300712513,2.1716287309327744,2.1231957017948866,2.0384864247539656,1.9585388008584093,1.9209515473977736,1.8218281818628967,1.7142101158725038,1.6018102693975578,1.551103018124248,1.2370480200315381
2023-06-30,2.2383783273941646,2.182894864989337,2.0908183262057354,2.0578306464823806,1.9884670459228486,1.8767224874120818,1.839388572655344,1.6899561235538392,1.6333671823097138,1.5092458009362382,1.2307281680648685
2023-07-01,2.238983520452046,2.1424201868945096,2.151460914772599,2.047082392157028,1.9943623354939668,1.9153153633851052,1.8526108935941394,1.6899763465859852,1.6409873082378188,1.4942106095211367,1.2656303289974475
2023-07-02,2.246171689382364,2.1836841092752484,2.145325731829539,2.026332527234684,2.0106343901146406,1.9370770018755679,1.8430341049128531,1.6688644818744254,1.5909744356859499,1.4990788846860956,1.2644506529192485
2023-07-03,2.282987593475182,2.162031555545544,2.1718593373279127,2.0481495852778573,2.0061785921899062,1.9457415626055037,1.8122058724916144,1.7312006464498113,1.5992986148310584,1.4957675085075672,1.271234698520258
2023-07-04,2.2773361396763363,2.1482908594816483,2.152825230783233,2.005251357698958,1.9722247479823012,1.9342500489562664,1.7854465068730452,1.6917995001811552,1.6326729454684654,1.4990362155706838,1.2751006019411761
2023-07-05,2.282160664201316,2.168632916403501,2.115364136561538,2.0232685005363575,2.0459174466624943,1.9606100398004096,1.8627597277939878,1.6844030834194073,1.5917752945125558,1.4513097182589827,1.2664072900034156
2023-07-06,2.3014252258032686,2.179410364938104,2.155860223869493,2.032981508091683,2.0465348497332,1.9452809947470608,1.8655583099309072,1.719895183610328,1.6148247318170292,1.5120342894816658,1.27581175170379
2023-07-07,2.2369279244024454,2.2175486729817804,2.165815105269183,2.109437775099852,1.9882720992189977,1.9526774730198997,1.8181458651325375,1.69838085615515,1.571784503220933,1.5129710988221117,1.2614344175088428
2023-07-08,2.3026101177365015,2.2396346538466885,2.195372810036161,2.038427444804639,2.0330306051507243,1.9629461497767329,1.8616263592583822,1.70738964507861,1.5947093151272913,1.5306677473960275,1.3225207693239474
2023-07-09,2.306971308465366,2.180314491108987,2.1310253888553796,2.0433704499113605,2.0148093296741765,1.984145071248298,1.8339407769063671,1.7299818673373042,1.6336983696201521,1.5073544811553268,1.2660771417249614
2023-07-10,2.3498707324832098,2.2322540819627665,2.1897890676881615,2.043270604571959,2.0381447534650707,1.9483892529884146,1.883423174450342,1.7183382360818056,1.5891544601453498,1.5031379677933876,1.2784438825671527
2023-07-11,2.2765742581773556,2.200343279198277,2.2075743903459846,2.088671356216626,2.0659805952680066,1.957420843681208,1.836663326151276,1.7872687293110918,1.6062207676775393,1.5241994496430593,1.2712708796351393
2023-07-12,2.360352261249824,2.251789054485848,2.1841640459485534,2.0835454255375,2.097871821198895,1.957175449887828,1.9026427920099578,1.7305844438784521,1.5723785639615657,1.4860639259694501,1.2724979142366828
2023-07-13,2.3299368984564133,2.2267905723599153,2.208531703782143,2.1124493112658116,2.068369446120425,1.9698968938917372,1.8764691837886678,1.7508764588741177,1.6641890440683034,1.5319375830456399,1.2932752091749367
2023-07-14,2.346901146300407,2.222368486054885,2.196951102248282,2.107359113572085,2.0619262937694662,2.0181593887868297,1.9053927603951084,1.689862395033758,1.6479310549096269,1.4837851751477227,1.2917501048602518
2023-07-15,2.3831950036538823,2.2749323800027352,2.200345176943934,2.0613622204171387,2.051020170532931,2.0011212990346805,1.8524957006209846,1.7198618703751596,1.6233680541376432,1.5603297643599923,1.2844665215352402
2023-07-16,2.3619328039864618,2.2465531617367613,2.214328185206172,2.080981646382327,2.0690294169944323,1.962823710763064,1.8778516036765218,1.7171779303656312,1.6336635037137393,1.5513948853897663,1.2905136912959554
2023-07-17,2.36453605358712,2.2596092142226563,2.2127224798507172,2.140585931681125,2.1034284769633556,1.9803859388022684,1.8471280662952132,1.7234634864830936,1.6331833655510803,1.5131127326228144,1.2812535074145013
2023-07-18,2.367193758177485,2.218287519605265,2.2535284728543306,2.106657095464998,2.0732726009221767,2.009011036971572,1.8960931241911374,1.7606833792575782,1.6602042597609186,1.5547756845303475,1.3109411434017986
2023-07-19,2.355655936803475,2.3037270325236343,2.224009809876877,2.1467141188676386,2.05719186544321,1.9813227038230097,1.9011021532866839,1.779155958279618,1.6149375471453256,1.5430157621206702,1.3539280833888043
2023-07-20,2.3736340734353294,2.3068592502900884,2.2257540227974335,2.1185652207012917,2.04380523347403,1.99014445051712,1.9421840209180619,1.7648546570044377,1.6485260563123236,1.5169843457497676,1.2823288053088302
2023-07-21,2.3630591126051916,2.292743777256398,2.2984659472114584,2.1033971186154665,2.1020751253990406,2.0461937191503483,1.897941521208695,1.7535452094712558,1.6594675363139277,1.4936206193030006,1.3157020032181979
2023-07-22,2.386430826240167,2.260686323463965,2.284225195565515,2.125286872372357,2.1003814432267736,2.001526545918361,1.9076249882369531,1.7464129537506008,1.665229175524433,1.5540877666202382,1.3086314467321498
2023-07-23,2.335742451685595,2.335376529860396,2.219606047675601,2.1139457993834476,2.0830009212306875,2.0450184585430886,1.881384191309868,1.792998107082234,1.5806770037868878,1.528305810994359,1.325880182416104
2023-07-24,2.411460297455721,2.29475032099407,2.2529602957933346,2.1292858787527034,2.1297476483420046,2.056825569710712,1.9103221690614354,1.8199142658725422,1.624496212335158,1.5775249109207465,1.3282430930773044
2023-07-25,2.4042825488277257,2.3063360394297794,2.2840753454853404,2.153724704876361,2.0985010361125176,2.011396696462941,1.8909237595449324,1.774485223401671,1.616317356269488,1.5524913606590602,1.3176197302524586
2023-07-26,2.405510853973436,2.381732523414713,2.2920407733021317,2.16676797311181,2.1106272181725845,2.0117752057855154,1.9069517379017336,1.7975702447637127,1.6478568245324299,1.5366430245963498,1.3131525522215248
2023-07-27,2.425998373102375,2.312600843566754,2.2526167666916765,2.119498972584969,2.1185244859994916,2.031412454501139,1.9120533155330406,1.7856493500705102,1.5960390031689942,1.6010730606497263,1.3049531709968671
2023-07-28,2.391252512492274,2.3550063312559275,2.324774691144678,2.164095296894102,2.1151151501572323,2.0153922189515536,1.902519233392375,1.7989334211454537,1.5976241694678837,1.5725353756854539,1.2983596761715177
2023-07-29,2.481909473960873,2.356761918078344,2.3223721094867575,2.155139880580099,2.1347337880937705,2.0499267833744765,1.9165383387873338,1.7539148168829075,1.7053446360944433,1.4687469859008722,1.3167348947356181
2023-07-30,2.4376937812323485,2.3587218527956373,2.3197196689787396,2.158870918361954,2.162573747438346,2.046053731401879,1.9092218103635714,1.773809943011047,1.6688647451293763,1.5499672964071178,1.288716950045544
2023-07-31,2.443201435551678,2.362275108726984,2.347520856218064,2.183674857002866,2.1101732428587177,2.0645048882831145,1.9127522073343897,1.7988873190356538,1.6587809116887626,1.529531004595621,1.307664378430134
2023-08-01,2.4292967575037223,2.3708921690296663,2.3308404970221,2.1718735348413793,2.1558986273458514,2.094710794740604,1.952805409073123,1.8223026508383984,1.6671837778831056,1.5461478054695146,1.3518648867497278
2023-08-02,2.460614177569475,2.37453834230239,2.3366786590308055,2.225466205961942,2.152941032351569,2.0845228091719323,1.9339196447396005,1.7745295671942645,1.6640900648702017,1.5645375413241418,1.3283429663447301
2023-08-03,2.501273308633293,2.3726994520881006,2.370337492534099,2.2258932570069017,2.157433905520284,2.080617003529058,1.941858865310838,1.74714593009191,1.6877083736437837,1.5790239196257254,1.3498874170654664
2023-08-04,2.4990811454444652,2.4180374800325626,2.3648580531691166,2.2310175944417345,2.1803401630611656,2.023537161932376,1.900400076474195,1.788520408480062,1.649310237781754,1.5787276478573227,1.3660067631920738
2023-08-05,2.5011284436796375,2.3536974805428343,2.3222228027517215,2.1943807236606383,2.164732408840018,2.088077362085535,1.9510724101521222,1.829232209038455,1.672137301154974,1.6011652520789483,1.326539183428651
2023-08-06,2.50001225764084,2.4183098339792894,2.3650243583754498,2.187974203095163,2.180463503045536,2.124365658075001,1.9574027482162624,1.7673869668991795,1.6755120834343125,1.5921626087033331,1.3378518926502048
2023-08-07,2.4839742202083444,2.4195923102230714,2.3385230254903915,2.219372409066006,2.191314245929055,2.0103465059988856,1.937843042056452,1.7805704490373286,1.6460139360961068,1.5926500276441762,1.326831176420693
2023-08-08,2.463270108614767,2.4227552750110832,2.3736702699387697,2.2188499153821852,2.165770603716991,2.1071565156752254,2.003589912381681,1.8169043535007705,1.706473183700398,1.5853570244893178,1.3157756815862602
2023-08-09,2.501085714828681,2.439482685877516,2.3789200539231743,2.212677169309427,2.1908238509515225,2.0902533321845986,1.8978996470712413,1.8131240794791386,1.665774474422972,1.6145328802998211,1.3139852185595298
2023-08-10,2.5068036706879675,2.415507661451425,2.3383581525535604,2.2037958522619365,2.18204171228017,2.0773109054485133,1.978409336982001,1.8339061986902188,1.7047244564602615,1.576504190167091,1.3606120520936014
2023-08-11,2.545510550966391,2.3773644652353716,2.375840804004702,2.237445249368645,2.189964281263784,2.1229057946674494,1.9802939545063905,1.7913519196842485,1.6845391611675435,1.5792068884463113,1.3464782793332668
2023-08-12,2.5336173235720985,2.4285495755159197,2.3914626470964704,2.2336781442470066,2.1902026750895387,2.1499455165130383,1.9796911012941978,1.8169757221363536,1.7248884667971542,1.5408838416607935,1.3891625817853117
2023-08-13,2.5727840411353826,2.411847192623263,2.379870588415107,2.266288109368079,2.2150072386706348,2.130912587041324,1.974238726713513,1.8580146343847925,1.6604021123638444,1.6169914857982173,1.369039480152147
2023-08-14,2.569009150403236,2.424602979770792,2.4045947316919754,2.2710096806501685,2.2102506702025506,2.1065847999254816,1.9872866280025705,1.8013522863259501,1.661710767359034,1.5907341166172788,1.3282044588883108
2023-08-15,2.5342573973852844,2.4181138083224414,2.4228262571386434,2.287207832939915,2.223055951207629,2.0966146298302384,1.9989147875200701,1.8711422330296599,1.6685860609375256,1.6680731059122804,1.3692460303090326
2023-08-16,2.5073917459314417,2.4435181168893685,2.407868674248222,2.233514637064043,2.217740854292176,2.128158004216362,1.9627586487828763,1.8105839387385123,1.6969652771556418,1.5866763336022474,1.342369524922279
2023-08-17,2.5935120506552694,2.4468163495384636,2.4202062008870735,2.280336215824342,2.1830660049015607,2.1507168066854936,1.99208600909309,1.8615592021356626,1.734579916758312,1.6011169321805927,1.3821832437547168
2023-08-18,2.599462665757469,2.4085758298047164,2.455137717892987,2.257439554025633,2.228947447460161,2.1235609921542133,1.9837284775118607,1.8340615165595027,1.7382869005213495,1.6146592242836222,1.3413752938885297
2023-08-19,2.5379309452587293,2.49180684930449,2.4383462825942113,2.2504361457255992,2.234750016365945,2.1303321256780507,1.9646776234459788,1.8178292599929384,1.6431328844052477,1.5755496665826387,1.329001583392438
2023-08-20,2.616428430299214,2.536098825788309,2.437504736114709,2.2755557720184503,2.244229075905665,2.2125008827921095,2.0136668249808025,1.8371017985059763,1.7095536527846755,1.6141680161357532,1.3372037958968976
2023-08-21,2.5948647065092136,2.5020395957024584,2.414503569994668,2.3183169562303694,2.228327990505511,2.17328129623795,1.9853497642131577,1.8662257817760353,1.6254224890499864,1.6081847537349425,1.3402734839937909
2023-08-22,2.595946569836028,2.488107016337962,2.4612064484044702,2.28762420501735,2.2182961038084055,2.179437429421747,1.9657391113292828,1.855515594063095,1.728064104517121,1.6018467877990057,1.3396833812938915
2023-08-23,2.63892012884299,2.498111618997561,2.4586637590269245,2.341405839596423,2.268814370622462,2.1185515196539537,1.993440363593202,1.8867393282021463,1.738591291093762,1.6408818860926164,1.348181311636573
2023-08-24,2.6387924013552033,2.4952596586774,2.488486824573556,2.3213333683256123,2.251380274877541,2.1417587885151423,1.9906840997517332,1.897768140434017,1.7120865987499234,1.5911080210227528,1.3857280690819416
2023-08-25,2.6280870264267757,2.5143433800791057,2.4635528919205507,2.303105842074526,2.267527793096702,2.1656909086020057,2.0401130185564753,1.8354024524048491,1.7176549341862368,1.6227165354314599,1.411033675666595
2023-08-26,2.6302665596966213,2.5174793247493015,2.4229662586475933,2.3473109199732254,2.2612416013031686,2.1431864524528694,2.0219815080135715,1.8366817389764833,1.71986622802237,1.6543602570333007,1.3347073059096477
2023-08-27,2.640482411408143,2.503694794466621,2.4318664345875662,2.334801277774519,2.2731632639090167,2.2126216441889777,2.056468182522383,1.8385856717030027,1.7008913702383817,1.6024853253896998,1.40138714644113
2023-08-28,2.6217117179625125,2.573114121635156,2.4987626891073385,2.305714201505947,2.2671248106206043,2.212272268187536,2.0090080709457134,1.851849590529109,1.7337796537671162,1.6148936176686568,1.3597019324384885
2023-08-29,2.6369805307245526,2.5001885253412706,2.472121855557715,2.3808653899219903,2.259202548569786,2.1680846333963393,2.0512961421606617,1.905065886916051,1.7196939523865347,1.683121080780816,1.3821948442402303
2023-08-30,2.622449496664288,2.561655832844313,2.503306856777525,2.346254871047536,2.300301310724896,2.2304362218414786,2.1042090670171003,1.8946077803841828,1.7512362618203663,1.6385288644523328,1.3340055557944046
2023-08-31,2.6433353639636605,2.5475025883493254,2.501259515819953,2.345615945857293,2.2784392095271335,2.190153250665049,2.0459027061114874,1.8701185464605092,1.7276459037708505,1.6162028108928965,1.3903297939177137
2023-09-01,2.64915414427123,2.6038932558709624,2.5002539380583366,2.329141551515776,2.302681124542153,2.259422018967241,2.062333436103325,1.8866195882924075,1.7114765139085035,1.651120179829038,1.3289742201630403
2023-09-02,2.6491008126087316,2.571239075485131,2.5080424420188723,2.3854079581580763,2.3139150206700876,2.2027386956949666,2.0619275113467803,1.9251652346795987,1.6971290075881171,1.619057299224632,1.388842028476814
2023-09-03,2.6750705072964194,2.5600700093511195,2.494848713205063,2.374246942616213,2.294060542092596,2.217967284841871,2.0128421889990005,1.9409259495601112,1.6914556637602267,1.596350189333111,1.3893202916633391
2023-09-04,2.6702257799846336,2.569230457920498,2.522126532288081,2.3824476022763785,2.283717343538885,2.243007743685874,2.066851263351746,1.9028861125095542,1.7734099110307695,1.6720041126927505,1.3895680415477203
2023-09-05,2.6975597975992773,2.5827817105343867,2.5139518209324474,2.3594361003259925,2.379556637841378,2.244405558402077,2.0636863598349504,1.833103149379356,1.731700672320895,1.61234903812001,1.368332879538377
2023-09-06,2.651129824364862,2.559580705422742,2.525306692894955,2.398390886396741,2.310806708300799,2.229694573053724,2.05335785301626,1.9102089811711087,1.7541664247550424,1.7034575187283787,1.4023655030646331
2023-09-07,2.695543268421821,2.575350794533907,2.532576700931477,2.4057540556631785,2.3446895391762888,2.2178663909998666,2.041584778405543,1.9293451797739012,1.7928480126036832,1.6321793503108661,1.40033509182019
2023-09-08,2.708360719753608,2.5562767261652124,2.54106139029338,2.3716660593629975,2.3827005007176174,2.2387240227698704,2.0848770795698957,1.9148000997497994,1.7367709768626276,1.70000109882996,1.3872490588457242
2023-09-09,2.7040065802521047,2.584209527873413,2.575849925830181,2.3583941140949563,2.359078200343067,2.2099491805442946,2.047066969520409,1.930563214148521,1.7377366822400995,1.6147184817213658,1.4112431551984856
2023-09-10,2.714168565079022,2.616021165533229,2.555623853679065,2.413793192727585,2.336942916940888,2.2386475719681105,2.1285756109484844,1.9245513470278763,1.7527109106924135,1.6768474150754178,1.394015092672089
2023-09-11,2.6855590859164153,2.6275734537787523,2.59054047732337,2.365371927892431,2.3479065333061744,2.211609437406059,2.081954035529669,1.8879913557293755,1.7593509914008785,1.665987172076973,1.411592285587054
2023-09-12,2.740819889784671,2.5769875194337715,2.6094799352325913,2.4139595551768687,2.333906779878201,2.19932551865116,2.052390482740001,1.899942797382072,1.80841314125405,1.6767308127772806,1.397202973594297
2023-09-13,2.7548217967879887,2.6294483496284204,2.5984992534616427,2.4044384995269836,2.3819090328013237,2.2496212811922938,2.0740046950920266,1.9173197873334085,1.8029880968254424,1.6822901446207101,1.4077541217122556
2023-09-14,2.7576998069983465,2.6533780500270563,2.5965859412464676,2.4515537113659804,2.379175275410976,2.2844383082028035,2.083790855705269,1.955242436844976,1.7819918060131883,1.6479577186717418,1.4187008473689042
2023-09-15,2.778065400775619,2.641640513229292,2.59750021707492,2.4167405021169195,2.3573170477036895,2.280554996748403,2.154951484604865,1.9127271540970208,1.8053417875782258,1.6300014410773627,1.3963908165611205
2023-09-16,2.7638775127250765,2.6362955521395652,2.617075231713758,2.4597250796945946,2.349289880920535,2.2598984351118485,2.076433510241744,1.9465477911481652,1.7672967414117704,1.6637802691709827,1.3775082934766045
2023-09-17,2.77755462198769,2.648269695491012,2.6037938742279243,2.4246768829455445,2.3474874072588285,2.310165256446411,2.0995573457023404,1.946027355423257,1.7818864180465406,1.6729691919522582,1.4172815422971345
2023-09-18,2.776244521900645,2.6514946704145936,2.6322995012877546,2.4680280319649164,2.410362607783332,2.2568162246166636,2.092940051840804,1.9813836944140089,1.7695339233731644,1.6579471498075447,1.4421495506515563
2023-09-19,2.7962920894574093,2.6555421600584004,2.629170171736849,2.5000402703375375,2.3938981625340103,2.227657222902181,2.1227987067236826,1.9439894552679158,1.7474864452936703,1.6790416066806624,1.4219386343191067
2023-09-20,2.7464401181296854,2.6822593832232546,2.610960719631769,2.4273414248104124,2.401460152737032,2.22561887909198,2.101210198222668,1.9044741952266777,1.8125258963467143,1.682712602140388,1.424468457787574
2023-09-21,2.7703054008922656,2.742066131368242,2.6484991982605663,2.466861820467549,2.3807162123608574,2.2552181556588047,2.0897295136864855,1.9678356931286776,1.7984144010222853,1.654100272092082,1.4175255311764028
2023-09-22,2.8390980664938836,2.6722483725514894,2.6345431660296215,2.53380631709006,2.369914474515762,2.309748261492054,2.1172808692277205,2.008445204825602,1.7882762521824698,1.689113992795203,1.4391329724783342
2023-09-23,2.744701965290937,2.689361114824414,2.635763200248249,2.4722848607063446,2.43578729919917,2.2780555323399097,2.1186443929385033,1.9761424622386858,1.7904748219794346,1.6749580374174806,1.4180917724040056
2023-09-24,2.8095023825004453,2.7025029552932516,2.632678997799211,2.4777058296280345,2.418000671828778,2.3100508080133877,2.1152978785894625,1.94198959429791,1.755602908383615,1.6665473306827474,1.4134879566912137
2023-09-25,2.8491144035332776,2.693099223069856,2.654909109511415,2.5014222207698014,2.444866167973204,2.3442934948328387,2.1206172600422866,1.9379899808067156,1.7715528532288465,1.7061496693990021,1.4545733016510116
2023-09-26,2.824283481793063,2.7442336566617094,2.681852090100965,2.4882930726020422,2.417780485978801,2.280251916361278,2.1676972616567816,1.9445811721561046,1.8071347485306732,1.6694689021275009,1.415792987604539
2023-09-27,2.8233039982463177,2.6640073392861625,2.685353172344888,2.450149419513275,2.426759821887856,2.3243431584311525,2.1340875569520446,2.02186425649076,1.7882540399718232,1.6799153654923065,1.453419027487457
2023-09-28,2.8434859353051496,2.7165117741335094,2.6781609583376604,2.52670901778858,2.4557721478413317,2.3304894902586293,2.117737941896695,1.9669836674620398,1.7987997474610582,1.6955817047543718,1.460966680056858
2023-09-29,2.838250379439936,2.756761974049659,2.6905209683614495,2.4539076604000214,2.461515819439578,2.300140161139815,2.138557205159974,1.9619955128125972,1.8043966894421473,1.7305966282796448,1.4496350077665041
2023-09-30,2.8546845108783816,2.7354747738139715,2.7135334092759806,2.499148914137917,2.4684217039477536,2.3601655524401908,2.155496386724158,1.978004795062801,1.7927317078690128,1.7035268870017775,1.4063902550335836
2023-10-01,2.843670559597973,2.7288363046371202,2.6842103144265077,2.5453495016294987,2.446386019670416,2.32377776080405,2.1247680824738064,1.977456533367251,1.7883856377765954,1.7143929971864647,1.4404668547025619
2023-10-02,2.895320699966245,2.76691350973483,2.6662998421921147,2.5118532843773185,2.4744212774411687,2.3260452747900904,2.202870051126094,2.0279933639336396,1.775074666978836,1.696233295758567,1.436915110638523
2023-10-03,2.910041174532352,2.785097664591325,2.7329468622115467,2.5090352679968446,2.4920846991460586,2.393106607370962,2.187964828249542,1.96687246843785,1.8145305131393408,1.704210761705907,1.4317525531326187
2023-10-04,2.877987476055121,2.7742566550311283,2.693414847392825,2.553977970908439,2.4670456077800775,2.3580711462169663,2.2060933658339494,2.0251921976206733,1.8364784001051009,1.7074597903696949,1.4499190456841866
2023-10-05,2.8535296606446883,2.7555191456662746,2.6956489600776266,2.51634506048962,2.4621434795657557,2.3728284694015,2.18421492579581,2.002179542069151,1.7827519031016297,1.7185331710571818,1.4677884323438222
2023-10-06,2.881972463706684,2.793520828584728,2.674258004363987,2.512701710540384,2.5138732462545184,2.388271284742477,2.126150930484011,2.032763434855788,1.8260809816754329,1.7063301906181383,1.4393127660824807
2023-10-07,2.8973524597217457,2.7786378102597133,2.7397079856379536,2.5557624920807047,2.4692753655968533,2.3428483920336824,2.2209673180206524,2.045623184282568,1.836560022591032,1.7497683049529116,1.4487206075014276
2023-10-08,2.9214812659893568,2.813899215644007,2.6911599775127404,2.5499767097260007,2.5067134541440623,2.395075568202312,2.1650943308429924,2.011656979743336,1.8076510278620503,1.7094881315226103,1.4492175636692488
2023-10-09,2.890540060460239,2.838938714096547,2.719217622718465,2.5291159669272893,2.49486408795464,2.3560109947139476,2.1712373808600893,2.005149161091415,1.870812998491349,1.6786952757581388,1.486589931212507
2023-10-10,2.903415900152876,2.743312709321152,2.7589652181706765,2.5817974519965428,2.455641668178992,2.3596795640465196,2.1988176175677334,2.0181782999543456,1.8284952851206284,1.792515254550274,1.453324994090194
2023-10-11,2.9423233861643614,2.817830875892616,2.7685999267177688,2.5831594982366584,2.535259866129026,2.371240427824026,2.2334915859881512,2.0176619857109372,1.8384951729893213,1.7183401542719743,1.4311619364463584
2023-10-12,2.959947669495295,2.7782700592995058,2.740559263046632,2.56823490939473,2.443470903100078,2.367242541022921,2.2295032583031382,1.9821238366186427,1.8398931785549444,1.761942619776069,1.4249659631529135
2023-10-13,2.927860485231563,2.8893244784862695,2.7598053581704107,2.5756347461764886,2.468194272152868,2.4081102396226286,2.229972211794992,2.0658860481196095,1.802563533194598,1.7668320923005638,1.4756599879079149
2023-10-14,2.9170021961467802,2.8232001202344783,2.747658981503057,2.6003748853810964,2.536368929901712,2.3990071664609784,2.2036724459281443,2.036753969852194,1.874969368377422,1.7579515354754083,1.4498747452558292
2023-10-15,3.039374735385918,2.8601931205556905,2.7620858789711122,2.624078852472864,2.541758606102351,2.3848252340826424,2.207439674608438,2.0050764014471354,1.8287899301756019,1.7319892280524836,1.487920030330566
2023-10-16,2.9838003856076556,2.84728847925627,2.7887804033156693,2.5929624336905226,2.518046388562022,2.4187557529692407,2.2284489609712814,1.9860195283982285,1.8497018406494543,1.7467355950971613,1.4402415959533288
2023-10-17,2.964495492680254,2.8347389183777882,2.7759203120971887,2.6221195837349742,2.543093369838687,2.399809148989118,2.220727831234359,1.9830805137858594,1.873502911983738,1.7103440778905004,1.4623794751291936
2023-10-18,2.999855946141052,2.83841632190936,2.7886997559204185,2.625610105023955,2.481531832288405,2.4032907918457678,2.2504004664601487,2.0641044973661318,1.8980400397745874,1.794608632302446,1.4449282005550002
2023-10-19,2.9819850558238254,2.9077681843200973,2.764538271378032,2.639198087587981,2.5679195253079135,2.4175217026704727,2.2531170140121004,2.0329491000413276,1.8374846990558693,1.726217589574616,1.4914077408437985
2023-10-20,3.0137483867457036,2.8986901103331104,2.8358377572592603,2.623940971728602,2.56192357324681,2.4327113335830344,2.251352746341605,2.040641085230568,1.8562959009142443,1.7438326607960375,1.4991235676906298
2023-10-21,3.003033925472389,2.9300535635749188,2.8266304920822534,2.6059004211263117,2.559982353507122,2.435699347799897,2.1776338562462207,2.0678164766289195,1.9050028174906213,1.7553318797789454,1.493737712406351
2023-10-22,3.008317111058231,2.8895293944410874,2.8400734428161787,2.622903824606457,2.567095087948004,2.421708316254447,2.248204749818907,2.046319331740638,1.8850288775412765,1.75285778414657,1.4605031174655014
2023-10-23,3.010188517655673,2.902026893369212,2.8588903744301035,2.648802754912463,2.5843636111493677,2.4568117138837673,2.2465142636327053,2.0765003980056003,1.893218248533793,1.741817970976788,1.4713965479079758
2023-10-24,2.983842756706433,2.8948416392022565,2.8123852447556237,2.6914654527050628,2.576775443458705,2.434926404370417,2.257675174792653,2.0688444129593395,1.8531727945567735,1.7958037025531732,1.4982972142677227
2023-10-25,3.07548530202583,2.90104352077905,2.830448360097149,2.639683024224791,2.536119773552342,2.428971841537253,2.2388636304206595,2.067993799437437,1.8729920933998523,1.7874169600511476,1.4526540890767554
2023-10-26,3.0105065704130527,2.8888791070193043,2.798436783053176,2.6776900521539018,2.6433600338402723,2.4135139105810115,2.2288575278632003,2.034421139303879,1.8813067374596406,1.7744351652887869,1.4912369734824396
2023-10-27,3.007062599531474,2.9237387281918323,2.9307243306507638,2.6551629155902576,2.623959631822372,2.4796696423206055,2.2778192112539744,2.056898034302595,1.867094518238961,1.759128345252101,1.5376150899649013
2023-10-28,3.042766173010788,2.9086259186227332,2.854886864027145,2.671927042637616,2.5673111206067833,2.4602833158908872,2.2616048578731185,2.0961146017864754,1.8497258038353386,1.7984663546884896,1.4976299825780597
2023-10-29,3.031081492229293,2.9461297587381856,2.891013981298979,2.7128581987667473,2.596308597390268,2.4701363333489974,2.2891593454629757,2.067668971482735,1.8818845491192977,1.7629990453859743,1.46736089334664
2023-10-30,3.0608621441353985,2.946063507360404,2.840517511264006,2.6998954303808906,2.6045455490779723,2.4959080526973483,2.262306696335729,2.118530370645448,1.9315699127134331,1.8166307917187614,1.4918440525049064
2023-10-31,3.0863917145884066,2.9557427018944313,2.902813393871789,2.6555772662685415,2.642934019677965,2.462733689581648,2.3187726762402616,2.150741008184131,1.9022663765796601,1.7829205952559093,1.49372579665506
2023-11-01,3.1011287396305915,2.997172396459319,2.9307819007330074,2.678126214920881,2.567504347982879,2.4452220518534253,2.3127046158289524,2.112183588985122,1.9382271910028281,1.813662437187514,1.5654735993588127
2023-11-02,3.103668791151402,2.961100707028452,2.8892797697086245,2.7296785873688223,2.6145409798087758,2.4862469692983655,2.299409394780097,2.136795779674043,1.911436770569116,1.7828588722205208,1.5560894900496895
2023-11-03,3.0827197948548166,2.9877172585737233,2.8719655333655765,2.707661496401887,2.588537121530666,2.49712904597197,2.290974771391172,2.1212021372390804,1.890943237597838,1.7902877476664896,1.5352112912459344
2023-11-04,3.098666088937446,3.026848073962987,2.9002244714521503,2.6812414667152757,2.630969125924905,2.4877933753964876,2.321942912225335,2.0935442279434593,1.9451093420709393,1.8219384373915546,1.5108600567014943
2023-11-05,3.1146944941854455,3.014992747237764,2.854488084973837,2.6953429171581846,2.631834008547785,2.536149575511572,2.314779436625363,2.1156291380493735,1.9215931051306452,1.8489628830014389,1.5519602983232006
2023-11-06,3.067629485347856,3.0179291755405737,2.915678527686452,2.739264557545368,2.6511953332949516,2.4421003416829405,2.3152706348398304,2.1646905780595915,1.9434550494834308,1.8359440112431633,1.496124111962075
2023-11-07,3.1329207675862323,2.988210866856881,2.943624172889376,2.752404095760307,2.639643900916295,2.537211021162334,2.3397250847771454,2.105008450295784,1.8958329339067719,1.82169142583089,1.5538993653892077
2023-11-08,3.0893108679220265,3.008402708608153,2.9286859732169557,2.73386286107802,2.6415591758635384,2.533950166122079,2.3536712929378116,2.095861270820366,1.9516499247473518,1.8173313854382651,1.552716920157162
2023-11-09,3.183844327878729,2.9764935970063937,2.9289618568409934,2.8011778735337716,2.681401287205523,2.5305588221561073,2.291058955903608,2.097244057740016,1.9555508330086542,1.792769725264634,1.528274640555968
2023-11-10,3.129820100347593,3.0287174369647243,2.9557453793203936,2.7657831844579412,2.6828577933720936,2.4407166350657596,2.3004777700726993,2.1239223371145632,1.9392279492732731,1.8156761136689743,1.5630866274520867
2023-11-11,3.1424133005111305,3.029905240153325,2.964152912658702,2.7449823762881085,2.690862917370371,2.5611922899266397,2.3116056637518807,2.108042491216742,1.9149733528315425,1.7883287311488527,1.5259829882841582
2023-11-12,3.1348994762113267,3.030432491547022,2.9140559340813326,2.736572341393168,2.678248200059225,2.508421269007289,2.297932926283787,2.1787554463624956,1.9371661594104392,1.8234166431962187,1.5081006596274882
2023-11-13,3.145504528511314,3.062336709794888,2.964280474926897,2.7384939148161718,2.6739756186576287,2.5263829053158955,2.338312613198472,2.146096361264704,1.956775848143099,1.8278978967605928,1.5667488163493621
2023-11-14,3.225222273881689,3.0132761724756034,3.0294707795250506,2.777157901197541,2.6909016645181185,2.539809376715098,2.359278321482175,2.1687697846112868,1.9505420941318998,1.7707573234798875,1.5427479871712118
2023-11-15,3.1989997371256877,3.091160418169025,2.9417117927287277,2.7624644767069166,2.712011306561375,2.5592644096357864,2.3481402053555023,2.1408057319246416,1.9628961391016517,1.8236358878586623,1.5625102896912477
2023-11-16,3.143885271488458,3.079655740838005,2.9794724438410154,2.8224440905561163,2.650677295204579,2.570075070828378,2.3397289107779304,2.1235696039190386,1.9763732635989524,1.835935279407202,1.5955818627413039
2023-11-17,3.227349640228452,3.0621728931839582,3.036676820690487,2.823179812640015,2.720569240790277,2.581426306316862,2.3856555863149826,2.1231481436787956,1.9380606759082033,1.8263735207779628,1.5346043403604677
2023-11-18,3.226708374449338,3.0670518311362884,3.0222672030062347,2.808274994301915,2.724069538558774,2.5845229281492084,2.365426006999256,2.136997809886475,1.9286062194387652,1.8403270841951036,1.5516841288636103
2023-11-19,3.196983885500987,3.089620752811613,2.9883618307832003,2.7689043942230875,2.723524346571357,2.57547630476895,2.374910249592188,2.1722063635031064,1.9597623068625398,1.8007489961851422,1.5971241902556967
2023-11-20,3.2188222421152215,3.1224660901254255,3.012888184573752,2.787509309788089,2.7238719368144633,2.5845828203564074,2.3996206055211737,2.1803417902115907,1.9556811194643573,1.8178180815564537,1.577222973226198
2023-11-21,3.217925440068179,3.0938281339075417,3.014224047827257,2.841646575743577,2.6690905518383254,2.551952491364252,2.3721180835617024,2.1862568316326203,1.986800887908229,1.86601708054501,1.5456379567473828
2023-11-22,3.274761222719598,3.1017354968786304,3.002120928441834,2.80212206699645,2.7278903896345432,2.5654870494830297,2.431144069910574,2.1377978994418623,1.9435282552363902,1.8430930058397308,1.5418912708308248
2023-11-23,3.21269046825093,3.1054379761475888,3.025516002750826,2.8502004312485623,2.789270146908719,2.611695267186077,2.372887968959833,2.178847696871592,1.9991420558359114,1.8545167747455529,1.555205075441307
2023-11-24,3.2434021538584297,3.156389265821635,3.0269262840739963,2.839964084250152,2.7505082929535525,2.6152895465126855,2.4384815632374144,2.157054861132406,2.0107202584235084,1.8353037010571864,1.5525931368448904
2023-11-25,3.2362054394656554,3.109473443338917,3.0433006925361297,2.8353478125482763,2.7481590676329466,2.6175091953546614,2.368618726739476,2.1965966518206357,1.9801405230813152,1.8524066977285474,1.5796394983057318
2023-11-26,3.218243113763514,3.124817745967251,3.0283321684692193,2.822443551770644,2.761923339037551,2.5916128892139207,2.41038305493488,2.2023954828578405,1.9849095837174717,1.7973271881283266,1.578324667365414
2023-11-27,3.3160228447852362,3.1690041452808178,3.021689164433608,2.843621254382469,2.776033037701719,2.6322987503154747,2.385845873827589,2.164977582902947,1.9674659775787176,1.878991304085422,1.5860083149972182
2023-11-28,3.2388580461367567,3.1429590894936825,3.059138407357596,2.8566848416423665,2.7893007569267754,2.585572355575619,2.4343658358902442,2.2223506392237145,1.976356592647543,1.9060080441347511,1.560676011160989
2023-11-29,3.2810681624213123,3.1745784433445445,3.1096169664071645,2.8837265616288,2.772778124201612,2.6466082017456953,2.3988924695212552,2.260492936474499,1.9829880241387283,1.837158041533793,1.5825996716853161
2023-11-30,3.2392173798526995,3.13024055180296,3.0753652845954296,2.8417421378496677,2.7947961761386795,2.618226732474342,2.4225955986982433,2.2267700287984096,2.032547953481393,1.8432538053110314,1.535657273863191
2023-12-01,3.2799301722676604,3.1547630875488055,3.0715940209570105,2.863290374048708,2.8317655300216753,2.671930449792719,2.403539569414726,2.2057091980085493,1.9979602090336188,1.8807674409756063,1.5933590662944839
2023-12-02,3.307630111887511,3.203881200796404,3.1053119534450846,2.876959303584877,2.8206844537561118,2.5968710484361046,2.447716647046855,2.205751292092394,1.9699895277240853,1.909580292386478,1.6218087847314298
2023-12-03,3.283638246901405,3.15673874213153,3.0890798833473885,2.8983861098777366,2.859717294968662,2.68407616799351,2.412378562602878,2.2123270218503537,2.0127187572182756,1.8756731043675567,1.5594975282051304
2023-12-04,3.326103929909607,3.1767434124434573,3.146318716358163,2.865090294389086,2.7904746486648473,2.6360413089875236,2.4753472979281472,2.2024275902331256,2.030287199111078,1.847989000271693,1.6098996613546768
2023-12-05,3.311886556857684,3.193823271389695,3.1061018843475536,2.8608725651827953,2.8544851041550485,2.64068049799225,2.4128546646435542,2.231651660408936,2.0122935339346397,1.8765069437142556,1.585240572298711
2023-12-06,3.3547945901059415,3.169558957482606,3.130295540147839,2.916622828634546,2.798502151980185,2.6601305497258,2.408609467565866,2.2007791870181217,2.0529616740630634,1.8589783291985489,1.6232844531851327
2023-12-07,3.3670175636376984,3.190825502160978,3.100502859889026,2.867813670219855,2.8327987660843665,2.642927068240503,2.4705372716571623,2.1859004536849027,2.0389750436761624,1.8710133839951282,1.6098979419194868
2023-12-08,3.325486831829333,3.210870687419778,3.138531321234107,2.9438772218228513,2.847963961711303,2.6636424625009005,2.436458235579977,2.242538007685011,1.996618386445583,1.8831448967404998,1.6187628465623973
2023-12-09,3.349256403562434,3.2161067336895064,3.1394186355168987,2.9138463626719275,2.8225766935692356,2.6521086832507716,2.4555716235619998,2.2414865995583284,2.012373169119718,1.8705274829814347,1.6129828034142089
2023-12-10,3.359107613346468,3.25383413823285,3.137716764622701,2.8850493007368394,2.8432407647578164,2.658123229601,2.4522019490841056,2.2305868875735877,2.035129955074652,1.8773307349619321,1.6472907532531647
2023-12-11,3.377188531839844,3.2672479636729173,3.133174324121003,2.917721231361429,2.8694999987559466,2.6929240886484354,2.4319502019083736,2.2167114617182015,1.9911376150290656,1.9016624303334215,1.6254910766183779
2023-12-12,3.3692480777280704,3.2141959767580444,3.1363569151528607,2.945204901593108,2.834679609044682,2.6633163855920987,2.467349822843435,2.2599374065919506,2.044521865828072,1.9081984134308403,1.6018964960134512
2023-12-13,3.3808275359164823,3.2452665636211617,3.165956255950529,2.92840508958029,2.8998697919669194,2.671755527021218,2.5054084576887887,2.231856361768347,1.9953963544693687,1.8702489955142743,1.6247289688768867
2023-12-14,3.3771706578261704,3.2662278151938353,3.181210873012796,2.9482197145653295,2.8292198430137048,2.661746552962565,2.503376334863201,2.2570558765832653,2.068346897318347,1.9187863917791361,1.6157706104294196
2023-12-15,3.3933200145172693,3.2941668719807575,3.1688982829212335,2.972217646956838,2.918027141375225,2.6885749232936007,2.4886063443439013,2.3085741566170332,2.0687700373692834,1.9023590161640154,1.6317865278980994
2023-12-16,3.430070176823754,3.2811066567689062,3.1858488249146006,2.9546578230030955,2.9002684621083787,2.7390708141826927,2.515132925466678,2.2846514170813905,2.062036661566088,1.932946392982629,1.6199683394352458
2023-12-17,3.4209556777034487,3.2773028986003334,3.1843086634945785,2.94228302231099,2.878692791701822,2.690240523882187,2.4653538340421526,2.23806641587471,2.03585070710019,1.9374865711135674,1.6162803315950856
2023-12-18,3.429515996438797,3.293578554384417,3.194308527339625,2.9642315480469708,2.8765698283324874,2.698206473248002,2.488221717919335,2.24434755813093,2.060334689285853,1.907396474778777,1.6409221952535031
2023-12-19,3.437241269029041,3.3006432149001568,3.1934223525909187,3.013073446801529,2.879661219936371,2.7264539414003837,2.5107699824887995,2.283939302521336,2.0465783542470746,1.9394009669019832,1.6400764983825526
2023-12-20,3.4224979053606157,3.267489026373151,3.205469957037087,3.025824768931446,2.89464202816431,2.7174445260709854,2.502131583990783,2.249686455354973,2.036976608215434,1.9061618480318343,1.66802340402307
2023-12-21,3.441490934077078,3.302383440237459,3.2790576942824505,2.9391949533878834,2.902523923634932,2.78752660588182,2.5037385866605906,2.237952457766073,2.05761344437707,1.9632192836794502,1.6337945475674605
2023-12-22,3.413566378628616,3.3409225887892595,3.2259822647522607,3.0229627917069286,2.9408155934905396,2.7328674249028353,2.484410217406781,2.305231297692293,2.0868743225172435,1.9131871224310633,1.5973920246126252
2023-12-23,3.4795895134275394,3.30613805394562,3.2409070482671014,3.0079336194939197,2.9643489302460053,2.7504183386785357,2.466909647593744,2.3038718784545438,2.0738491417040263,1.9450251782422252,1.6405623192083594
2023-12-24,3.3854668602425173,3.321434672481346,3.242306731917425,3.030770979495351,2.92581354590026,2.7707385382370178,2.5439062499738996,2.311039818365262,2.112357878919769,1.9345575375668638,1.6117446325766185
2023-12-25,3.460031466050705,3.319010060182073,3.2313653463989307,2.9998991515969333,2.9053834414650224,2.775364191433596,2.5340558752405973,2.310276806577006,2.098571031640832,1.9168669508590186,1.6655439086285062
2023-12-26,3.497899443522035,3.274098687976234,3.2768630369718257,2.975442981448254,2.9185745494430146,2.7631861525441113,2.5550401850066855,2.3059937203058802,2.099230020991587,1.967853775961708,1.6160515649814842
2023-12-27,3.4424445845949174,3.339329679417193,3.2438094727763427,3.040248070854538,2.9333322235737445,2.7584285901232266,2.526073162837767,2.29499663180116,2.0458754658582867,1.933018976423432,1.635936637135424
2023-12-28,3.493697197101318,3.3532268248711734,3.2840377177723705,3.008095577404649,2.917846283748253,2.8181587046780634,2.523697199035802,2.3283786751966007,2.0823049926784303,1.9089114792518094,1.6543342493633502
2023-12-29,3.4738419380323924,3.3397339514300364,3.2558762982555884,3.00289453643051,2.9198134991701377,2.770163401350348,2.546191481409503,2.3576452434640975,2.0661592200034957,1.882403383190341,1.7047376693937613
2023-12-30,3.488796207555437,3.3305415857516736,3.2467994167838237,3.0106211357778547,3.00740057093765,2.766712578594879,2.5718922629981784,2.310788987174038,2.0915270809467934,1.9356172558653248,1.6420623406217842
2023-12-31,3.5288165990577363,3.344250340397755,3.2864978339487476,3.0645806270043185,2.9682205474431376,2.7667038382882234,2.549258611321975,2.301721265142551,2.082102721000772,1.9949297614318713,1.671939602378608
2024-01-01,3.5172676856648204,3.3922247591702765,3.2563071661135305,3.0590177991652046,2.945506965421662,2.744772826194394,2.5795951483686665,2.302780145773565,2.093325619930789,1.995013011694025,1.6888727706795605
2024-01-02,3.4686017605627217,3.4292841346308394,3.3038723789749183,3.081063739986043,2.992427536742955,2.813573557379615,2.538896179523532,2.313406339919689,2.132624380152051,1.948640709828853,1.714217541762895
2024-01-03,3.5021904263782617,3.421378980193885,3.2671812620686644,3.0841962734327524,2.9482278207498704,2.7394189275419176,2.5645186227395875,2.3440539277801324,2.121304376492773,1.9602788371997901,1.6993021606600578
2024-01-04,3.5581206843457287,3.360052617930719,3.2956100443676353,3.06290986017081,2.955956875166601,2.8030620594967024,2.571300231073322,2.289410349742381,2.137926853711708,1.9610501431762402,1.7099446209339257
2024-01-05,3.552092709219182,3.4218658674739304,3.2743379857428505,3.077631475700645,2.968948298466781,2.803164929528215,2.6082082808746603,2.357789879779033,2.0760556283344376,1.9423679458694043,1.7069424694227378
2024-01-06,3.591699810894516,3.3907556426574534,3.387277157759031,3.0725636052469527,3.0360506559594187,2.8693635146861327,2.5872316307732977,2.3668153320228575,2.1208434351233985,1.9550115513887003,1.6578425543656572
2024-01-07,3.5971851278116116,3.399607949122951,3.281861324419654,3.086043494537208,2.994025374938778,2.7726474713141807,2.6301820654381594,2.309669543931016,2.1468805029132865,2.006287304087783,1.6997965564350812
2024-01-08,3.55368036844675,3.4094403715282073,3.3299883697644703,3.0730681873591754,2.94496014591321,2.800981767965305,2.557323759695368,2.334042898341257,2.163686336674517,1.997379400363894,1.714751992160785
2024-01-09,3.631929849542321,3.445461589365103,3.3648535336801015,3.1129550565749775,3.041905608760643,2.82517357137048,2.598745977854071,2.3644120521461924,2.090639840314013,1.994630282722706,1.672351565220742
2024-01-10,3.577067959850468,3.4586062290936868,3.3687034689754274,3.1360096931418777,3.0096410668915654,2.8287002207154774,2.6044612582883,2.362727417207761,2.1238649227179236,1.9574422749087217,1.6844958698604335
2024-01-11,3.559490781844224,3.4389837289025817,3.3705950692190325,3.094650211379435,2.976707347458127,2.8249579537950917,2.61995291946527,2.3831955471925688,2.1618142982962283,1.9963532222770868,1.6816328450281883
2024-01-12,3.574812297007867,3.4462117876185263,3.347893108926285,3.1530260847430465,3.020662518897023,2.8417254333372446,2.5885866576372676,2.3705627604867714,2.1344547481805853,1.9392508442517662,1.7237478056262625
2024-01-13,3.541325044325548,3.4666434477221766,3.3961077599832046,3.1297559381037248,3.0472366802903967,2.8173098790205278,2.655497470094539,2.4095929141456383,2.1198005984890176,2.020924789808272,1.7054163767020285
2024-01-14,3.6450024144377933,3.476029071869149,3.3916662548005796,3.1388629902396343,3.049939514142295,2.862772645252809,2.6181714601136936,2.373822664899772,2.1071064587124275,2.0093230798427384,1.7018398291154146
2024-01-15,3.6517734550038408,3.4980210709177295,3.380633941661301,3.096262759171646,3.0904198946119763,2.800844432522962,2.5951269241935737,2.3611498332909973,2.125430165534457,1.9722279155695628,1.6805280019267559
2024-01-16,3.59358769466622,3.443286024483736,3.387829786049544,3.099473595837063,3.0297559002468715,2.8632707493840153,2.626354244990433,2.363008709564056,2.1102121009763337,2.0492652248625913,1.7135896728304085
2024-01-17,3.6203425694371854,3.4826693896715892,3.38069966951586,3.1541587038352485,3.0578528273021366,2.8539339659984355,2.6233719043425334,2.4118457142060907,2.157178571954411,1.966941973584102,1.7037854107184534
2024-01-18,3.63548729410721,3.4622347775530624,3.372032367750463,3.1761935344039824,3.0447992807696687,2.899372274194939,2.7052225170740996,2.398058729958733,2.18140251894617,2.0280907003038906,1.726754816325201
2024-01-19,3.616138654018027,3.494421621920662,3.4321716518598815,3.1455537635331234,3.0293311508452336,2.922864147117081,2.6663253574907073,2.4170150621720454,2.130743192832534,2.0316945546053833,1.6947887789904472
2024-01-20,3.603313064402763,3.4967935135053927,3.4405103760503213,3.2099720847506013,3.095615202056543,2.875715274555877,2.6457476736930827,2.420348763306848,2.171978505382136,1.9898007813809182,1.7304974793652552
2024-01-21,3.6489673851172992,3.508024615717429,3.3920576503925233,3.1924678319811783,3.0906431987067835,2.923763661413181,2.6461316497612137,2.358367374278647,2.1899294500404394,2.0228184338873145,1.7177579587483711
2024-01-22,3.653227440874943,3.495937791603007,3.4167636718714625,3.1572536440961114,3.0917310738256294,2.886090079956092,2.677123282922582,2.384198670723653,2.1719869019667244,1.9858108512784587,1.7001760613832477
2024-01-23,3.658564455714404,3.485479503044233,3.423463178598241,3.1865939979566433,3.100879547247067,2.874830651607965,2.6827293909649894,2.3910162332147795,2.135038524125035,1.9585335347250914,1.7008978028216037
2024-01-24,3.68085497571947,3.4770233842636324,3.432665173115056,3.2535992956057673,3.0786364942225304,2.9476154028984993,2.5893735606649613,2.399955200489801,2.1882065906227757,2.005951644359981,1.7073202886097638
2024-01-25,3.7180292501409236,3.532819403043446,3.4415139270870503,3.166457751496956,3.0761871226062873,2.9219642073521808,2.6826349215467515,2.413666505958593,2.1804245119484817,2.020182710233338,1.734246005576168
2024-01-26,3.681709793454153,3.5320302943759883,3.469995069138332,3.2165667022207867,3.1078193486275087,2.9140255485392514,2.6716501702242037,2.4529661676408994,2.1811112327111797,2.0546484640218368,1.7450851559360196
2024-01-27,3.7005355299386222,3.53260494829283,3.4340518921430947,3.201121580921855,3.1414494147425662,2.936056436444418,2.642556273906953,2.4617547981459,2.1745796780769666,2.043164746289836,1.751454069915083
2024-01-28,3.7214248762821116,3.58925664569024,3.437974080262592,3.232684804185292,3.1581541462296285,2.930687235583465,2.701716855057736,2.428268872673977,2.193640470947824,2.0467492427065874,1.755039250096105
2024-01-29,3.72407648468438,3.5413878250023396,3.4964401413764583,3.2525082252821664,3.143363069945054,2.9270485033776534,2.740235425216471,2.433100439645719,2.2074296451913344,2.021974525048732,1.7310228522570035
2024-01-30,3.7018230888176564,3.604966605194858,3.460341710806891,3.2169760545612096,3.1297234186607317,2.9005573397339006,2.7023622615123655,2.42553067216531,2.2576568710502087,2.0370024613033135,1.779074892819263
2024-01-31,3.726544666038919,3.616804776297132,3.4467062435803073,3.26040182367108,3.141247059842732,2.9318859326373685,2.7203069515814886,2.449172822414697,2.20389832115208,2.029915298925004,1.7441812707508624
2024-02-01,3.7447659203183514,3.534089886459843,3.4725191228925336,3.293747402932735,3.140292137874523,2.9591536236087563,2.7422451619523094,2.455775153352453,2.242060606915327,2.025442701054718,1.7691057685474083
2024-02-02,3.7098012859444447,3.591816267444116,3.4827520741749693,3.245653584163531,3.1198447938243667,2.9454174148485377,2.6807234698965616,2.4746352357134747,2.2164105470979454,2.0441208459245197,1.756356107348783
2024-02-03,3.7765214805802336,3.58614910220084,3.536224091826303,3.2693892591433507,3.151591735572678,2.975950713468512,2.659370301633916,2.4781875742354904,2.2081554162175703,2.063714943197591,1.772451173524177
2024-02-04,3.787635790676589,3.529971485086507,3.52680775467206,3.240767111423966,3.123077975897539,2.9678810532503275,2.7265523605528013,2.4044187890097444,2.2175264597956588,2.050417324275475,1.7602956012656596
2024-02-05,3.7406795885059023,3.5732657442634688,3.53870247170415,3.2617613004104546,3.158810567730263,2.9412244518270345,2.7082529327644633,2.461894958880902,2.186430534725847,2.0595190579307,1.7780801772788535
2024-02-06,3.7704836755135718,3.635360331636364,3.536831273921108,3.2626050633523036,3.208269572338703,2.935077653435563,2.6843926238796496,2.504039468768762,2.2277734825728817,2.0878448499806512,1.770632261864644
2024-02-07,3.7885813561142636,3.673061865914402,3.5462954612861375,3.292677737435487,3.19338330476274,2.9689973314931697,2.7210875153862966,2.4622038604053365,2.1734700767656925,2.0608103278180927,1.7937326874507609
2024-02-08,3.7606987208963867,3.6469060283720864,3.507137021640097,3.3044559731985284,3.151261095198692,2.9612333636019907,2.742527759149371,2.5028201202636873,2.202772415857392,2.040989909029908,1.753871948724325
2024-02-09,3.7869222160798373,3.632972681750459,3.5199168160537972,3.2721404987096983,3.1730711431965775,2.983289915178177,2.721157578318526,2.467220574937355,2.22762794726598,2.0889682079776657,1.7306345865403703
2024-02-10,3.779498682692912,3.62488398249483,3.5006694092100186,3.3137578631789304,3.1545578842417386,2.957463850566539,2.7057466012672315,2.4797903787216566,2.2552668488650784,2.0820635332483146,1.7510833565497546
2024-02-11,3.73924722800043,3.668011755307602,3.5206829816779734,3.3141963684804403,3.174382338236969,2.9605603742975277,2.720357505933987,2.447522915131421,2.2617107923663595,2.0841616698957077,1.80266814282235
2024-02-12,3.7879444176291557,3.6801713647786323,3.5435680095030597,3.2976367283091887,3.2024930801428053,3.002792127669564,2.725978473097158,2.4489841707905287,2.220551720238668,2.092111351168084,1.7726014142324977
2024-02-13,3.7494741843465422,3.612306677765213,3.530342326873624,3.2640770814602744,3.1933029432110653,2.9806828189690155,2.678740688187666,2.4951150340598933,2.2308706777415788,2.0883937829360164,1.7792793021419817
2024-02-14,3.8009621819804984,3.5774824466811896,3.560269131162954,3.2621863902704495,3.23958571270758,2.9599139340532648,2.72391273685968,2.499527567693964,2.2520911724284978,2.07820032800073,1.751141195337787
2024-02-15,3.7611980562037193,3.575523646500286,3.4994429382763856,3.257668799214815,3.207790268144755,2.978419378300442,2.694369821278444,2.4786390557370783,2.194740993777243,2.1377646496533687,1.779617176210823
2024-02-16,3.7744341290497427,3.6615132896952662,3.540972223658727,3.302195416647225,3.1835662744182134,3.0129390459663132,2.7449419136917985,2.4477781588253116,2.2385849525241586,2.0463420462337223,1.7528959487894535
2024-02-17,3.8132527343680014,3.6277692980124767,3.4977381914851033,3.2486515563446026,3.1958745108851687,2.986290428738705,2.6899196971421673,2.480040875447017,2.2082484398476914,2.0642853295696226,1.7570512296555176
2024-02-18,3.7918262220817813,3.633997728680028,3.531771092647901,3.2963376222713348,3.1743556015639762,2.9942404511541882,2.7547339860323334,2.510847554935417,2.225121054801642,2.103600040035514,1.7693545888479625
2024-02-19,3.752892035518499,3.585112608683944,3.548387219071774,3.252851149812259,3.1516912773306998,2.961073020094676,2.7196497567775135,2.5234505452591565,2.2184033022455045,2.0834435408102516,1.791006314953916
2024-02-20,3.754959318069166,3.611502509519431,3.524969668168537,3.300920885335192,3.2129766467963305,3.005992716767508,2.7167578396698424,2.472414534030995,2.2412161855153463,2.099280308189424,1.7941284218552052
2024-02-21,3.765794023359765,3.623389572727838,3.5445547581775316,3.2812070826436215,3.2060013799986486,3.038729149586953,2.7381379580079073,2.439279896818913,2.244534184925585,2.0850205038137797,1.7952527155238036
2024-02-22,3.791077936126748,3.636407793626933,3.5072185256720076,3.314552798089327,3.175185478677982,2.96142514298001,2.7095609729122465,2.502220924031701,2.2534888009777663,2.115563247821831,1.7415097311667218
2024-02-23,3.790595321643591,3.621673025297427,3.4900455768153615,3.310174190728303,3.1884862196935546,2.9520904769109717,2.738606470123523,2.4747387488588966,2.2403427969818828,2.0564500548794404,1.7814712137605144
2024-02-24,3.760976885910416,3.6061212885694536,3.5459801840891823,3.3179310788270397,3.2130779232116073,2.986442999622866,2.713751724159778,2.5056304595660133,2.2363457877762096,2.1156159407621553,1.7771348976924186
2024-02-25,3.7532813252199357,3.6128473875452314,3.576061818212188,3.3189820303175224,3.203620348015445,3.0043491886064047,2.718543199552175,2.489488367985735,2.2788121573712594,2.1117364746904013,1.744157001958258
2024-02-26,3.7898986472592426,3.6630671442807774,3.5079579386278494,3.2864498329818015,3.146281530850854,2.9805743203308404,2.742992916365325,2.4607729594880503,2.194750085377167,2.0526018342763375,1.7832586563001516
2024-02-27,3.7787003234098786,3.6393664405447197,3.563801679557302,3.254276998394017,3.189337325591878,2.956916665153566,2.704782306711273,2.484702934071117,2.2756370715578633,2.0990134603018245,1.7769861446187132
2024-02-28,3.837555133411573,3.648928656399268,3.534710321445789,3.2573116598504446,3.1794339480881697,2.9809101321808695,2.70201630368132,2.5163331954017374,2.2263791885036692,2.0825487379194647,1.7964128780283264
2024-02-29,3.7849077750751783,3.611520838389168,3.500600395618774,3.2318214704282027,3.211817701139568,2.9989449904805374,2.7401983213463597,2.4802638339369203,2.248264973320309,2.068828133183125,1.7860238605670962
2024-03-01,3.829706879023539,3.5605049711960164,3.506062925797228,3.2572589124953297,3.2101266268005983,2.9741747626573805,2.7336780620187975,2.4584804292448976,2.226209066316192,2.037135078588089,1.7706175450739507
2024-03-02,3.755438664236576,3.621620646517072,3.5350928735232,3.2864188456318004,3.217663449893635,2.999879629633057,2.738915572809419,2.4449821499742677,2.2171347134503936,2.0594279124112513,1.8078423154506083
2024-03-03,3.7457053447167272,3.6133714043451324,3.524924111007667,3.2710443136851404,3.157088309737764,3.0141534378367676,2.7432266491238053,2.4657315510341533,2.2471500980256254,2.1027384717103845,1.7295048306863916
2024-03-04,3.757360572084597,3.6440880071134365,3.5025398759787785,3.280859310287488,3.1657599120463287,2.991368466041996,2.736797089242909,2.47510929385346,2.261415908113096,2.1057087321292487,1.7837560721869943
2024-03-05,3.815407498394719,3.717822346700428,3.493328271827747,3.297997139344917,3.213531314761768,2.984980559576425,2.7508815694575586,2.5061792322563137,2.247504452732567,2.080411491843978,1.7415979805585835
2024-03-06,3.8298877745284288,3.6533643852265465,3.5148172515879272,3.278383603334446,3.171194089402529,3.006718832916747,2.7384211419605564,2.4579640030907997,2.222432340119018,2.1064098633646724,1.7631804030059366
2024-03-07,3.76672606616329,3.704679556496693,3.5411257777203833,3.258234832501791,3.1482447279892476,2.9648780318261747,2.686097955020223,2.5251243496553464,2.3265643040824973,2.109912054459459,1.7994008950873392
2024-03-08,3.775050968783425,3.6507843619108997,3.5364051007123347,3.2852342778383274,3.1998800317177647,2.9626973736850903,2.692868004660867,2.453136314256384,2.26652946129907,2.0904311184930724,1.754710182516393
2024-03-09,3.757614328753353,3.6210916955693473,3.5243079025711634,3.264376589339344,3.173158390502016,2.9801745443854406,2.7850375810147177,2.5451260038225865,2.2601724091138466,2.0687805109124104,1.751245906041067
2024-03-10,3.7418106711652084,3.64579956929619,3.5421488472004548,3.2803320049186913,3.2318464366008777,2.9748046809728064,2.7371034640196394,2.5302396312620297,2.228277561574613,2.0981280201635593,1.8466502919285586
2024-03-11,3.805313781597333,3.6818694541398598,3.563354157149484,3.320922913263492,3.1947581030026284,2.967269939770655,2.7611095304458444,2.4908826453876167,2.221724344445691,2.0995281068443887,1.753371262867413
2024-03-12,3.7931697498917303,3.683333307225707,3.5474474050785294,3.280831609715271,3.1916007244837172,3.033355954192645,2.728951644676999,2.446401903948436,2.230598265421602,2.1044428520764336,1.828857264894875
2024-03-13,3.788086055063933,3.6234404212960087,3.534791138712346,3.332097794330779,3.1785927582066917,3.042123685734443,2.7363734781372373,2.4864382539475254,2.264859019106898,2.1094589372471417,1.7835188013826042
2024-03-14,3.753040847222722,3.644371853044289,3.5612440608183236,3.3238331603252553,3.2278131439999806,2.979199634595417,2.7267081442950354,2.4783712367021438,2.2132771522249106,2.053988146353776,1.7749215326158319
2024-03-15,3.829248310109393,3.6025177210718975,3.5142531355082687,3.2737667603492002,3.1972132545609218,2.9905423668073854,2.7998975763502107,2.4563922124874034,2.2115442972773187,2.075501161929533,1.8024190528283814
2024-03-16,3.775861272903656,3.659061906972178,3.5328222028660083,3.260667097194498,3.178232703400987,2.9837491208532976,2.7447762519139958,2.4957204320360784,2.251933879688918,2.040979657712697,1.8218600432435044
2024-03-17,3.8019702581266066,3.6774634649825915,3.5336023991161847,3.287315743458189,3.168777504841058,3.016317078509148,2.7252581498685395,2.468038519259803,2.2466095086222473,2.107304498465078,1.759977898953486
2024-03-18,3.7524385217429423,3.6397975432269605,3.507878725412989,3.317635750958982,3.1869657305099546,3.0214436959200617,2.6975140640383057,2.4709299106978206,2.219544718426788,2.08349477067455,1.776046312130847
2024-03-19,3.7842008884663962,3.622279416847894,3.528467164149788,3.2767092455511797,3.1645228472780267,2.944532423239656,2.788307354275293,2.4838720523425883,2.2116839287465164,2.0997343699743327,1.8101357615740032
2024-03-20,3.7963982950661914,3.6481172074421657,3.487239941637844,3.31181619111678,3.2148358697022,3.0010142036618674,2.735031974029519,2.474741212942584,2.2750613584944372,2.0522219649554727,1.796313791470901
2024-03-21,3.797429139262197,3.6496887345949434,3.5870567100024378,3.3194632585392663,3.1440437074602583,2.9565817252818354,2.7578579867999045,2.541206174238615,2.2481773694433533,2.1242767800531905,1.816800204576899
2024-03-22,3.793245166251,3.6414075484663244,3.515943607959176,3.2700283114110187,3.185891101961757,3.033335756616966,2.7607788849277477,2.4759860868450954,2.2052905560768834,2.059520473554602,1.802256751530878
2024-03-23,3.801857039996979,3.643961855804158,3.579146830981292,3.2725927004885444,3.2047473163229574,3.0005001784510195,2.72792321461,2.5005160029806213,2.207153339293702,2.108858060305321,1.8346995779244881
2024-03-24,3.7613342884026704,3.63525192854176,3.5405494124464814,3.3074138506066695,3.1981502853062356,2.9690135613444286,2.7564086191881483,2.4932353621087535,2.2305595004922325,2.092546054075808,1.7940620147743354
2024-03-25,3.7946232035127094,3.6645877615823776,3.5538104916806166,3.2934850771177566,3.1717568140513257,2.9836558536782714,2.7245854312079274,2.4985076440081895,2.2580099335516586,2.084952818938563,1.7952341670849914
2024-03-26,3.7926126583627657,3.6581744024048866,3.527548721316985,3.2726171781121662,3.206275183943422,2.9825442848191046,2.715008057224773,2.500495926366032,2.2546439363284656,2.083014713610454,1.797811750576153
2024-03-27,3.7956285769507643,3.615259181167284,3.545035002144929,3.2810322486428976,3.1676857751362397,3.002964583418033,2.7689483771586927,2.5118707970110403,2.2681287232709177,2.073885184612984,1.7862745385527232
2024-03-28,3.7917016293573065,3.6146282338453615,3.5561552399240375,3.288130010106141,3.189333382511906,3.0159408140287636,2.7359382644287717,2.496554150814793,2.2026342537378065,2.122272903346846,1.8110951778943494
2024-03-29,3.758107097498388,3.6335780564205584,3.5565512272060773,3.250816056222336,3.2062334561457315,2.96123223454693,2.752900237686289,2.4955598117183806,2.245533584090714,2.090252737705029,1.7958634474427981
2024-03-30,3.7570250066468636,3.6583909285522167,3.559339335201446,3.3091110781116546,3.201542819936915,3.0359388629723902,2.7502430252966317,2.491431927161291,2.2756177587576216,2.058239462190757,1.809674500678216
2024-03-31,3.7346340354320824,3.643692175426466,3.5307824223282163,3.278023435355716,3.173114764793709,3.030132992774717,2.755939039080578,2.4865302937706963,2.273310783341098,2.080391735028325,1.8136032364197996
2024-04-01,3.8104379923355807,3.623920869336381,3.5279906377771635,3.220406723994495,3.2199369925035564,2.9681165403996714,2.701086206234407,2.467204682547931,2.248972379124765,2.0932081052695213,1.8007109966284558
2024-04-02,3.81068810408957,3.6465346312643354,3.5001422582144994,3.2893998921384533,3.192164030633328,2.9918167112052476,2.7253644030632804,2.488474956910685,2.298697129062537,2.112441798382323,1.8025395744520445
2024-04-03,3.811070608508048,3.6317115882394377,3.5530623265069177,3.271442569755157,3.208556736500973,3.0327520648303525,2.7318699722900837,2.4960135356091326,2.255213979137891,2.0748663582145643,1.7647236065375809
2024-04-04,3.797624937684938,3.6619673501290047,3.5670146564064873,3.3321757434309682,3.2281827137902326,3.0207781532903386,2.719168221800864,2.5000093025377215,2.266023854444435,2.076510774728288,1.7761963489279058
2024-04-05,3.736588705991663,3.648243147311292,3.580316228432564,3.2752805609116162,3.2178547001539806,2.9814981106834186,2.7506418576350256,2.494423805759372,2.2410278844040037,2.090502489613301,1.811001272759384
2024-04-06,3.7641985937755353,3.631984401383863,3.5474956719346795,3.2624252719807014,3.2178695912284425,3.0102248514343635,2.7695386830100643,2.4840424807339536,2.2203419737490595,2.11170197656885,1.8254571356156297
2024-04-07,3.7940645978838563,3.6455921817451893,3.5206422181213135,3.3025025291930783,3.1946212106902645,3.0647341697370063,2.7734338288276854,2.4883772148641308,2.2179239824245593,2.0555853490541276,1.7412934568063188
2024-04-08,3.7931182240404917,3.6726064754588017,3.49730287038846,3.2732190897705067,3.2095786519934593,2.992359273516977,2.7312501548404495,2.475889111856927,2.244270654340557,2.1023641397454904,1.7755336952894112
2024-04-09,3.7840758572309383,3.625403810646079,3.565686230886822,3.2701581575284324,3.194984476923846,2.973828356273738,2.746943709121186,2.4974751623349025,2.2343570123884833,2.0780429993065224,1.7902350776201044
2024-04-10,3.7987700336820005,3.649613528150473,3.4946401894398553,3.302284638179904,3.1593139919148334,2.993857599911579,2.7506881912215464,2.484018897911441,2.195332461861457,2.0814362890655818,1.7675652420572767
2024-04-11,3.789729218690685,3.6376764174869036,3.5309228240549593,3.263426243301314,3.197006520811179,2.9956017283859864,2.7549693283536416,2.49395194945349,2.21379308637541,2.1394773196267973,1.7688749348940114
2024-04-12,3.7923363237179837,3.6499916541757518,3.533709391380608,3.2528852206242127,3.1957260866726607,2.976203643604197,2.717363685252383,2.5143371381637634,2.231356972727847,2.0844053314654114,1.8011900589240446
2024-04-13,3.7732079143450195,3.6228204241259263,3.537448169219544,3.3323344977181777,3.203777781703865,3.000225174361175,2.7846990543724437,2.4714505749247593,2.2573665320642484,2.108051891423534,1.8287189468951055
2024-04-14,3.813590696678335,3.641798807854279,3.5399354870261908,3.3035278904653107,3.1858404976449597,2.9576803955321074,2.762203426633956,2.503957806548057,2.238638574871243,2.1070132679553786,1.738244833117241
2024-04-15,3.778115437648153,3.6665803099255823,3.5423384167743515,3.282279495740303,3.169848338946066,2.9722463811899456,2.7627009614574733,2.4897149823622966,2.2370831226026495,2.0593841300127,1.7846228241406201
2024-04-16,3.7554512842454475,3.61529233678981,3.478333429768999,3.288630581078414,3.205130163400343,3.007673630724833,2.7688040127434728,2.5392473513104816,2.21404469564588,2.04258265319039,1.8002995198657223
2024-04-17,3.7692638466220982,3.605303694359439,3.538905219689319,3.30118543089547,3.15570701476126,2.94466705065401,2.7518922204992156,2.4831313137309783,2.2391179739441185,2.109063374252989,1.808044171247572
2024-04-18,3.779637057895443,3.606062323567318,3.482609323326695,3.3126821489198273,3.2248191910759036,3.0109279024793616,2.712665877103218,2.505727827258269,2.2713262383656416,2.0612600578682794,1.7963268962562178
2024-04-19,3.8129973095744396,3.6088806766102133,3.556452691692493,3.2692478575823425,3.182361788335093,2.9378477057225756,2.7346729215763403,2.4885310761591173,2.242036617684182,2.0465426660009425,1.8321823036136207
2024-04-20,3.7868777632396173,3.6528175453978036,3.5240563343053966,3.297088126349629,3.194072667501891,2.9446513487285793,2.6966581283239393,2.4532268504926495,2.20025162366344,2.113588518571592,1.7886571280336316
2024-04-21,3.7830567402614763,3.6025639535889806,3.4837845276050334,3.275042841330361,3.201674399567656,2.97523597715922,2.7480872584780944,2.4746932183476384,2.2064223758780037,2.0622247773912274,1.8205102654954193
2024-04-22,3.756258668232752,3.630027870233229,3.517120136917183,3.282750722739002,3.202242454972922,2.9946468499223013,2.733244912397679,2.5094870314875277,2.2521949757823965,2.068162316959708,1.771316062093168
2024-04-23,3.806866021987259,3.652686189824287,3.522977073761903,3.291246278928142,3.1520043497427257,3.020360547319704,2.736215897653346,2.4764115957263124,2.231621070360954,2.136588286118752,1.7886785309062405
2024-04-24,3.7706728250371393,3.6473881054014385,3.5667391193265985,3.286804664561407,3.20757379340133,2.9884121979667135,2.767071657139865,2.4314652210167336,2.235107123135136,2.0454782448531845,1.7566537519927525
2024-04-25,3.7842026485688427,3.6270643705433137,3.5416192885861317,3.30509251749994,3.1942821907517827,2.980539504852976,2.7252784940784642,2.485918269619263,2.221384990667007,2.055296194007203,1.8092249560561007
2024-04-26,3.8234287621258156,3.6411972784976463,3.5450353088125333,3.2986013491816584,3.170542650589803,3.0009137164033888,2.730121106234467,2.4591157777549935,2.2490094905087665,2.0749317316419207,1.7834131136377394
2024-04-27,3.7988533153692203,3.6388128653364267,3.565664772948502,3.248430001858683,3.167392558319339,2.964361761581289,2.736683564492068,2.4894296754079055,2.2286112892618535,2.080127811097127,1.7950797586559848
2024-04-28,3.7451272204365176,3.630227547740692,3.533429964431284,3.2518879914527603,3.177482244577975,2.9893189506130566,2.689833765394056,2.524612248664347,2.2311682410861815,2.0634899395764554,1.7779993558472693
2024-04-29,3.7412845369963685,3.6302514249388156,3.55437699193099,3.2762793757861974,3.1530537507399177,2.955536136456296,2.72887070151113,2.5047587256752526,2.214241708113602,2.0565559154721074,1.8001830054466552
2024-04-30,3.783592726905961,3.6910861740278653,3.552297016007241,3.330916119719987,3.228257172933617,2.987265251080827,2.673055615351787,2.523616883877441,2.2582427706125108,2.12295034626974,1.7951363375053353
2024-05-01,3.7545497373765033,3.6551010253466556,3.5027065154091375,3.2635784569358326,3.2220220358769565,2.9816223446021377,2.7202302137009795,2.470830452212261,2.2293399329579624,2.091442905850991,1.7600019669990927
2024-05-02,3.800739353812822,3.6965419580598002,3.571350274562742,3.2793201173816775,3.1958181901463947,2.9644189870857613,2.7559054114568173,2.4809465267811084,2.2497226934499905,2.0991549037272264,1.761106499307421
2024-05-03,3.7852294634141184,3.6217488084669807,3.498665342288226,3.2707642361160802,3.178587926381441,2.988298902703437,2.74535455074627,2.458061981869799,2.204333097689143,2.08074225737603,1.7834786685314592
2024-05-04,3.7879445815197195,3.6316857973719188,3.5567441285310686,3.2699588526919205,3.178882262595687,2.987773703623114,2.7189394545327707,2.46670887616812,2.277157040753588,2.091046336015601,1.800299311229289
2024-05-05,3.7657684396356874,3.6001338750448295,3.495510193254105,3.287893012774372,3.202388661831095,3.0128233694852242,2.7344569746323413,2.460264898369591,2.2653713701395763,2.106759560704486,1.8300094080045917
2024-05-06,3.8265887593311243,3.612814997896717,3.548085087652748,3.3180735998538475,3.226999840436505,2.942913332872387,2.7061794287706964,2.4503860937186577,2.1853092262074836,2.058146692585323,1.7906289393655996
2024-05-07,3.8537263652580984,3.6802093507743994,3.579209394011591,3.2940607320548514,3.168401603567918,2.9807602993654108,2.7326029369790987,2.5168079376911203,2.212613085181244,2.089282421970786,1.8078498071200502
2024-05-08,3.7752945797589206,3.6192083406067943,3.5269347314390824,3.262170923817161,3.1543195467872547,2.963252637860251,2.8055172049901507,2.4299601904771775,2.244200057628085,2.0996602556880353,1.7419379244837334
2024-05-09,3.79067329576168,3.679829347054916,3.525438423479976,3.350678052321385,3.220538333891186,3.003591366005712,2.7779923475606028,2.5161007871714185,2.1988540981475797,2.1204672482109115,1.8321712107871544
2024-05-10,3.783861427779757,3.6003419376861516,3.54668699418607,3.283390324727177,3.136747529513537,3.0002737958329524,2.7327415474535806,2.5125774673261545,2.228136142149066,2.1301232686981932,1.7965681494813783
2024-05-11,3.774503190068655,3.6046586358028496,3.522760450255618,3.2665648377451286,3.155782091448365,2.993692357781397,2.734998965777566,2.4934901785416566,2.241661156304102,2.0827418565792257,1.7797552488757122
2024-05-12,3.759753782818302,3.6220247639860363,3.5760125121051924,3.3158579538785613,3.17438409719885,2.9629597130598855,2.7060664116457582,2.45269286280927,2.2259373967121348,2.1090215182538,1.7764381433251735
2024-05-13,3.752982473414269,3.628512925059301,3.534911479337748,3.268379907652685,3.1410958364061545,3.002243437674783,2.7100619454025043,2.4405522953152006,2.243577640689708,2.013352474766992,1.7524266781548055
2024-05-14,3.7512589487958063,3.6527260627451974,3.521644642728426,3.3212217218086297,3.2074526070041087,2.9413956072153606,2.7387034884865615,2.465938788402355,2.212315632818897,2.118455953168362,1.7591167105409395
2024-05-15,3.7893133028021886,3.640451562593116,3.5156751639660677,3.257416232389293,3.200604933926087,2.9357995345736407,2.7160599880225478,2.494810313571958,2.173077763609257,2.0610352106204397,1.8269431929667947
2024-05-16,3.765715214591948,3.618299195113438,3.5053833647927126,3.3144578362700727,3.164337245866655,2.9468103015494904,2.751310816418328,2.4787836674830555,2.253259959351165,2.0726796403223413,1.7539819655898883
2024-05-17,3.7137660231507743,3.6248904492413345,3.5125294697353495,3.283249536011329,3.2102136973837307,2.9773864741461145,2.767465486428731,2.452135857026918,2.2526187107443505,2.089250956513463,1.7530166504576286
2024-05-18,3.7888527045904374,3.619754676080862,3.518964414234014,3.31000755489304,3.2139635597855745,2.9946103591001867,2.7360467686950054,2.5064363686918916,2.2903221651326877,2.0738951898925917,1.7601757369235895
2024-05-19,3.776274404317477,3.6043645929959376,3.515039959541616,3.3247750790966193,3.174401670171829,2.902830124528843,2.729774366525079,2.5193405195836194,2.172051273430723,2.0821422708682844,1.7472764175550488
2024-05-20,3.81038937960357,3.604523481153501,3.5102681727151137,3.24840737230551,3.165455850129341,3.009791125365536,2.684703063945775,2.4710575754681763,2.245493357302212,2.116414878774195,1.7771052189396792
2024-05-21,3.785534314215639,3.6519033515741985,3.578677285047174,3.3081005498073215,3.2326963049819253,2.9794840591928247,2.744896510420165,2.4789396768782974,2.176989200836279,2.0666007531547144,1.8034290171049945
2024-05-22,3.7387153486217053,3.579978065331284,3.4999298116172253,3.240459590918827,3.193711234081566,2.936487879839718,2.6970904059909864,2.4379609714387254,2.2695945205713457,2.048509093116949,1.7604198803726618
2024-05-23,3.719408596565584,3.6655844800199597,3.5288163272749875,3.2489709037026273,3.1815586289080544,2.9776741868410728,2.7147002843679977,2.4647908446811075,2.2373471834262335,2.120487109016297,1.740817405589813
2024-05-24,3.7566245743900852,3.616036528358477,3.539424409242555,3.2545261475037224,3.2087000326645234,3.001924519365494,2.748600781308162,2.487372383448558,2.200813162806627,2.0877804894236505,1.7819079168238994
2024-05-25,3.758437277011656,3.604752247369193,3.5398176624185904,3.2866558784334434,3.1816132284040726,2.9890509879116536,2.749808916636723,2.4829363760354415,2.243570524394033,2.122120936911834,1.7726706040870017
2024-05-26,3.7970903901167037,3.6420053923591307,3.522046233197137,3.2743368070150702,3.1608708954437192,3.000988236655548,2.711848721907946,2.4608197138614565,2.2096852848987756,2.095102157856172,1.7985795238437394
2024-05-27,3.772729117408934,3.660081305319851,3.5169333264199905,3.268772488612102,3.1749548847283617,2.9387947249812454,2.7127280023431735,2.466094803004262,2.230461293204955,2.0398610309158376,1.7615881832336162
2024-05-28,3.80072578294887,3.650324381536506,3.5336722577773947,3.276039452471966,3.1983499276794003,2.9620334396179473,2.7049005986649903,2.4612033020827933,2.227532588401634,2.0885181872903296,1.7658796510057402
2024-05-29,3.7386887911490607,3.6343559187756234,3.528472658791081,3.286591857273963,3.1220049783828956,2.948692311778538,2.6918632739084782,2.4648479996986667,2.2654138209453087,2.0472109158945626,1.7680713584280443
2024-05-30,3.7953608115359887,3.648400789169523,3.5147552310572894,3.287935405025011,3.1640284334404964,3.0141687070525855,2.7053593148738715,2.4818100719894307,2.26660234967864,2.0714149969874693,1.7734543046903144
2024-05-31,3.7886672244764075,3.5777300562120375,3.4815955313475233,3.297996666531012,3.205218930605174,2.9866265667278,2.680314245167767,2.421454068506406,2.2057108613087966,2.0687496355504402,1.7608284537066945
2024-06-01,3.7195938197520517,3.6070039090006274,3.5083515794794997,3.315550542857017,3.157252962510493,3.041224912261772,2.737126237075538,2.468190934667633,2.246502312987732,2.029608077422005,1.7561835698366808
2024-06-02,3.8025163543158675,3.5966716567837267,3.4907871541916613,3.2689168489733107,3.2081036222951327,2.957760669948917,2.729313998413395,2.47820029667499,2.2283219121736053,2.0491306460453034,1.7231914661623016
2024-06-03,3.771182842601114,3.6494623485873343,3.5021673915552967,3.255819156253682,3.20421497579095,2.9507295250148973,2.732859612428718,2.454584263165928,2.1835293286317823,2.1239760628109323,1.7547117000789516
2024-06-04,3.7780373803370515,3.608649317267241,3.5190668487032624,3.283574670969968,3.1665980398531146,2.96466560177546,2.69437616647596,2.456252941641216,2.200830558231034,2.074195702861368,1.786116849442382
2024-06-05,3.74599834856331,3.6387559152935713,3.5265891549739354,3.2390143809674043,3.1534072687517947,3.0020796819095836,2.6877439872861437,2.4563608903536336,2.2760244038640107,2.0632308480074464,1.788876889358242
2024-06-06,3.7988811889218317,3.6303964371609982,3.5615113323810923,3.250032410295992,3.159816041745041,2.9578470213643984,2.718337870456621,2.4550237642603534,2.2259463736263987,2.1123222690973056,1.7552221880089998
2024-06-07,3.736727930121653,3.5948165649485326,3.502939078880029,3.2913587620124445,3.2329896006526604,2.9694851783002982,2.7179768024763806,2.466521332798884,2.241368727840563,2.0564683556008956,1.798861388307169
2024-06-08,3.7865459115256077,3.6010696558168513,3.5351092519481373,3.262640401695816,3.2126042222395896,2.9681608786384293,2.712061865378435,2.4689686800166033,2.210442503257084,2.0634581020170306,1.76502600927375
2024-06-09,3.785623505505876,3.647453760878527,3.5227573192191044,3.2349035071492076,3.168243092903327,2.9660957376382138,2.7078712368784625,2.4125954607023137,2.201609770740175,2.08987839001123,1.73166215931276
2024-06-10,3.7401143635248855,3.59508148301208,3.5468684909951853,3.2272234725950613,3.1492647104386804,2.9481585877176286,2.75723794367155,2.4807905585159977,2.2151501619200524,2.054450154263782,1.7231589478178344
2024-06-11,3.813408832492394,3.6169461827617164,3.52823021049672,3.265042409491674,3.1667505183963605,2.9603922158090703,2.7244751178016537,2.4565745203981555,2.207171891125674,2.045161474023017,1.7942809405723226
2024-06-12,3.76896455129442,3.59361280713082,3.4879643036068235,3.2917237527131817,3.1692720124544005,2.958673774255198,2.762443299075644,2.511500418675695,2.1758450160131915,2.0068324289049637,1.7538512461574545
2024-06-13,3.778871596894209,3.6046754769645366,3.469448130905152,3.2907379260757126,3.131440313197199,2.962335165145567,2.744248407273224,2.4327330681649655,2.1874411452010825,2.0391118238028643,1.7321726685606187
2024-06-14,3.7236904928875463,3.6107144641716906,3.5196500552626273,3.2646405253432604,3.163869544501321,2.9854564332247575,2.7544502859213735,2.4401856500520815,2.2295656256312455,2.0382178191211997,1.7053866084850513
2024-06-15,3.8141524770831836,3.5916375642505316,3.497997952060459,3.311431962485372,3.1942693351282623,3.005224927873581,2.684347657849069,2.4561365025433877,2.2016919597804088,2.0651733943946846,1.75131632423609
2024-06-16,3.7299326962034933,3.586535445859523,3.4860387760603553,3.2579261105606085,3.1155627026787083,2.939535750642378,2.725375894484071,2.470877255951271,2.211189241759818,2.045285163065926,1.7706653911840295
2024-06-17,3.7855030480383864,3.6170377206386735,3.4781914446059106,3.2564166966343024,3.1805454863476688,2.9500810465995446,2.6990867499944033,2.4111117040349503,2.215753963481668,2.1138313624906675,1.7424386086180823
2024-06-18,3.7343429338609324,3.5880937915894453,3.5132366142489033,3.1950263290657497,3.193582176060594,2.93858692934907,2.6676275590252363,2.438484725506322,2.217038478029693,2.0327715035533545,1.7328810978058777
2024-06-19,3.7430661165464003,3.5882743977251255,3.546233529100426,3.2473567628885616,3.1445269029902327,2.963218375048149,2.7459409158564805,2.4733238406319384,2.2372053131504765,2.0935570037890274,1.7448064424024237
2024-06-20,3.7775857666888797,3.584390586999194,3.4976501069490924,3.2791672914644554,3.2002213095465195,2.944408179153969,2.7005246024491028,2.43416381693093,2.18039952021503,2.0633607394699323,1.7889467160703645
2024-06-21,3.7828794812709017,3.6052429622707396,3.5219474212059056,3.296289696850515,3.1399322368678138,2.9631855842725723,2.6808131226723555,2.4914413228384285,2.221446981517613,2.0773600143218323,1.7223661229871428
2024-06-22,3.7247301742896886,3.630104821377537,3.503955621762101,3.2357564146758584,3.1675393470640505,2.9841029532786605,2.6961481839363235,2.445165190546314,2.225387975355532,2.0751627703859374,1.7404697547569776
2024-06-23,3.78309377210322,3.6434951837846015,3.47359741564921,3.267388276109121,3.148162650760204,2.8926861757316797,2.6859263648074494,2.4333476378432475,2.230478262351833,2.000376079618985,1.7861009113672348
2024-06-24,3.7812744394764337,3.587001974948259,3.523520210685864,3.2813219029061855,3.1474750181690383,2.967444424338121,2.687807477907687,2.4704060335428415,2.169826987112732,2.05486111012369,1.7675043343336971
2024-06-25,3.7310175250637463,3.6582241301181484,3.4770990591841837,3.2547465641147655,3.139033883540917,2.9429616840624213,2.698926275530302,2.494656794955479,2.2108368407435433,2.0479106568540226,1.7589445556293417
2024-06-26,3.793747659832466,3.578663848475018,3.504322135757527,3.196699458554507,3.171245857014238,2.965292026692298,2.747051849818807,2.4641913764612857,2.246683368652651,2.0254570176254063,1.7375703166072818
2024-06-27,3.716674018463138,3.6301841722525356,3.494557448794206,3.259277709158695,3.1743155956126246,2.9306837232255836,2.686437528755723,2.4846061941499205,2.200617446190423,2.064586110099736,1.7538580795318492
2024-06-28,3.736789216525192,3.584366119744246,3.524735466958774,3.271444296696154,3.150797976105202,2.982315055802304,2.7438902977001116,2.494324414610556,2.2144958986437393,2.095322038991569,1.738962804383299
2024-06-29,3.7636959549224813,3.579947807573431,3.475267114508414,3.2280353169447196,3.1177216839783743,2.9745529047711887,2.7229418092196696,2.428674422321992,2.221230779184811,1.98489579822308,1.7302362360434125
2024-06-30,3.7296935804915208,3.5824138336894755,3.5108044853041345,3.2446788743372257,3.161111991774945,2.9652415413226514,2.7109395266987377,2.4744925209605753,2.175395991499129,2.0376709957130426,1.7240313007265418
2024-07-01,3.756939757017532,3.5990330873843197,3.47934934469183,3.2214568788223286,3.160894638860815,2.9701749228208003,2.7190472806818446,2.4122575171429594,2.2461898981005475,2.0192001257727075,1.76994666978486
2024-07-02,3.755682622094535,3.6141550244002927,3.4868780898162326,3.1854020314099434,3.1442378448397914,2.931015208445148,2.6999971117203887,2.460278283419112,2.212143240048675,2.0514501657803947,1.748145566819049
2024-07-03,3.744290405642847,3.6157139633385356,3.4080872567024123,3.274642372685606,3.1956480445704347,2.933476668523683,2.7311185149875006,2.4471843151280446,2.2119548327457506,2.040826730312165,1.756830105985982
2024-07-04,3.769089124144583,3.5746794852961217,3.5505815749702663,3.2481853973347725,3.1091808790573023,2.967090015700256,2.7124536172614966,2.4793528657558705,2.1567284262295554,2.0331371803608898,1.7520709403248538
2024-07-05,3.7418824490889278,3.5728499867175865,3.511355392226024,3.287533343822993,3.092159376149029,2.9283982403361533,2.655974819279731,2.4768977567299895,2.217455088860701,2.064829139613595,1.7586144396005774
2024-07-06,3.752693067551007,3.573988573496573,3.4777208536822073,3.268337595628316,3.1286336683382197,2.983045416997114,2.7043108391279107,2.4611491245940216,2.20956479936514,2.0878090733570893,1.7405365710810141
2024-07-07,3.77488032694451,3.5934346699476745,3.4681021377989873,3.237363285965676,3.1639791433595983,2.9381287532252864,2.7158178585821275,2.4536792274943826,2.2368233132003636,2.112751496301258,1.7341770937309477
2024-07-08,3.765300794965779,3.5902797496103607,3.4831424208931487,3.2434541232125222,3.1191375237792864,2.958080999461648,2.688308609250102,2.4582428566331815,2.187752009357524,2.027042913503418,1.725151631480354
2024-07-09,3.764500505172252,3.571095686350152,3.5127720612723827,3.259004507671151,3.1203257999387444,2.9973313108832738,2.6980064697197452,2.4463943446863103,2.170158614661936,1.999328184106445,1.709500844566719
2024-07-10,3.715438542067786,3.6009081244747865,3.446865908983582,3.2683401175420985,3.167943565527659,2.9265124482715033,2.678846582256345,2.4426381385955076,2.177112057253847,2.058147942975164,1.716117202857632
2024-07-11,3.756607533869993,3.6500519396908424,3.489948109000101,3.2515544852510097,3.155051417552403,2.945206763253579,2.6590470780808704,2.4795521737887705,2.180863263607277,2.0837498378655397,1.734352276454954
2024-07-12,3.7208468667967405,3.580191450025099,3.5370753833825446,3.270449165203215,3.1522358593116877,2.9691639156869103,2.654049914797697,2.481881582062932,2.1648381736176936,2.063151585746996,1.7027333494600907
2024-07-13,3.7100977099138066,3.5812952888781684,3.463784426009062,3.234716365991395,3.161668807394895,2.96591501913017,2.653706384731535,2.4385916044657017,2.2243870850024066,2.0822917603965148,1.7075759368048562
2024-07-14,3.7396665047252844,3.6054507026405176,3.4934687893514997,3.2165305747127664,3.130829339550586,2.9332637806264246,2.708185281944172,2.4474000734576773,2.2246516099557003,2.0358219966173556,1.7675126606982876
2024-07-15,3.718180393524486,3.5768173658973557,3.5458705185722192,3.239167541851747,3.1313131713393205,2.9278695122527294,2.6285307304813674,2.442829153810095,2.1858929806622744,2.0255484121964478,1.7463922603121202
2024-07-16,3.7598845557517624,3.606843224823717,3.505922903523032,3.245248735049167,3.160363594594798,2.9342907144671364,2.6734571146066757,2.399826651732333,2.1803001147286576,2.0430050104657957,1.7288231945756747
2024-07-17,3.7598167667832634,3.571489812621404,3.492601475803016,3.2094149954223976,3.10583121077135,2.9756498244446643,2.6703120481597455,2.43104249085058,2.1440663324578972,2.0311895506067077,1.7962427417634939
2024-07-18,3.691225117081246,3.634593763181464,3.5014566843647565,3.205372720888366,3.085222776832068,2.931813126583033,2.681736784592345,2.4787833780182345,2.2061898043746218,2.0553681235255405,1.6975845300242056
2024-07-19,3.7174239237396387,3.596750861543868,3.4781098538538178,3.249316144640896,3.127299382888364,2.940084379541147,2.6417206984806554,2.4193870903532653,2.2294674899497067,2.0623756816791476,1.762521769140606
2024-07-20,3.7009810515646175,3.5719751446356494,3.5199665004951526,3.227316797078306,3.160747550589209,2.926806056589481,2.697572920731082,2.4903393049200995,2.171545850431078,2.0636778099768645,1.7346890662930814
2024-07-21,3.725257928796197,3.572106368224287,3.476840410138513,3.2326776380694686,3.1432126531856888,2.9544623748309182,2.654994625857021,2.4661268184507534,2.183904047566609,2.0495884774811284,1.756449836283839
2024-07-22,3.747554899239892,3.57333051367547,3.4371959672747714,3.22718319085065,3.1576077950962462,2.9400636334327626,2.714485646010903,2.446212961256826,2.197032794026064,2.0423210656600537,1.7388993504249408
2024-07-23,3.7294742483163503,3.619850192427031,3.475748873172298,3.27354647331489,3.08512409301023,2.910445605501854,2.669987308581089,2.44955253292022,2.2286419097860573,2.055392118002081,1.688725324214678
2024-07-24,3.7201477003751635,3.553172906201809,3.460723318144924,3.2664357104017165,3.1427791015999285,2.910671078540967,2.6825013558065436,2.411961513983466,2.189886086937719,1.9858168837005237,1.737278193080812
2024-07-25,3.7667608021040704,3.567557847172254,3.477226538628806,3.203322546682762,3.150603001549801,2.884291249769854,2.6843507353476217,2.427625670128124,2.1891421368344046,2.03952065774209,1.7426452852997314
2024-07-26,3.6760043323324685,3.5695842477242397,3.4771486601703594,3.220305931320364,3.0998558260821083,2.912842726419235,2.68973178796889,2.4696607394054197,2.1881087241763706,2.034937713076637,1.6788261291842648
2024-07-27,3.763921783739174,3.582607787232295,3.5129355663963406,3.254250093100458,3.1545514261648817,2.9528486314920226,2.6839253458386216,2.41763675292188,2.1473741737286263,2.038326996300507,1.7816011937462655
2024-07-28,3.7187720412970933,3.5756015063098103,3.4997615667925897,3.247427654553561,3.1295912762133353,2.965473262076287,2.6717014849076643,2.4589075425497002,2.146209482280234,2.0301886599696246,1.7401594384802994
2024-07-29,3.7298110070068424,3.5444830364749,3.4883453694490467,3.230727283201417,3.208547149799812,2.9489026913400913,2.690339945527013,2.3973377275237353,2.16156385303179,2.042560119596202,1.7485634257630742
2024-07-30,3.717969536250043,3.5711580526031588,3.4810799844097304,3.2027136145689394,3.0767227179706267,2.9450194247090624,2.692807297955419,2.40119965938117,2.2064758840439795,2.0167885466546953,1.7020153849536377
2024-07-31,3.7691212943541306,3.578060324636028,3.4540776414942025,3.2134855905618136,3.164776950907521,2.927385940477436,2.661420725037912,2.47808370835531,2.172165164952003,2.0587871774519932,1.7478145297692929
2024-08-01,3.699175865042038,3.5642478815851746,3.425420946520527,3.2170311382735117,3.120096375049017,2.949323191335019,2.690609522936508,2.429654398806161,2.166710226242112,2.041791571897506,1.7571879389512455
2024-08-02,3.729650913602415,3.5965268915855577,3.4821865046441856,3.236282362637344,3.088928711498365,2.9365144599364132,2.709150511919409,2.4158950071845076,2.165678139255772,2.033124650806463,1.735696710062812
2024-08-03,3.741956764370023,3.601756008792364,3.4986368281628644,3.2713639769409535,3.115596919484398,2.973882022373201,2.6964181529761366,2.462839318748497,2.175329376111706,2.01133288380762,1.7285365091105036
2024-08-04,3.687915313261245,3.5762307149651393,3.4754820353772593,3.2110183765886706,3.1351273634918106,2.9257292496039553,2.701499763499554,2.4593359213324617,2.220743080810915,2.048573304588572,1.7058506793359136
2024-08-05,3.7046189752424397,3.583379969174861,3.4642450714339255,3.201965548314712,3.1535530962427187,2.9611916315969964,2.6819144507262793,2.450635293635024,2.173836494861165,2.0327829219659557,1.7222112565590098
2024-08-06,3.7233446459463715,3.523022709350095,3.4886616634141823,3.224334447363128,3.170098216487131,2.9489019613292737,2.6536453481319553,2.4128016612985244,2.157391674149456,2.0081620244454044,1.7142483714273449
2024-08-07,3.7043219640411924,3.5659610206042553,3.4744052848926925,3.2522820644211525,3.16203591712591,2.9448746720634054,2.65624747841571,2.4193156505098594,2.1771197306353423,2.0250720513479705,1.7407884808431182
2024-08-08,3.7055452431905245,3.601055579764951,3.518078642270352,3.1897629633019853,3.1018004869533904,2.875647754334458,2.6839322366673635,2.4337257580641216,2.2198121276150418,2.041662102952034,1.7046881393430682
2024-08-09,3.7166420494245562,3.564802701421985,3.506206824553174,3.2617294697733406,3.1536427333081196,2.9486183550401597,2.698957709130275,2.442748599555148,2.1628179980280766,2.039177954471963,1.739504884039056
2024-08-10,3.7410890207073217,3.556417945506368,3.49883718884175,3.220548703363275,3.1346316113441888,2.9216617879434383,2.7444972852660183,2.4121373980657035,2.1453243622053932,2.037024711611371,1.7038748483479251
2024-08-11,3.7157498670485842,3.631260034621311,3.493261164325785,3.2059598114127033,3.107952735947313,2.9132196491096654,2.6988633600815026,2.428586239236055,2.1617930297272774,2.026631096264065,1.717758997616537
2024-08-12,3.7507544005734608,3.619270675466532,3.4415395603503502,3.1837890135425826,3.1184959808746995,2.886720919682189,2.644532851774199,2.4304785282315717,2.1770128391203474,2.049439234044184,1.739194855636957
2024-08-13,3.698333500864975,3.5849668182435126,3.4898522879827736,3.2409404647669744,3.1055313789453405,2.9231377670822543,2.6540956311224595,2.45544668934084,2.1904834692020922,2.0542223580267494,1.7056825274318077
2024-08-14,3.6914710071090835,3.6012418289079204,3.4821772125620836,3.218489783739881,3.1236963721693307,2.9236078535413754,2.7297319965198192,2.4416307093442975,2.1979411530879753,2.041202129012808,1.7390324758453595
2024-08-15,3.7704273860675497,3.516620365475569,3.4874293691343,3.2265363879933835,3.1040273038671677,2.889693702879151,2.6669090276251017,2.384598709803639,2.146125819075463,2.0075824690531285,1.7360936048663052
2024-08-16,3.705327702404076,3.5520878695799953,3.484091892766039,3.199256362070429,3.096076803765277,2.8849446512733707,2.6729645214647455,2.4164358978835785,2.1480055222342362,1.9953251126634504,1.7150028887612894
2024-08-17,3.688520123276158,3.559543976623633,3.4826119881491633,3.213315522596686,3.133270901647531,2.9334584104561645,2.647282500442731,2.3980733392033766,2.1632113669682744,2.007694429278672,1.7503375034868565
2024-08-18,3.6772663492922453,3.564918195364867,3.5383393595752803,3.208653166677672,3.1365359615430313,2.942610326113075,2.7099452829758968,2.435019883351832,2.187930023453963,2.069659116535959,1.7227623063859685
2024-08-19,3.74722870591128,3.5581025190417073,3.4684464778172583,3.217836291931601,3.115661194563766,2.925108192314117,2.682859449749072,2.4434299533286823,2.13885092212475,2.02739351741174,1.74790803273069
2024-08-20,3.7113607140322187,3.506142669610811,3.4933017614194526,3.2031545187393244,3.1540846094971187,2.9486641931408286,2.650528293201587,2.4224322265389757,2.1547101541382774,2.0730543725868795,1.7647299500206493
2024-08-21,3.713101712111719,3.5790950709560923,3.4576697102317784,3.181089931471198,3.1129336908260004,2.917284830879591,2.644598823266947,2.4127412797226824,2.15462586225308,2.0164394968986925,1.7134119299458455
2024-08-22,3.715024595555653,3.5825959915523335,3.4887706779425103,3.2872171319777337,3.11143527471718,2.9176458564853136,2.6766847369927653,2.420733883171218,2.192548359729428,2.0125342965829955,1.7351285129460032
2024-08-23,3.743897577913596,3.608621475586601,3.4920570030526625,3.1844888996134135,3.1350862303554936,2.8956483050783315,2.669679160168863,2.4237969876337955,2.1817805248134623,2.01672259238075,1.7026348076637796
2024-08-24,3.713664439599298,3.5484449538293217,3.4772633373770794,3.222689160622259,3.114842045825112,2.8791466360098528,2.688955440879224,2.402150194155773,2.190745644474944,2.015848333447363,1.6923323252109905
2024-08-25,3.7763421466179783,3.5459867232026645,3.5094719757065747,3.173440106436561,3.1198607453728155,2.9641073554936517,2.681415013975342,2.387273024627928,2.2012077515029884,1.9983995293504693,1.7128543107125016
2024-08-26,3.7206824922935198,3.5003388657930516,3.445231577033153,3.167412292026714,3.0543275161766865,2.9456209541984073,2.660726469222948,2.3660850018782797,2.1596972255649365,1.9886172712379968,1.683273470948427
2024-08-27,3.7434904512250022,3.5596066611362716,3.454765308509338,3.21939149434735,3.1173635166694926,2.8821330178725817,2.6533507921645096,2.4486253853445157,2.1372606781797017,2.029479247730565,1.6935056375598607
2024-08-28,3.7366939772708654,3.589090775349809,3.471872482973842,3.220922170517462,3.070883082386473,2.920456778519037,2.6625644271157842,2.4289721369141293,2.1370388903770796,2.042935498763189,1.7313487958062812
2024-08-29,3.7152788546994273,3.5508958411510596,3.4882102090429834,3.247727512475937,3.0856662734309057,2.9136888799282863,2.652423016539459,2.425252812989482,2.1202373485794066,2.077314570222538,1.7033488123196565
2024-08-30,3.7011528385594956,3.619413233673598,3.47031285124238,3.225815784235399,3.082444049741119,2.9089773013809306,2.662572224889888,2.4474570854088307,2.154357942468352,2.0049842905427315,1.7335899653880535
2024-08-31,3.723773413092168,3.5590594439832657,3.4976182907907676,3.2117290469093587,3.089409736039658,2.90524886868263,2.665885338093488,2.3840876146356935,2.1558687495072104,2.006657927706402,1.7229596133284408
2024-09-01,3.7278842155318093,3.568806554358841,3.4485895004774694,3.191391741150002,3.101410400760821,2.924663475925827,2.642683474917126,2.371740975355252,2.1848205824217537,1.995851014890352,1.7614105988021052
2024-09-02,3.700484860637896,3.5307219348265186,3.436285049603845,3.2522748135468973,3.1026371964524215,2.9352538999778455,2.6805665083935057,2.424405309754036,2.165222367270474,2.042942697575398,1.7279079439804597
2024-09-03,3.7186361787435875,3.5716582157242027,3.472180915508233,3.237698988246076,3.1310845872012485,2.924537486320526,2.655217014233079,2.4218094914809063,2.1522194959862557,2.0348523934647273,1.7423331588518032
2024-09-04,3.7450715528270937,3.514683433499286,3.462236921467761,3.183008191426893,3.119726123723971,2.911153469011124,2.64311931961347,2.3708837581287847,2.161266460216589,1.9922430638237407,1.7242135449487923
2024-09-05,3.7656144613837554,3.5812082167823416,3.4774373609159683,3.214814861112279,3.066338907186563,2.909935099984735,2.6550755821999665,2.422853794460525,2.137891430814144,1.9913108157326895,1.7216506054339644
2024-09-06,3.734935047804967,3.581686519202117,3.4628907575245687,3.217177120584394,3.1156581807349015,2.936996172719298,2.6696322687117386,2.4035702409862423,2.1892109790650136,2.037388683761129,1.7426941408490644
2024-09-07,3.759865647117132,3.5972789405660373,3.454796160192038,3.2046553135424825,3.12125303612221,2.924882778410526,2.665372609952957,2.393119453464185,2.1436487658873866,2.022876558737835,1.7300165916042558
2024-09-08,3.6972940158321155,3.537529153143084,3.461154931819183,3.2323246332574462,3.104814208205952,2.9148456076881626,2.6735813239848882,2.404692778405216,2.134530089313879,2.0319880889375552,1.7182799614362119
2024-09-09,3.730318099059964,3.5667850957159164,3.4634922651283104,3.2335643712171853,3.111248893335813,2.911873510318478,2.6852296958853694,2.351732828485519,2.1832180919261677,1.9907018308000082,1.7179124094067237
2024-09-10,3.745987733862715,3.576620160132846,3.4549002136519746,3.2077626037030553,3.1172824992831094,2.9211565088884903,2.695148251248384,2.3977403905633845,2.176878851357279,1.965581624550428,1.725980478943943
2024-09-11,3.6898812209400838,3.573346595222641,3.4572112531062973,3.2052678231194416,3.1314045442052723,2.900580837050397,2.6694267083315846,2.394682190027278,2.119197419800408,1.990415428847379,1.695505216277886
2024-09-12,3.6999257839983883,3.540433054921142,3.4519757033748406,3.2495394983662016,3.072693537112945,2.932604007232219,2.635330477118626,2.425993097972917,2.183440577667269,2.0292597050497942,1.6942205501460457
2024-09-13,3.755300379180664,3.502053212895879,3.4832693881315175,3.235173732443838,3.105744834168791,2.8849562960888355,2.655124990071525,2.4078970067220102,2.143312944157431,2.0646292096006547,1.7474879084441055
2024-09-14,3.6842628670207254,3.567451207151379,3.463764586155781,3.2109967934185826,3.1470330474361847,2.899311954868317,2.634764130630641,2.4261175347099253,2.1510669223065926,1.999819797071369,1.7573035997199276
2024-09-15,3.66990373016075,3.5499844525230446,3.510580719788661,3.1641616090147395,3.1406733312028394,2.9212643778888405,2.6991380043527964,2.3437080958988714,2.162852009216936,2.065437867075159,1.6856843720716326
2024-09-16,3.7364345827645513,3.5346613442929575,3.453438788592386,3.2092073088549116,3.122473795085111,2.874064432943721,2.7032576567276183,2.383781310487024,2.170610519503582,2.0272834573188847,1.69040616801403
2024-09-17,3.7229686593286924,3.562969380680279,3.4309204777123874,3.213786336859969,3.1105760352191307,2.859472540320425,2.6666978695904944,2.4159823517087955,2.1648617405531208,1.969720121526424,1.7339301674399592
2024-09-18,3.698678642468461,3.537801917987998,3.5067410608864282,3.1232096759508776,3.1344878554438815,2.8967974687655462,2.6687805380917764,2.391695991407457,2.1502706890451213,2.0079162633360395,1.7169526872923164
2024-09-19,3.6815704936870137,3.5010107584967374,3.4456086665215646,3.194119487812204,3.137046323907194,2.849243414531413,2.650483192749039,2.417900870768029,2.1387030187463196,2.0221958311922874,1.7187845491277876
2024-09-20,3.6665993873244718,3.480781667189746,3.4553265685420262,3.173167098104922,3.0818628725261985,2.8556307322811834,2.650263167924109,2.349007646207968,2.157439185186944,1.9380020698365454,1.7225596491242436
2024-09-21,3.679472109715287,3.4959328828840666,3.4406931157347937,3.173836337436164,3.0568554599995306,2.9034732773290712,2.5980892221928538,2.4097705019279907,2.1420001882868194,2.0128047398105955,1.6924087334614948
2024-09-22,3.706791136019176,3.5790829482854236,3.436794595480814,3.1524581535935208,3.070347048304108,2.875908082468811,2.633102762441765,2.3728959487927956,2.1879316483798035,2.02407749522935,1.7049703926906432
2024-09-23,3.6681444081120627,3.5324394553287273,3.4299511682861175,3.16723464678601,3.1505465479123003,2.9096458958545197,2.6098594575969343,2.3678629190898195,2.155307633492429,2.0028088923683582,1.7013317740544294
2024-09-24,3.711250277053544,3.514209487133424,3.3843599476763258,3.201547617623618,3.0299318028626336,2.843881119330685,2.6358711577159384,2.408449186874023,2.1154233864994354,1.9893836300688372,1.6718822535414148
2024-09-25,3.62953555908285,3.5000885709456697,3.4164643057158104,3.1514080878593065,3.053450557242919,2.868157197393267,2.6243077312022804,2.4101374763888264,2.124441920158492,1.984704739769258,1.6995511633261455
2024-09-26,3.6464116980643277,3.4935929810150896,3.3695303595087602,3.182539406257327,3.025956876066423,2.8770119438914143,2.6714410543023552,2.404386172828366,2.135471660040161,1.981357885007611,1.7209577981948887
2024-09-27,3.6325086716913053,3.5241172277479014,3.393680447034633,3.1340856170349998,3.0604651838599466,2.8342875935968332,2.642670538630171,2.4269252741003506,2.1646493859129485,1.9558663002230317,1.680014654127147
2024-09-28,3.609649849439876,3.4778437864421514,3.375298535546458,3.169068460718547,3.0233625721505772,2.885884479427046,2.623863815319202,2.40508168990885,2.165349808867176,1.9662143798125513,1.6905469987995014
2024-09-29,3.6279063839144183,3.499714881667351,3.3977870202070455,3.146008450272544,3.0468066724717384,2.869409208442898,2.6070855325064244,2.350989898412775,2.1180892333181114,1.9711361443465303,1.6902771125486895
2024-09-30,3.637133646487292,3.471776211538856,3.392626562829967,3.1506470200669727,2.9968805166971366,2.81297371123115,2.652679417568064,2.371892827003187,2.1025840110857894,1.9825487215065345,1.676381245440374
2024-10-01,3.6347849570261417,3.5241977168633634,3.3917370468767625,3.137916428090362,3.0571927118551865,2.8488378474031477,2.607061723235492,2.356834838756823,2.097331542519084,1.9639632131479579,1.6988207115718892
2024-10-02,3.6709311483360243,3.4894697572817948,3.3823376596409913,3.1496812775931486,3.0684419789237447,2.8560176673783655,2.613145999472635,2.414066798390334,2.128135672281856,1.9543394230189404,1.6633087140299403
2024-10-03,3.6232840220599254,3.4972820586036346,3.3554433076115924,3.0653659190473244,3.02442775936379,2.828216538916591,2.6029658017048796,2.3884729163010925,2.177387381003478,1.9932578476708949,1.7120505170798548
2024-10-04,3.6354400908370095,3.4467753314873018,3.359559393730205,3.0899866583465356,3.026802946115571,2.802582383873722,2.588872969087737,2.353652623531562,2.1312497897747535,1.9817366915765617,1.6928253864281602
2024-10-05,3.6033651966492073,3.483093250605188,3.3845767591216345,3.131847882139028,3.0222626962197996,2.843163361322808,2.596968561744801,2.3778576657275283,2.0759161222151428,1.9572102042617743,1.6521987349639606
2024-10-06,3.6387022214063043,3.444091505249173,3.383757467305451,3.0662828105037874,3.02704914572087,2.8881176715754107,2.5440976455294906,2.3226520741167236,2.095617152171503,1.9815793260288939,1.7165277158529118
2024-10-07,3.6517618589296377,3.449934709067089,3.323897472681936,3.1000689646140835,3.017762445509935,2.819808506062818,2.551556871868395,2.357272498698226,2.09618452356863,1.955836642951437,1.676751338503957
2024-10-08,3.6001393347881923,3.4833497121478936,3.309811643438204,3.1079489409623298,3.034121699667627,2.865372433126203,2.5961047948730522,2.325138596753461,2.0892592238028915,1.966997226411581,1.6529582266121143
2024-10-09,3.557119071525545,3.4117055865513186,3.325442144448505,3.0845897077050886,3.0419586055400787,2.804004238776557,2.623695283700569,2.303954318538485,2.098150610047603,1.9880634730974245,1.6971406509125266
2024-10-10,3.563300495274958,3.4381693323751974,3.3652858468915436,3.084001658769743,2.9870064315229583,2.8248818894568624,2.590333812681568,2.3633767275125597,2.1151332295961627,1.9468723489896826,1.6804001825532149
2024-10-11,3.5791657552750094,3.439363149595805,3.365080739325368,3.1040894344505445,2.995862287565303,2.835474804032476,2.5607687602640694,2.364083999892087,2.121009992621377,1.9309457936304233,1.6222527116583718
2024-10-12,3.578638294260183,3.4367496755266735,3.3071554916243615,3.1185531077843605,3.022384942740721,2.812681560123793,2.5398680031768683,2.3504171081893257,2.129328324812416,1.9549295955917043,1.6519401748638785
2024-10-13,3.5798065487139823,3.4078281328445534,3.3335323038328175,3.065391985093075,2.960563318240488,2.8021653028549696,2.5927255252239276,2.3320418173329105,2.113224707308289,1.9227848423949914,1.6706007260476847
2024-10-14,3.568982529663271,3.46661411716002,3.3672982249756203,3.0710208407570323,2.9431091906228763,2.824490264717374,2.5561170519228353,2.3025978183416513,2.0493628827191888,1.9482603530009346,1.6081873258009418
2024-10-15,3.5527954236965726,3.3774555328537472,3.3274196461153425,3.0631713932453186,2.994318845598037,2.8503633830514663,2.58357394902771,2.302875450190126,2.0698925656639346,1.9465172725664612,1.6628679908810624
2024-10-16,3.5318705509528048,3.44168377808553,3.348185356887407,3.016985543733371,2.997364829193926,2.8073431048068644,2.574447323416252,2.305340957744862,2.0904928690905744,1.8902892483012765,1.6632669671034084
2024-10-17,3.552970126490582,3.43098254367541,3.3332383013643385,3.0771413990234833,2.963205333143348,2.783689800582214,2.5738772819551246,2.321406407008919,2.096258702849514,1.963506819125582,1.6283178765492161
2024-10-18,3.5844939040120267,3.4435337755815256,3.281148923952159,3.0930565067864157,2.963114622554116,2.788621781508482,2.559990284656659,2.3518393818457897,2.11225504403542,1.944044676637904,1.6632703787278593
2024-10-19,3.558806319447392,3.3517228648002066,3.2947994446366797,3.091205936319412,2.954905486049197,2.853143861146263,2.5659831555417782,2.349143027106912,2.0899534021477737,1.9765416470178574,1.6553012696328893
2024-10-20,3.541875860032141,3.3651360142399787,3.2960742035405026,3.0401332624641584,2.9485778310375514,2.7903207202215867,2.550658762573696,2.2791280129067535,2.088306964535638,1.950776122829883,1.623954010833891
2024-10-21,3.549458799391032,3.4195948451102707,3.2934762456675295,3.0267337444255253,2.9839402334894096,2.7688957801813787,2.5350267439581557,2.3007318585709697,2.091160910738903,1.9621828332540816,1.6753582750035299
2024-10-22,3.5096655305625184,3.330820896944829,3.309459844172098,3.054701248077021,2.933453391737835,2.751948645051808,2.524097355502065,2.2977902955767653,2.0770282666476256,1.9719595234728795,1.6719596440374458
2024-10-23,3.501469076267523,3.333047079108924,3.292458517407148,3.0710389339450814,2.9527018669604144,2.7317581045740904,2.485846105408288,2.250247440575688,2.0837748407158214,1.9373426318649356,1.6424249784782234
2024-10-24,3.4907256449697774,3.3564735268162487,3.2045371467946926,3.050335329407124,2.933091612916602,2.7833365217608472,2.5382410736647993,2.3254437342088785,2.1079584128206434,1.9390529775288614,1.6433699730707727
2024-10-25,3.5015435908157597,3.3689646521954426,3.2408328517474585,3.049864576661401,2.9157387874619176,2.7874651638698418,2.5780616708128092,2.302901322820828,2.075935648148972,1.898183891128707,1.6651681212482368
2024-10-26,3.489391927807395,3.3994648553510123,3.2146918589200633,3.0673564615572135,2.970282296017148,2.758044743718692,2.555648457100605,2.3040021979407337,2.075509749756244,1.9669706648413785,1.6406827959173989
2024-10-27,3.525426013292258,3.350532752377148,3.2694937867412426,3.016521752692997,2.931949791593878,2.7644616726463482,2.540419172007926,2.3382637314543233,2.0736678308246574,1.930810286425251,1.5961252718797385
2024-10-28,3.478623792086425,3.3354742564910995,3.266865784093641,3.025701056018588,2.946084667860166,2.732458838445899,2.513716971649353,2.304621537167158,2.1052048725082955,1.90779062106905,1.6552806564269813
2024-10-29,3.465737139908322,3.35399139111037,3.263688726487242,3.068276160024033,2.9001105850889926,2.7619386134127346,2.554351802144053,2.2894529795839547,2.0433228277453983,1.9499186829323345,1.6214955976057008
2024-10-30,3.529678396301493,3.353483440956882,3.2283998842254524,3.018711936928468,2.9157132907057925,2.767558284151474,2.5237972924298115,2.3123410898376022,2.113694445769849,1.875433305644759,1.6308113211272213
2024-10-31,3.465148751895096,3.348321792459963,3.2650020612672823,2.988180365457272,2.949623650857388,2.739057675627975,2.563525468619046,2.322339235405862,2.0381732213457386,1.9177085763703736,1.6757448603745662
2024-11-01,3.475600791786359,3.3283986915796735,3.261840675613528,2.999371743642273,2.9918731988680207,2.7916242620582494,2.497007296582952,2.301117700163265,2.049522037325555,1.9496710863124027,1.6346996148552442
2024-11-02,3.4783852774684334,3.279538922615033,3.2083512173959963,2.9889031850218717,2.8742661483057836,2.725371628973146,2.5001777861687797,2.3087845015618274,2.082800955563534,1.914553321134642,1.6368536094437747
2024-11-03,3.4340345781373673,3.301053477185649,3.1988848926800046,3.017548853964598,2.91513406524275,2.7503326168313,2.495147894731174,2.285774393698932,2.0882554439351853,1.9060914485775489,1.6483231500407727
2024-11-04,3.488698663343529,3.355088419230339,3.23134842293568,2.982493185987035,2.926968949023043,2.761410010547472,2.4766892667794083,2.285235928366668,2.0257350425860987,1.9121887210759383,1.6469960125933134
2024-11-05,3.469109059863586,3.3198559824852016,3.271971991058602,3.007949640904763,2.897769455934731,2.7352360726269427,2.4877385433658468,2.287986528618075,2.0318398146443903,1.8709073047963352,1.6101737674060865
2024-11-06,3.4875199357469446,3.3027235598445115,3.2655064587494165,2.9790638144754595,2.9309297719860914,2.729432356583402,2.511177238294438,2.264221362783999,2.064448011526137,1.9376151794561793,1.630447033145507
2024-11-07,3.4269686576775977,3.334357799379443,3.2329430742433387,2.940682260896269,2.884552787151761,2.6954082092811147,2.4882335965451783,2.2667458409312915,2.114466625108714,1.9152383689272396,1.6316687127368519
2024-11-08,3.4418257200014866,3.2737771411321837,3.19646262190373,2.99774299687143,2.906606175454123,2.7620584848452636,2.4070805277249914,2.3133018655051174,2.085376407488272,1.9100942044652613,1.6363854738826757
2024-11-09,3.435739213116696,3.2920321998406212,3.232747553612267,2.990109247046936,2.8862564413374105,2.720882076791392,2.5278074071517964,2.326970644996063,2.0463904842419214,1.9087867790140962,1.6356446268888436
2024-11-10,3.436769524392882,3.296754958294869,3.195139077676679,2.9956710019523998,2.926351519764935,2.7355772505772102,2.456318143982928,2.3145028073303413,1.990497003290267,1.9144659128351622,1.6919386347243703
2024-11-11,3.389233055880735,3.277930775333966,3.1831443253206544,2.962240897400704,2.875523253625113,2.735983955039843,2.510630226607841,2.239551662208797,2.0514077411308755,1.9290693953583162,1.5967037551480012
2024-11-12,3.423804434718568,3.287147486334751,3.1446241354826103,2.9559244754110736,2.880211132898844,2.700490296527461,2.4941679045915417,2.235080882507076,2.056824521984762,1.9100604038745654,1.6494591734204442
2024-11-13,3.3808158818797893,3.275608124080568,3.1966830200255334,2.9818061219303407,2.909234669106461,2.7083002134632115,2.54381873438246,2.2387626635747826,2.0366090062478013,1.875958463771106,1.6534067653221574
2024-11-14,3.4208885026568465,3.2409976695727867,3.17428565692951,3.0061100197522412,2.8564846588521555,2.7436498738790873,2.513313941929587,2.2698518807195303,2.0233262846899,1.9230333823826775,1.6350161735826751
2024-11-15,3.3541751712293433,3.276207543469574,3.188360552991102,2.964787387901132,2.880506136162855,2.6794158372608385,2.473289058177809,2.194244452416576,2.047000092894136,1.919764400741499,1.6053214706748582
2024-11-16,3.3565714121190635,3.234159587458579,3.1243917391105476,2.9715049074577986,2.8298342207345284,2.7576101297357707,2.4658751873481024,2.2477213357816437,2.017899443639928,1.9111014477127617,1.6620872727841136
2024-11-17,3.4188027751052656,3.267214836781537,3.1820555269285653,2.9492409709230385,2.8448177280278086,2.6828650477813367,2.5185258623529334,2.295605955481687,2.0867104926925855,1.9315157103062544,1.5645705074735703
2024-11-18,3.380154213574842,3.2931420742080992,3.112974153154691,2.915088426506409,2.8781959751001565,2.6690817640861444,2.441599930373892,2.28298468586892,2.0762693423383123,1.904073692959926,1.6011960622687913
2024-11-19,3.3646228349623497,3.2474853127106704,3.1969010048137014,2.9742714456396713,2.84050987826183,2.6989682531962815,2.480815737755868,2.2436995847723944,2.0532579785053837,1.9297861707797117,1.6464854293249664
2024-11-20,3.416592381443154,3.2209538706961873,3.1787079378280363,2.9692104290102073,2.8483054577666556,2.7479679037291413,2.470320601597797,2.243604143208167,2.03752020952381,1.9358774288619842,1.606864071268658
2024-11-21,3.3885215385800853,3.242803998035728,3.154659884299216,2.9606914746521666,2.8708970942929635,2.642091406289916,2.4625805234000606,2.2666378382258063,2.017248313828251,1.9139580483506802,1.6549596495515508
2024-11-22,3.39765031195801,3.2209246917764607,3.171667878389235,2.934803070746141,2.840747965584787,2.6834540509687366,2.4775691183597077,2.2738648124471204,2.031715238786261,1.8794124902453437,1.5761916245840912
2024-11-23,3.367216552219492,3.252339343691839,3.1291287766580034,2.9507150649151357,2.8724637288506214,2.696007331648707,2.47104773192709,2.23518833291796,2.071707222188716,1.893559165444513,1.5851302756569134
2024-11-24,3.4338950805260047,3.2295367612787538,3.1513779846455185,2.9545768752664845,2.853956516807261,2.6820704296601403,2.475328432843188,2.2406984973070507,2.0509382328875945,1.9265253990664595,1.598595160750147
2024-11-25,3.3473303250296054,3.2717474718133164,3.1654329604613123,2.969188014579926,2.856136344232223,2.68791274614039,2.464959533655602,2.2304553370897233,2.03281832522084,1.8568455405852926,1.6212814381535459
2024-11-26,3.401601252788922,3.2538519251147413,3.0642082751634065,2.9498553013426436,2.8729546098628043,2.657556285175801,2.4695257896913048,2.2093766608672594,2.0493363975915964,1.8832265187008246,1.6042631778136722
2024-11-27,3.3520071226021844,3.216730684350311,3.1263935113280725,2.92320249766118,2.846618966958355,2.6576631909600477,2.45902321364695,2.2352283368384436,2.038395043838838,1.8831970797008128,1.5965276426555852
2024-11-28,3.307737471221854,3.234234983341445,3.1330231789361536,2.885372001898844,2.8737940410936322,2.666101343747809,2.4378152888412723,2.231391823611351,2.0331860017086325,1.8688933237500627,1.6432780250838142
2024-11-29,3.3567367841301032,3.202307282994555,3.1247034805172085,2.918447533877099,2.8548102612484767,2.6387267574494153,2.452019246627352,2.205348367696173,2.04632380754513,1.9111043275555375,1.6445911059295226
2024-11-30,3.348106167888135,3.2087867559078913,3.162066109361455,2.917454458456017,2.81565444274093,2.6630250533048017,2.4316840092022205,2.251097156489779,2.033272284023469,1.8974676996058768,1.5953885586141754
2024-12-01,3.309531626068278,3.1947076486322885,3.0935748075347624,2.9252557442743687,2.857787533883731,2.6515978638999886,2.427664745357082,2.2451148416745768,2.040353275695091,1.8690418621442821,1.5620029579928412
2024-12-02,3.308342609722476,3.2187164249536555,3.1021829791778512,2.9378731253602064,2.8287794137062634,2.6467455021679567,2.436406750342024,2.248517361544233,2.0214729138771075,1.9007329949487097,1.5498150105196984
2024-12-03,3.3263697451670535,3.231196929658268,3.0658605335791673,2.8981485694281597,2.809045376009417,2.6636951020335964,2.4394669356929355,2.210020828817423,2.00963951511698,1.8804172913263775,1.608744986558942
2024-12-04,3.3313254706166933,3.2111611191014036,3.147565218889585,2.9495590097253466,2.822607111049172,2.6073572587084306,2.440980656069371,2.177736908830072,2.0008485061816974,1.8609108525107738,1.6181777460829339
2024-12-05,3.2564150949559254,3.2100713329359563,3.0997069052145148,2.849564465030545,2.840196052017228,2.644343110574718,2.4606623155952048,2.237118604904088,1.9964350682779974,1.8641360890346117,1.6023752348060596
2024-12-06,3.3401147447633477,3.2059318874468388,3.0909651723807214,2.9005476275245665,2.820509551134775,2.7052059540504776,2.422949193977972,2.2069466643071367,1.971558907243228,1.8916587882393587,1.5980541517586344
2024-12-07,3.29703423546595,3.1924755281251658,3.0966795082645047,2.8666234560286203,2.8514437319024806,2.617326059441504,2.4379949902724642,2.1994018792904004,1.9874649744621995,1.9030361653510115,1.578744798276088
2024-12-08,3.271717732844681,3.1460548134196338,3.1099684105559042,2.835433059743437,2.8298024211283828,2.673827764483534,2.43369203981053,2.18836611498636,1.985322198503402,1.8661998783643423,1.6142691264813134
2024-12-09,3.324157390099869,3.2129086639340194,3.0988221106715463,2.874600965446237,2.8124779753238065,2.640272676781643,2.4131978658422475,2.211037809096793,1.9947445416694438,1.8907928545458064,1.6388901053115903
2024-12-10,3.2956639654814985,3.211346437459238,3.152415023955522,2.839752104805706,2.7705114720225184,2.6210527325186472,2.4279337010454816,2.2554868674662147,2.0450732939555447,1.9155427944538421,1.5405587504058333
2024-12-11,3.3222864401146244,3.156245159626832,3.0936504009343593,2.8686860143026416,2.7884382529178073,2.6003352323090123,2.4488390172058874,2.201554451821764,2.000671348996004,1.843348487990191,1.5930925761943526
2024-12-12,3.2984629836104498,3.1486846853599304,3.0667589537154876,2.870135233055835,2.791495561551624,2.6340719195987434,2.4261184382974568,2.185086619179957,2.0092517799399974,1.8825373107182346,1.5698248113663085
2024-12-13,3.2831120037685144,3.1691262160592606,3.0604480646924377,2.893777635152256,2.803895945843462,2.6641472027467064,2.4248089901153436,2.2267748437037325,2.008641616579101,1.893241076142849,1.555879092403278
2024-12-14,3.2749709212135563,3.163453651301589,3.0607585171955227,2.824676183804728,2.7991932987895725,2.6153180152957325,2.399203406819968,2.2129452432557,2.04010278025036,1.868928672598272,1.5639521818275737
2024-12-15,3.286499711690642,3.1405055037316356,3.0291304951084377,2.881632072912773,2.784281716800808,2.6202636964743773,2.4637537289203637,2.153794248995482,1.9846316723890003,1.9011006517802462,1.6007576556746876
2024-12-16,3.2597395575280395,3.1101775625720856,3.0637751741125694,2.8579313101092816,2.77983841170022,2.6447896649975564,2.396022214411743,2.2214905115906447,1.9920695315173684,1.9239538744438556,1.6004573683906063
2024-12-17,3.2444124972688377,3.144947808909529,3.078470448949292,2.877761909440878,2.791630570130825,2.625297851844149,2.3682384298533745,2.256301644886171,1.9935919006858456,1.8764092358431426,1.6259110133161396
2024-12-18,3.276626341998755,3.1469710967298425,3.039657662602939,2.8378111119288727,2.748946805006967,2.574717704840734,2.4291423410254316,2.136237478520385,2.0232773867866114,1.860830841428358,1.5886966927570103
2024-12-19,3.2534208502465165,3.1472132465164435,3.0309178879412175,2.8118656177449277,2.809594299428107,2.613747927408934,2.402474664087037,2.168521782543388,2.0270864185534965,1.8899430179340304,1.5435975785285883
2024-12-20,3.253529100910186,3.133685002739943,3.0851140858110715,2.8113035214435746,2.712824606192512,2.6463351985334946,2.395478827688433,2.126367243441075,2.003970563594969,1.8854204633346958,1.5806772769884765
2024-12-21,3.275583500063614,3.1140620013631097,3.007668677069037,2.8060173214677055,2.797188620776093,2.6048616058849223,2.387128042861139,2.1938660286777245,2.021553125372609,1.8002504930605163,1.5510526660404849
2024-12-22,3.2411632137318604,3.1415791580151002,2.9877526257177003,2.8468313951570288,2.7564753812255733,2.5345057399036475,2.4452737974528573,2.218678543964625,1.9937983691654455,1.8620074334536327,1.5546249032975499
2024-12-23,3.240048930830657,3.114266375423231,3.006744694684869,2.868384454415362,2.7794729795087556,2.6100080195256843,2.4050615622849665,2.1947284846486976,1.9836700452973117,1.8510672201112253,1.598393263531836
2024-12-24,3.220346425819213,3.0968897707281196,2.993177210640882,2.8139146053661124,2.76030958687156,2.592602529989148,2.4076580864823796,2.2250645633575727,2.0160831380329,1.8697078606378592,1.5878199234716233
2024-12-25,3.2417721676779263,3.0998906194487694,3.03746589027406,2.8403451904709556,2.7566709529588143,2.5490993016810792,2.395698621961732,2.2092035579734945,1.9974368119391517,1.853808197722495,1.5967420792872555
2024-12-26,3.2354165949186,3.0566530581510367,3.0149160583129855,2.7831103930934624,2.7586841933088295,2.55011040287945,2.3961046191895523,2.2291698356636043,1.965490659650988,1.8553809108532162,1.572204378839512
2024-12-27,3.244858522098584,3.091642587250451,3.0145659457804133,2.8222851312376314,2.7618629462864885,2.6137332457437044,2.422040160527659,2.2137987925685407,2.0074480249211617,1.834791671532621,1.5999947186558767
2024-12-28,3.2035299850866283,3.1093067102495424,3.0450067429179213,2.8310726363837317,2.7302253915514982,2.5683117760580547,2.3785251606489908,2.1728981329461976,1.9759345763676799,1.873597713844675,1.568987002167686
2024-12-29,3.2022324558208832,3.096488149044775,2.995025895392882,2.7747375344013436,2.761126325477078,2.561200324556836,2.3460956822985315,2.182818669203735,1.9715113065910728,1.895473643626553,1.6063303523390473
2024-12-30,3.2291513970827688,3.1219083620490995,3.0278127886386486,2.8024260578613873,2.7049551746168516,2.5802635674239056,2.401943489043768,2.157612791041925,2.000742414374818,1.831769302059887,1.5861208698974893
2024-12-31,3.211323573259255,3.0732157731350096,3.042345113775701,2.822003767928198,2.7287444728931245,2.562316457888717,2.3903828687732136,2.17174271986589,1.9748321161869065,1.816898441939574,1.5714217935663515
