,1M,3M,6M,1Y,2Y,3Y,5Y,7Y,10Y,20Y,30Y
2022-01-01,0.364901424590337,0.3698590557094827,0.5557292886986056,0.6311679828174649,0.9992758313713909,1.3237951176423404,1.551745182888064,1.7350298116366052,1.7815737216066831,2.138467902160397,2.0033008148612232
2022-01-02,0.38178559264808415,0.3420261322357804,0.48711556372248305,0.6714468798196527,1.0339958173451382,1.3056836996973045,1.5640065329947468,1.737620391935359,1.821791953968157,2.149581362272461,2.0685438946583825
2022-01-03,0.432217122119471,0.45523190515938666,0.558388868888486,0.7451648420983392,1.0469761366131074,1.3150033067411848,1.620043456414591,1.7371875369035512,1.8010005034304866,2.1718125273737,2.0946778706189195
2022-01-04,0.4827351915394517,0.461419645437232,0.5551462211394753,0.6483328174034838,1.0439676337204282,1.332031952720926,1.57509756641449,1.754576645644936,1.8718682091683634,2.1762692718046255,2.135504493539102
2022-01-05,0.4527365314059851,0.5027713938056594,0.6086776645578454,0.7803499256790692,1.10948601606507,1.2766516761572206,1.6356836132391246,1.7840245813339926,1.8129591982969104,2.194131533040783,2.144490667749744
2022-01-06,0.47437458740864513,0.4067151824304662,0.6163814247579057,0.7703559911867971,1.1399784175083922,1.386978108000603,1.6663830373198334,1.6954076195748982,1.8675563400172588,2.182912747498333,2.1393541972453303
2022-01-07,0.5495906378627652,0.5762380291857497,0.6157147154157833,0.741493742540965,1.1545234345037574,1.384474453746126,1.6650959736510649,1.7949009127216422,1.901699654294753,2.20318800594568,2.1718596391674296
2022-01-08,0.5453936839701874,0.5287512765905018,0.6681434573208463,0.762384563662351,1.179810016372442,1.408630843652764,1.6406137005164836,1.8017794307517812,1.8278716574921208,2.173492311867688,2.130108220929868
2022-01-09,0.5278953395956506,0.5850119043188231,0.7256837117532985,0.8614187565619393,1.1806440206891378,1.3893567972091792,1.7480996990038076,1.855831553883363,1.8691216996141076,2.2093982338355906,2.1870893509894964
2022-01-10,0.5773988764702713,0.5389496209268647,0.6834444085667503,0.7988557630761641,1.1702639281058773,1.41373671026101,1.716426008404675,1.827203510466761,1.92368497988452,2.2691932116991294,2.190735191976965
2022-01-11,0.5659568738705189,0.6065220073298606,0.72801091396552,0.8083764314293775,1.2264462482032827,1.4272049696983429,1.769029052372472,1.8561998458806868,1.9339293673639137,2.245335052167013,2.1953768294863933
2022-01-12,0.5842674495838365,0.5741857083499518,0.6845388195632441,0.8925541106787557,1.175257981266773,1.4841810300384397,1.7308289191192703,1.9199959715629573,1.9036804708299058,2.2432953738284955,2.186010625071636
2022-01-13,0.6235589771353078,0.6044185033343318,0.7112699440175453,0.8837825479444216,1.203437283347349,1.4559260928915099,1.7245514548726386,1.9144452862515828,1.896237534180573,2.3088242916122677,2.2536943712364548
2022-01-14,0.5766744992841838,0.6976198126160166,0.7704970257125199,0.8604390008322075,1.2157767313616976,1.5433085085437843,1.7711560572403362,1.9224007023831757,1.9562625658069857,2.219011372540221,2.2207582579200453
2022-01-15,0.5998361043489994,0.6512944172588193,0.8169696200951282,0.9098073884158467,1.2911415708852167,1.5070970116388183,1.7685600251931795,1.8908999659853594,1.9722651118897918,2.2343374720636158,2.1840023127867254
2022-01-16,0.651985494962291,0.6801235046980905,0.7990153166294472,0.8870671309830267,1.300869764579616,1.4690620270187205,1.7514924584052092,1.9326090658499968,1.9108709923422926,2.32668503046231,2.22749925005928
2022-01-17,0.6555180106807166,0.7160755996941599,0.794652450340551,0.9652100801744201,1.30087521881584,1.5164702963896797,1.8425614599163596,1.919592245104623,1.9186330166147358,2.2842705011306914,2.2495367978441982
2022-01-18,0.7121735443018197,0.7210198308514757,0.8195313662633344,0.9782002528235003,1.3319202697219963,1.513615369989286,1.7913040167438312,1.9308958268870153,1.9703428234435039,2.283114131671974,2.216151614681275
2022-01-19,0.6921568588063501,0.7266538348996614,0.7973727223996306,0.9763325137301161,1.286737530966466,1.4800282270175928,1.7661390829150623,1.9591250081180611,1.9912026401552672,2.2618330647462663,2.2732310485804366
2022-01-20,0.6935004004868284,0.7489097570824458,0.8681878022806923,0.9850850052905861,1.3367844425305773,1.6064021326197335,1.8724458169981844,1.9388738586899803,1.971994424748851,2.318580216260747,2.2587017549219492
2022-01-21,0.7961421421342145,0.8257211243700968,0.8915346264290317,1.0407922337981121,1.3356473349469768,1.5919428218114526,1.8286115605632354,2.0114225496636715,2.009903226622607,2.328750163601722,2.1835879951323185
2022-01-22,0.7615433533517323,0.7673950436112578,0.8663678626932101,1.0015350928117235,1.3777579312625612,1.5991546528389302,1.8365376468353565,1.971582389737761,1.9766961260324518,2.2867793237244007,2.2694112790255225
2022-01-23,0.7863357848102016,0.7905169220908032,0.8805566982763597,0.9795497629861015,1.3617232717919499,1.6003161205972976,1.812740407216988,2.004600875855258,1.9429572749348367,2.3225378393801166,2.2547392443340386
2022-01-24,0.757417786593546,0.831226653149021,0.9172301572471973,1.0418316059202908,1.366345890971862,1.5659804396522343,1.928762789488603,2.0392961374460983,2.0020046690760873,2.323749804462759,2.289477462948846
2022-01-25,0.7995429537062376,0.8479652119314953,0.9106228403623008,1.1041558409311576,1.4067266835026366,1.6049159122599064,1.8485900058318043,2.0360740336868757,2.024871381846539,2.3485037288452344,2.3080758581609886
2022-01-26,0.8347864872399217,0.8653780883230201,0.9360915703250171,1.024249503183382,1.4292857326022774,1.6565624504376437,1.8996792508304587,1.9722749325437394,2.022884046042727,2.3141984767881674,2.2919392150766242
2022-01-27,0.8123892402467597,0.8637776097327248,1.0153040122492654,1.0568617865782914,1.3953519692361271,1.611562379690477,1.9358709012650062,2.0372324794439307,2.0045208156886907,2.3922306482387103,2.3423264471240777
2022-01-28,0.8735312850978584,0.8250598272713875,0.9590288337367361,1.0931122461137874,1.4258762249359862,1.5788450456948468,1.9316288933840922,2.058678227439446,1.99286643654089,2.38898987947681,2.293243589597791
2022-01-29,0.8594682959480723,0.9229774883188153,0.969711423493292,1.091818653992049,1.4081696661571175,1.6595967906370854,1.9275945129190397,2.0691142043519197,2.0399098209643522,2.3574113897416966,2.323538276899444
2022-01-30,0.8838539389587212,0.854103220518345,0.9749561589962372,1.0766909674667453,1.3771070752096626,1.6736850099700111,1.8886654225549873,2.018094214992943,2.0902003948786465,2.3685558220927754,2.3350854915074337
2022-01-31,0.8895650526630944,0.9119900035903981,1.0305313873814763,1.152450741129894,1.470103482988643,1.6934512851419234,1.9256820147829656,2.0408520799519656,2.1088384374513978,2.3776492269671605,2.3141162010119585
2022-02-01,0.9780940144922862,0.8946018883829199,1.0164979336134405,1.2009448703234669,1.4943153042770712,1.722608197821351,1.9657956385101563,2.0994073652940943,2.1146110095989648,2.365039341337582,2.3464563220935934
2022-02-02,0.9369315256329871,0.9295303893937166,1.016091446058245,1.1496927758113678,1.495788933729634,1.7311732012403498,1.946665999606566,2.055664605418459,2.0622763253172445,2.381686923657413,2.31126771400598
2022-02-03,0.9203204319766272,0.9554499862682256,1.0887615890411289,1.1290711276084926,1.4412416788817586,1.7310269786855246,1.9864353765558043,2.078414419283546,2.0598648195021987,2.3934386064085054,2.3224050189819248
2022-02-04,0.9913509330384501,0.9692714346381552,1.1051749408093494,1.1220302999209213,1.5009297652695242,1.7702773223137125,2.010775947934151,2.1435121849533414,2.1170472141162646,2.456446491786667,2.3016419124546568
2022-02-05,0.9445823717568359,0.9862456124896328,1.0579555914970213,1.1884681951190335,1.4565587914874734,1.6999204394712144,2.0291252366828325,2.103576789810502,2.128824384883199,2.44293055099839,2.3541545838461864
2022-02-06,1.0019195316991718,1.035872728163441,1.033272957793516,1.2260010091191271,1.5757834882919173,1.771637675739266,1.9733303730558691,2.0919280621405396,2.1293519069168743,2.4490019924662634,2.362527667764448
2022-02-07,0.9512247194789075,1.0148592485387509,1.1327170264864699,1.219223440782285,1.5136251672219116,1.7862413518835933,2.085821375228915,2.096070265469721,2.0644536805445366,2.4384501397578626,2.393968662423139
2022-02-08,0.9844479547802425,1.0076409333242493,1.0950988337459422,1.2169098055627234,1.595316125209859,1.7411392444794285,2.0526946856700063,2.1409960774924848,2.1063521523299715,2.4001830718800856,2.3881091784144726
2022-02-09,1.044397717358699,1.0575232643787518,1.1524281863524601,1.2112488069188492,1.5974118148305283,1.7440583763070083,2.0393106080523595,2.0995851305030664,2.138906445143755,2.4387699138099643,2.361579549295339
2022-02-10,1.0747658420150958,1.077844283050859,1.0826053776196516,1.2080402307052367,1.553335752878584,1.7775235234282845,2.0816845322506246,2.140675003377206,2.1618082756687835,2.475403031154045,2.340491310513502
2022-02-11,1.0717963495187217,1.0188177406692764,1.1814145693127291,1.2776605370342236,1.557625122746808,1.7907531020497456,2.129542926565931,2.1665589575363593,2.1775626104454604,2.414776798767094,2.3945009237640758
2022-02-12,1.0771545649982646,1.086981753792166,1.1311603320450054,1.2917801150185133,1.6133138110952943,1.8438410267355354,2.0249483162522735,2.2039558903539263,2.166180477859474,2.477820944850728,2.420482682043728
2022-02-13,1.0854865351243022,1.1034382672175438,1.2022094474764489,1.2296815082162034,1.5886071196576692,1.8133841162186648,2.0708292783671296,2.1933804779654418,2.1790444276629612,2.534566068137169,2.415426779549641
2022-02-14,1.0639881112501608,1.086750568668717,1.1934393686129434,1.3353737515399375,1.6280868242675965,1.8166555322627476,2.01566044363165,2.1602588455050515,2.178894168412016,2.5028701096575414,2.4308836388319017
2022-02-15,1.1005025494716174,1.1501555401490209,1.1770526131939865,1.3164658524551327,1.6215453481303186,1.834467623779903,2.1021691019126076,2.2253150555125054,2.204103977264575,2.519529190157307,2.397538090180714
2022-02-16,1.1219642058260264,1.1175233456004805,1.2060555680802891,1.3527377853357385,1.593556837804032,1.8967922045192636,2.1166783502656643,2.189214360394758,2.2000690695791816,2.4897165510609915,2.3954094637590937
2022-02-17,1.1811152531743292,1.1388680723055344,1.251389524723716,1.281934523187714,1.5909835073821599,1.873988041500829,2.1138202614334904,2.1693224188625435,2.199764023952697,2.518228237241481,2.3927824305252043
2022-02-18,1.173262344717846,1.1429206852655016,1.2464487175507,1.2926152472212302,1.6755495433017569,1.878530529049437,2.1045901406066454,2.209382994885081,2.196811259615374,2.473644815085325,2.4186625614807635
2022-02-19,1.1235499982749166,1.1615297160902855,1.273215875804059,1.3404566905509514,1.6627001791810943,1.8908678883370242,2.071924901266492,2.2657976962405986,2.2143336464115877,2.5250131014846353,2.423400604962377
2022-02-20,1.199587472642878,1.1410621316567986,1.32732903250174,1.3712902091783725,1.673699412566713,1.9431393478065535,2.153754409684352,2.2356764620891876,2.233427863357659,2.526692627419545,2.437346742956516
2022-02-21,1.1916736713591176,1.143576471692636,1.2334026082179914,1.4213243980548478,1.72186134693871,1.8920621383666574,2.19530404147993,2.2391203796900796,2.2338727022248435,2.5216494925767474,2.4326250920434105
2022-02-22,1.1962181425050802,1.247381328995978,1.3410829289332575,1.3997896682685929,1.746830943738082,1.9641132987522822,2.1429582455220157,2.2958458977050444,2.2441950900842564,2.5582912692953936,2.4378225893970056
2022-02-23,1.2481152238640658,1.186847025900915,1.307877475627786,1.3824482215009788,1.7140432493161104,1.9410254110762348,2.1828941822825336,2.2117336013034565,2.2799377648588743,2.508474426186167,2.42382808088405
2022-02-24,1.273874472489981,1.195166198314481,1.2899079293315445,1.3700073385173974,1.7225439355231464,1.93991279725425,2.1316080132770447,2.224011333224199,2.2544611882943153,2.5248215090838437,2.4806452869676665
2022-02-25,1.2840037683836423,1.1729016442412203,1.2890319217163377,1.4487173133484328,1.7582595699994503,2.029720276783238,2.2012856194343358,2.221969799072906,2.233851203266067,2.539060985799362,2.4599306492651
2022-02-26,1.243951912052384,1.2308739765648806,1.3352836085187572,1.3938448399625516,1.712992326890588,1.93294560053412,2.1846420987887427,2.289451795808489,2.286609336286917,2.5110415860674147,2.4576109884180406
2022-02-27,1.2728581665030394,1.222834510373839,1.3805693739312859,1.482559260011698,1.7707924614084471,1.9638799633764943,2.1824033304403936,2.2910559955669108,2.225860584418365,2.5544398256574166,2.4456016561434213
2022-02-28,1.3050223658539477,1.3242176867730102,1.3610035274146717,1.4360439996519592,1.7910048873518976,1.9473481400793915,2.1912557061319844,2.3400942445010187,2.241115290174603,2.5017353173223236,2.4332186054562848
2022-03-01,1.3372453329636602,1.3176281533063678,1.4220229500096089,1.5031150872329226,1.8051591927830157,2.022680807122671,2.2110079234977946,2.3088298462250867,2.2903103348047846,2.590352875848228,2.5175378270679616
2022-03-02,1.3064435953195073,1.2790126194103228,1.3449601663748962,1.4865399903997982,1.7369077779337345,2.0545243343291473,2.24299828041195,2.2970771807783716,2.302370410217925,2.565954245802884,2.5000325933606478
2022-03-03,1.3280349312857518,1.379501446293946,1.3998893752461858,1.4727895220941947,1.782382400231151,2.063644413315509,2.200829176933406,2.3168952622515153,2.256137222455953,2.5545093151398612,2.439742238527826
2022-03-04,1.3131472455907935,1.3536009798559823,1.374386932349101,1.4719982853972304,1.78904299940257,2.0599200800169144,2.2369095983460183,2.3279757217174026,2.2885814156044906,2.5506561725357595,2.516392370361163
2022-03-05,1.3231310627841006,1.326571741417539,1.434525060817824,1.4879877108512465,1.828510977220182,2.0268851759703037,2.256168479496762,2.2818586374694454,2.2884278035352543,2.5741717904458223,2.5261830178576687
2022-03-06,1.3960210083198108,1.2734528052715692,1.4618313414904867,1.5216537066984073,1.8500162863899812,2.0314264627420373,2.2329920014703597,2.4208526136759447,2.298521860799033,2.607349427948236,2.507222663363883
2022-03-07,1.4249090230643782,1.4292317544381157,1.4341622785031019,1.5216631373063447,1.8905314096963326,2.001776659351271,2.3283750186826238,2.36263450328171,2.347909616133121,2.6085971623133397,2.5563899748769052
2022-03-08,1.3945873138123372,1.330835571506022,1.3801714578592987,1.5120337874144167,1.8407742932946185,2.122474591810297,2.2573437774513687,2.360799147192252,2.3472443179563567,2.5764332717299507,2.519876127461174
2022-03-09,1.439329177146471,1.3351313615176514,1.4757319020469013,1.5353347827667738,1.8506466838436746,2.0849133348540536,2.2713011525338906,2.380379446904549,2.331891129413877,2.5776238720639557,2.475770490120957
2022-03-10,1.4324981736911542,1.427092850543602,1.494284538778906,1.5530729824056506,1.9099724767240263,2.0654902536551676,2.2704330115937523,2.390597868793201,2.3224699708493306,2.6280890791395435,2.534103832624991
2022-03-11,1.414672268251985,1.4814830673840178,1.5046839721463912,1.4972223752724978,1.8942463405645522,2.129455373381953,2.362097337933889,2.3724555993620746,2.304711982427945,2.5920603190035,2.5353422944970334
2022-03-12,1.4571958812388295,1.4616462746442078,1.5409556328588725,1.5851553645784997,1.933203943485793,2.0697555396626695,2.3330537860540845,2.36505754913951,2.3941284854208202,2.620848384510378,2.5147162628399635
2022-03-13,1.5047751502232503,1.448816274733668,1.4830323386454518,1.552302208099071,1.9136206328336962,2.120422401672908,2.29665587626457,2.409267052847182,2.375576845071731,2.6280559631445635,2.554815036877984
2022-03-14,1.4697916895481962,1.461476323831864,1.54680739960583,1.5573353900669662,1.8799890864621511,2.1122909338552356,2.3661912003705816,2.4101100245415474,2.3428730719242314,2.63896945471905,2.492344855641933
2022-03-15,1.5299910510604724,1.480925086667324,1.573368723796117,1.5515149250441818,1.8844122833320316,2.145837326689638,2.3472397303576202,2.381463823591997,2.3918902685291514,2.6605921535415864,2.576831923977277
2022-03-16,1.4165979752057318,1.4897340782304094,1.4953844852249931,1.5584771222259162,1.887524421898567,2.133938475403133,2.3571150686288265,2.4555203187532633,2.374394326211771,2.602163931139754,2.5254850603459924
2022-03-17,1.5319397578081195,1.4870006673341423,1.5694367213308282,1.5817482253362862,1.963555447410607,2.101448297572714,2.347206301919873,2.428905663148532,2.374056300789368,2.58789929005382,2.526967927996322
2022-03-18,1.5219406563406124,1.49324518376991,1.5557836620790102,1.6112182409960984,1.9889366807755098,2.1563359736208874,2.3431660155478498,2.4491228887403604,2.401864466436793,2.633364514867027,2.55776309649254
2022-03-19,1.5223602219320442,1.4997515133443076,1.5794824917235168,1.7011236755129095,2.0183056303639773,2.19458955511392,2.383854343299843,2.476076716429149,2.372671871771916,2.7095604009748095,2.578802601316426
2022-03-20,1.5460395197392085,1.4904768557069548,1.6033351848089168,1.6367466938855335,1.9976253410618985,2.1712647858463936,2.3654068549817686,2.442034330376204,2.390683164015579,2.721279276463127,2.57534087229812
2022-03-21,1.4955713487970959,1.5160987472974594,1.589222726048396,1.6678132528965235,2.016686490402872,2.2043753700928352,2.4442657520690956,2.4579128101280463,2.4106892485811886,2.720621897458859,2.552727391787051
2022-03-22,1.5604758463474464,1.4851106035788357,1.5944613706519741,1.684413664666263,1.973832038113588,2.1586999485451024,2.3596537100022816,2.479699870359009,2.3980821274615196,2.664942832259506,2.5643828995786957
2022-03-23,1.5896032267402922,1.5442869041762082,1.6266089088898026,1.6862107787218592,1.9659335920181793,2.1981854861075103,2.451752499861476,2.4406164509320485,2.4391293265242977,2.622287804526949,2.550107229950281
2022-03-24,1.63500716258295,1.5288749884794683,1.6037777239814035,1.6897965592320905,2.0354846234796886,2.1891093103077965,2.4102298194031024,2.470915695658999,2.48109090179055,2.61045249453723,2.5818656509911806
2022-03-25,1.586859749282755,1.536678875019633,1.6145904993746925,1.6660638377435544,2.0318317719238554,2.2390894732649564,2.4304100174927323,2.479961300481917,2.408323296314452,2.6672884928564673,2.625338972843419
2022-03-26,1.5898479563912113,1.5863957700956486,1.6782763251327764,1.7552153152585317,2.031807001123419,2.2264245978440895,2.4542669461411863,2.4543828187578756,2.3869031785853303,2.684707090736045,2.5974175925942466
2022-03-27,1.6107027206227855,1.6339303114962584,1.63412123282676,1.7756305751418542,2.049450631227306,2.254946508074014,2.4181664408849812,2.559432645346528,2.3826809586132214,2.734581547620386,2.62776002420709
2022-03-28,1.6648282805164716,1.6308502873663933,1.699224736414515,1.680624744965387,2.056734642463728,2.275604962975633,2.470770246133685,2.454493135689783,2.4440670391515344,2.7264843915844867,2.650046840130914
2022-03-29,1.6587980061714471,1.5672759037635342,1.7037241096484212,1.7100364111173572,2.094727223630128,2.272416724078736,2.3713527491448048,2.464546845676771,2.434505923064746,2.7121339111194263,2.5931266521691416
2022-03-30,1.6445707415574253,1.595752129547799,1.6486441977556638,1.7419789412970168,2.1042002450873083,2.2685216565460813,2.4386832694695593,2.54966460468627,2.46642847439612,2.683452168184818,2.609527739695864
2022-03-31,1.6873488075629341,1.6646744083755318,1.6906248213321682,1.731016603387636,2.090779835971504,2.239007345812304,2.4402328056801186,2.5383536537569507,2.4699345727265416,2.686134232151116,2.68459389289669
2022-04-01,1.6863098487793344,1.6179475214427481,1.757270046290323,1.784674972702586,2.1088947132258022,2.2774616646789116,2.4379893095277745,2.492864787274512,2.423596468300521,2.7273660462110954,2.667097138908355
2022-04-02,1.723863445115644,1.6516149109658778,1.7024687495977298,1.7571551695919845,2.107975022303057,2.2701102437359704,2.476753930786339,2.5485208665140213,2.4229553013087908,2.7454129656906874,2.5778791106172565
2022-04-03,1.6851092417210243,1.6857484391078892,1.7283907898676791,1.8534266829707748,2.087715950575346,2.2843051654350663,2.50235166638126,2.5809667638853444,2.491961330945424,2.740991854802024,2.6439259080162922
2022-04-04,1.7076682023920833,1.6510510351126217,1.7665664975246027,1.8336277324943828,2.1332115168799834,2.2918818540785972,2.5194042824931127,2.5426231947472537,2.492800555453791,2.7029063555610215,2.6365643960879273
2022-04-05,1.7170228713282103,1.6940789590172656,1.7865509870220762,1.813689648483988,2.0776091534099557,2.282177816142977,2.5130650419238805,2.628066582031528,2.481590510899717,2.758148235535899,2.665553377908611
2022-04-06,1.6961298542011654,1.6616753942725053,1.7658108490136393,1.8474883164444111,2.159956331588618,2.2612802838206445,2.493351350497703,2.5049220130683127,2.4502512727902297,2.7560646223070866,2.6225987867444154
2022-04-07,1.7601295531764176,1.694396040555245,1.7657028890423336,1.8591874576324043,2.101365881718005,2.3083484034704544,2.5318454380736446,2.5839718985732647,2.519681182859044,2.7158017028089914,2.623924568842778
2022-04-08,1.770250016080768,1.7327341870912998,1.836534196069632,1.8183894178802347,2.1546043122774767,2.342553968383012,2.531925897974119,2.6046379195185283,2.5492437980979217,2.7290019249295008,2.632971803731353
2022-04-09,1.773706258485345,1.6860176256000083,1.8562290103397736,1.820084668729362,2.1294711501327237,2.304635040342571,2.5636712023832513,2.602839000033103,2.5249473218312883,2.7777718935013422,2.6402137406984303
2022-04-10,1.7776121323292022,1.7576517366721527,1.8435909842596787,1.8561450310310823,2.1801901568371096,2.35384670264191,2.5662598330414745,2.5763965565599274,2.4966785080481126,2.754642995116456,2.6859256943779877
2022-04-11,1.7532482192083942,1.754442063253844,1.8269125972503333,1.8888458482117965,2.171300863450759,2.4186485287096633,2.551198479901429,2.5802146545269515,2.528908175457896,2.8138897410433312,2.6301011425515095
2022-04-12,1.794112587702123,1.7821635401889775,1.8101977640786149,1.8763313360302043,2.1331737394970807,2.400565009070928,2.5306695105712818,2.6086252442314963,2.4920312550136265,2.7857623440663333,2.6509069429569965
2022-04-13,1.8074364342022762,1.7828281461325575,1.8195902423264592,1.8339793848825026,2.202303120691325,2.4273812294469246,2.5452721843234234,2.6261190284230245,2.5701709200637026,2.760618867827937,2.619940284171111
2022-04-14,1.8045990945686798,1.827521345208583,1.87020227513138,1.866301557982961,2.180978387660544,2.3979795669375474,2.555611489168503,2.6260388123741936,2.546279378649688,2.7793773199301524,2.707826742308291
2022-04-15,1.834742307891737,1.8008050996665672,1.8770677965592033,1.8972316347155365,2.233352707593181,2.429411086003786,2.5698627719875304,2.6454574694196444,2.496145996034071,2.7860271758566246,2.71972406240584
2022-04-16,1.8625800971406854,1.7945825443022918,1.9165188074242425,1.9062131597056748,2.215529037597282,2.3807764641210163,2.594549197062343,2.589953863722249,2.545512009820541,2.7666928094361998,2.675738455007338
2022-04-17,1.9178863672959519,1.821515386137753,1.9039056346100176,1.976659738711925,2.2358917737570208,2.3912446069718682,2.6151213882606674,2.619924368757413,2.5737478850124464,2.765562535334388,2.6805473711224685
2022-04-18,1.877345170349108,1.8444928473129132,1.8491875678666962,1.8848724796028586,2.203811119702041,2.3364500526460428,2.599262838995043,2.6047680627771297,2.5551492530669146,2.8183545194658026,2.706995550197674
2022-04-19,1.8906065198777535,1.8399731387113956,1.935693093578866,1.9505569991933627,2.2233366834410195,2.462228343050663,2.6083823793575167,2.6275699093290257,2.5621310778595126,2.827020805305088,2.7415243950607273
2022-04-20,1.8913842284479843,1.8500047918200253,1.8840146574274161,1.9889687398225768,2.2357056226526355,2.480843936293204,2.6192722763744873,2.675768584304796,2.5389187616648274,2.8241031422887137,2.7134174557919826
2022-04-21,1.8467577914832503,1.8379735586021182,1.91222655237185,2.0213139454813036,2.2835839088199954,2.4259998983464004,2.6065428189010476,2.654684258504973,2.597865733083865,2.855753808889328,2.68408038907946
2022-04-22,1.914194856349434,1.8493594027762408,1.9410085941801791,1.949882980676827,2.316592373696369,2.4429086675601464,2.6012777664024926,2.7357576244059914,2.566610088890642,2.798323283190585,2.6602679608011988
2022-04-23,1.9274328444396722,1.8373485353696726,2.0030974735994045,1.9855718432519358,2.2504745625002656,2.435814607024045,2.583368844279897,2.669435682979354,2.5265416414179556,2.8690646364746843,2.679183480994868
2022-04-24,2.010125486025642,1.9420616905258923,2.0462181104896455,1.9967056956838454,2.315264494886817,2.4777848226706123,2.6221430665423826,2.671480634860482,2.585244488481379,2.7960469072032677,2.718617289848467
2022-04-25,1.9410265953302492,1.8623739068717764,1.980783875367433,1.9942313948596102,2.2261690000410725,2.507899678591773,2.6641308251503744,2.6789067084552114,2.63094047165878,2.7969101726102785,2.7005232934751415
2022-04-26,1.9663802615077561,1.8889860744732547,1.9667167210149048,1.9941260418781057,2.2637051050519004,2.429687017037622,2.635761611451635,2.662593472145792,2.5949986278723602,2.77868652314465,2.729773709958234
2022-04-27,1.9667964188599707,1.8982727397987846,1.99784731303501,2.01886577689506,2.279010347339188,2.5020440427587918,2.656601047346211,2.685974531727126,2.663823551281625,2.8222845139425803,2.71105783868503
2022-04-28,1.9432491739498912,1.9566930078467168,2.0180107007745054,1.938485178361513,2.2754130616947883,2.4892239306863426,2.6845885453800995,2.727500770490892,2.6296076910538115,2.824698505412285,2.6996015440382433
2022-04-29,2.023034054049138,1.9309859873867208,1.9912995570905603,2.043551886802743,2.276667258529031,2.508661850103453,2.693050919480721,2.7030195708754614,2.6319334119436277,2.859719001726444,2.699715042497007
2022-04-30,2.0217156259280737,1.9872251150936826,2.0642844115568404,2.0354838439213303,2.344723692141605,2.5267387627937,2.651853393110491,2.6817060227109684,2.6229283025619448,2.8553674147200865,2.78555653971867
2022-05-01,2.0332655693415536,1.939515975505797,2.026808900311706,2.0336046972383173,2.3340429965126797,2.5150050375841815,2.7209350580466767,2.68364290534441,2.629719024331541,2.8163505760395964,2.7689954929485308
2022-05-02,1.992598974286763,1.9779881193808548,2.044288283770419,2.110237250136335,2.3599512427764378,2.525199171829647,2.7316026732795566,2.7037515070159883,2.62883024787945,2.8444265629473326,2.797861585238482
2022-05-03,2.0722797262172477,1.9544255356877607,2.0587537252435766,2.0371080779110033,2.377360329454754,2.5295199442408585,2.6706208043437183,2.7253123038853793,2.632608419883354,2.849112741805977,2.7657451798576496
2022-05-04,1.9984252774847633,2.0536784206650234,2.060814682613546,2.0537610795497407,2.3726650064801573,2.57264912020192,2.686510802985617,2.7647197800657195,2.662524473790026,2.8110052664457346,2.740228129059436
2022-05-05,2.068341350412949,1.9635046356642525,2.0826977538854226,2.134070039209869,2.392453286064434,2.5636801402199443,2.753643963182898,2.694490484719912,2.62342410833958,2.8388645446952885,2.7963901248165843
2022-05-06,2.126674353294354,2.0182067887206525,2.0483460547112204,2.057804776949706,2.3786321304017193,2.5652870880148955,2.7201669420326886,2.730880725121258,2.6241016643837654,2.8491570361146437,2.759240887886
2022-05-07,2.0414401640650035,2.037676287585107,2.0594206558769828,2.0746797046837067,2.35308008886085,2.528068066215474,2.6646167341011258,2.750552827784173,2.6275411303512985,2.9192591871486275,2.7703824170009295
2022-05-08,2.0643337180761803,2.0407993000798097,2.0524433773591158,2.095162596029344,2.428370461348894,2.562341320819877,2.6958336223582937,2.696938248855394,2.727444412698594,2.8859436521310027,2.765978076472018
2022-05-09,2.0944497191897837,2.0325208742657774,2.1078838667456696,2.1331595158808567,2.3868834432284904,2.6081362078170534,2.736933695841611,2.732645487697701,2.6868023748267182,2.9039958019849337,2.6823429385829423
2022-05-10,2.0864648751347983,2.0438511903675662,2.127290573066219,2.122509886384025,2.384384588801838,2.5897600415597135,2.7160911980600284,2.7429391545790516,2.684823910024112,2.843083412261801,2.8223611941464086
2022-05-11,2.0651299535798544,2.0586988938479656,2.1268524288499036,2.085809868804287,2.414985786121477,2.6158439596600367,2.745124688806778,2.745117677063864,2.6487407345240843,2.927761995476815,2.792400372541882
2022-05-12,2.123759510610326,2.0625859605132155,2.1725241927584222,2.1169111612560307,2.4007852897668767,2.656458370551526,2.7650217013440552,2.7803932996760476,2.7039236807374936,2.9348432719998216,2.7909983011310797
2022-05-13,2.099858636679391,2.1054969000345363,2.1312654244053326,2.122918228852867,2.4234687288290653,2.642002600804527,2.814417613728334,2.7754387442012676,2.686463948971751,2.839716297230041,2.782666142815778
2022-05-14,2.1559333192920453,2.152454061212548,2.1606134456244006,2.1470602141835675,2.45411128797898,2.6209972452548853,2.7683145272206935,2.76919521121313,2.701104512108748,2.882345591740954,2.7928207528618305
2022-05-15,2.124113599798228,2.078945105513223,2.1168923650174953,2.1703657655370017,2.462014240193707,2.6102078451486674,2.8156608387181543,2.8042705280039826,2.670080104207929,2.9221987453507334,2.7733809423230973
2022-05-16,2.208138433148323,2.064081206473196,2.147097199649109,2.178326153125524,2.432379973318888,2.556243282292752,2.832782364761076,2.848681591154904,2.7088672050735876,2.9304605826827497,2.813161204508595
2022-05-17,2.1480604826125,2.1120065267779333,2.1886180278013283,2.1206653561446704,2.452411454423544,2.635087974783705,2.83936262623022,2.8517048453436775,2.696005957386998,2.8945599353103435,2.75879873373887
2022-05-18,2.171787835930596,2.201500524008421,2.2022418696631103,2.214006160891691,2.506977483869997,2.6376266813144094,2.811268818914531,2.7503621528751427,2.6903960962501565,2.909518571993502,2.8069251713212533
2022-05-19,2.2157210320043403,2.1094281345217043,2.1769422192084167,2.1977840051733324,2.4973217994029975,2.6663636377803868,2.7501996896684475,2.830856241773762,2.7400129784880174,2.904514068737537,2.8215055607635704
2022-05-20,2.164229969415696,2.192116185220584,2.192581485650068,2.239838988930721,2.552341760831908,2.6572594349907583,2.82927490205921,2.8136830216922726,2.676466050435383,2.929483390396761,2.8019975571222377
2022-05-21,2.217794945997269,2.2026535076002527,2.158137605996349,2.219702438653121,2.5331316692654604,2.6594676074889247,2.8532338263440624,2.829139160433244,2.7441304585143356,2.9658051969663957,2.822367210015483
2022-05-22,2.2599758624614594,2.145070442499558,2.201883723644411,2.247467308236304,2.5396729214788407,2.622878671424637,2.8256616460124135,2.817978188004822,2.75229428285331,2.9104614539681064,2.7847691968331265
2022-05-23,2.1823030156151466,2.1880793059862857,2.248203609475065,2.236453075830462,2.4713029609320274,2.655222283529943,2.8867234364241896,2.838878181136035,2.7099258138903686,2.9673043410074453,2.788787223906257
2022-05-24,2.2458082812057425,2.229169867280297,2.247622822206306,2.2708508506825256,2.543428591682113,2.7048610154937944,2.866453897387137,2.845298518698608,2.7162438492558083,2.917500947192711,2.8281013261305765
2022-05-25,2.2577836419857427,2.1782290372553272,2.25423855245305,2.2541175225454695,2.5264725107406902,2.7491586550522404,2.863961050086166,2.828775718704437,2.7386849236402364,2.9191783003566445,2.8445793176968444
2022-05-26,2.283136197745385,2.192757421271044,2.249541363171593,2.2434773361269755,2.5190686598961642,2.7018556729719925,2.885739496784635,2.8246236899778023,2.7583424436905224,2.972805836891051,2.771185349157752
2022-05-27,2.232244126104125,2.1906537456446813,2.25706759345466,2.322531791574567,2.548150735809809,2.7216961334337304,2.86936594802968,2.8434070332786145,2.7497853052681185,2.97953209762812,2.8462861509738877
2022-05-28,2.2393871898054236,2.1868785081603854,2.245831897780188,2.288953289399226,2.5789588436523934,2.7474971642058525,2.7907791482818465,2.8692318849638485,2.7718516246023404,2.981027692665902,2.8175096714349523
2022-05-29,2.3042848042108863,2.2070379353019884,2.2953708186716337,2.287397707518867,2.573100027030449,2.7016379656259044,2.856770023990978,2.885493491608795,2.816192399757566,2.919608496758077,2.831187940796988
2022-05-30,2.307139518908461,2.198971439175913,2.2957785039777785,2.2397795200845767,2.5391741070077805,2.743992410813921,2.9138223672674237,2.898427132704823,2.7525144972447575,2.948686807911718,2.799939468014244
2022-05-31,2.315326263037787,2.245864190945216,2.306632461707252,2.2472830864836193,2.5952362917853318,2.7177780305576174,2.8598254122846907,2.8632878705356894,2.720718590846651,2.9909240664679104,2.817716100872238
2022-06-01,2.327764825644677,2.230873504935968,2.2847929790956596,2.302558133855861,2.5612503656372856,2.7729240475622543,2.883477784266335,2.8918999414584436,2.8013649569461996,2.971036149688116,2.875374976745068
2022-06-02,2.3065092689492523,2.270096591286816,2.2446557296734437,2.305967659875601,2.5942755208479698,2.75849012205408,2.864948947871409,2.9175151217200734,2.8314854879122735,2.9411212719214976,2.8504909618633145
2022-06-03,2.3433953092288595,2.225496076304646,2.350832774420091,2.290985010870681,2.586053433173341,2.769852736993824,2.9559073551838844,2.9288480189356054,2.7971537177262653,2.990610699761945,2.8411230569136205
2022-06-04,2.3547169444430303,2.2911692274246547,2.3121957469921206,2.3214264520890358,2.595949033762756,2.7443551136064186,2.9589139456798184,2.897340286761634,2.7571089125532713,2.9589332554724392,2.8522008728774035
2022-06-05,2.333971012200271,2.315298831086595,2.3093010968142993,2.37262599257143,2.632845881478602,2.7959609705129758,2.888016747864961,2.8976876779655245,2.7903816738111864,3.037717005154539,2.8734490219399667
2022-06-06,2.42083161608083,2.2395116264056374,2.3645933779764943,2.3535817147281697,2.585979143833477,2.8441916580011775,2.924999840248506,2.915245257124512,2.7648864554556574,3.03371803372714,2.875052939675786
2022-06-07,2.3885105653797405,2.3195570431497345,2.3406147351586544,2.3062243956674866,2.682850271490297,2.758296836701063,2.9061989027348294,2.8802020365846697,2.8220584621943208,3.00897525676994,2.8626412922692897
2022-06-08,2.3479743708472736,2.3541583089616114,2.3927410941328713,2.344827264645303,2.577154710804816,2.785209286078285,2.9510799223267705,2.914052824672883,2.7665519247711137,3.035150364843279,2.9007237004511457
2022-06-09,2.4128090135161915,2.2900134708870925,2.388003176125782,2.3317245955942076,2.6211338557127912,2.8092024066261314,2.9539252670996623,2.94735295911789,2.802392095940154,2.999720292430005,2.900080727224156
2022-06-10,2.3732522470373505,2.3854362312958024,2.3985325019331873,2.351927149837918,2.657430866574928,2.832683058783052,2.9689747646645777,2.9494147364924928,2.785558912913367,3.0241848976264367,2.8863892962156
2022-06-11,2.4354672208375057,2.3567682114983493,2.345561928373488,2.3588180467248856,2.67109890017897,2.7991260451193622,2.960555904093555,2.927176239515672,2.8237749251849094,3.0489877104741936,2.878637413594569
2022-06-12,2.4559565610189047,2.331968418058633,2.43139717337568,2.364549646501372,2.6577848224450427,2.737728265440614,3.0446215205019547,2.94693104050832,2.813249404326977,3.0154447752603435,2.899719527742803
2022-06-13,2.4059045923153706,2.360349712963078,2.4113580246567135,2.348861894414271,2.6662919579103144,2.8702870872521693,2.9316691363307017,2.9207627859260787,2.8338006060860823,3.003837574696921,2.892418935923273
2022-06-14,2.468735403463281,2.3876598116474717,2.4009075747803026,2.3903080178838794,2.687530045575122,2.8591046112886858,2.9171230964398034,2.9716977308913854,2.8334152524653624,2.9637578464427947,2.917796392028155
2022-06-15,2.4615096270368935,2.382060921043457,2.4247369733936397,2.3849262104125253,2.6754669152665005,2.7907651337479176,2.962569973786047,2.9533371568675695,2.807381149264513,3.0157960344691643,2.9159314416152453
2022-06-16,2.4830634381777266,2.4047980590005356,2.3755820680894484,2.3214531560748353,2.7313658003622034,2.8315770447200226,2.933231952205107,2.9524605483195367,2.8600128954747968,3.0463767708043012,2.8613602040741526
2022-06-17,2.5245645442110356,2.369853985268411,2.449547215734587,2.4785036687839646,2.721908419805237,2.903586857593483,2.9413943932662323,2.9549434229423586,2.8439590451286154,3.0534178941696863,2.8622834345497807
2022-06-18,2.4695422525726243,2.4113783546475984,2.41481001855486,2.4571415211744334,2.7300567959519078,2.906699591849281,2.9620135274172172,2.9689534187837716,2.8199716323024013,3.043545722257542,2.8767709178276735
2022-06-19,2.4635193051889765,2.3726942841038783,2.4134999393270484,2.4207396839372564,2.6820183328752196,2.898136564148027,2.9702603540873627,2.962438349685005,2.92105113350179,3.015533021749401,2.9300304841916023
2022-06-20,2.4686581367847253,2.4205623076704676,2.41678383376183,2.4401302205154587,2.715739516128507,2.8713933156793203,2.9751491853144896,3.0006430591279423,2.872302712724254,2.9758162003291875,2.8563870973319156
2022-06-21,2.4800664588170718,2.4055607413355764,2.5041958250427037,2.411939949800449,2.71621280497184,2.885853609211322,3.0251849615872786,2.9740542930604015,2.8575893893258772,3.023605159414685,2.9184415372415526
2022-06-22,2.5114102644246277,2.419376792995159,2.46028416502787,2.505472504304582,2.7021521522653726,2.8861117949480746,3.0002926484009005,3.0387059942458836,2.9088119582977194,3.032664227496648,2.920390241926857
2022-06-23,2.533126106254611,2.4872763757512923,2.533507445277342,2.5190183417927745,2.7502066399528213,2.9305509414173807,3.015922377642876,3.039868196963226,2.925770417110117,3.0357321467825527,2.9473014910437065
2022-06-24,2.5403465173179214,2.491670270560348,2.4797420966554506,2.474287299603412,2.7303422886271207,2.877081562770161,3.05395416540904,2.9741512246873745,2.870307393922591,3.066994914510343,2.9207335581254203
2022-06-25,2.5660018839185383,2.485929322675722,2.4529032329217677,2.5077674761772135,2.773192464348209,2.8858251524072247,3.009947051512406,3.0079654405408247,2.8892338222530864,3.111319775192586,2.877921993745673
2022-06-26,2.5507037144893157,2.4435971619854304,2.478923698919778,2.489783809871514,2.728472346809296,2.9469392184938354,3.0308003783128723,2.991322831019187,2.8533082195044432,3.0587599544850232,2.8923263168029765
2022-06-27,2.6030339604850794,2.47557313881787,2.557777195047277,2.4518759915574986,2.8191864272473857,2.921921819335138,3.055500370859981,3.0060030526582433,2.8826616053075695,3.051850342432624,2.8885298845887375
2022-06-28,2.5605898532622184,2.5301449794963293,2.5242975933964504,2.4870648181408335,2.747752029689578,2.9712185203485504,2.9920624461415226,3.0808272846646663,2.8852275644977188,3.053867767195585,2.9107285928333106
2022-06-29,2.6592239229635815,2.506678347704357,2.5207862137297083,2.510808656286118,2.7882378797282383,2.9163214357320757,2.984535621331508,3.0164716287450846,2.900859566925741,3.0686622835828556,2.924251685882173
2022-06-30,2.6054661570966604,2.5806699801542656,2.550284598021504,2.500635534265826,2.812421702430876,2.9414165296001746,3.072231314856481,3.041442490687081,2.9094064385160787,3.0433627259287257,2.897642250243651
2022-07-01,2.5700470263830573,2.5315416702963693,2.5687759992385573,2.5151236829084636,2.778544450364503,2.9219716557641804,3.08236523780449,3.0518052122857156,2.920321191008293,3.075093058383817,2.9795873433799964
2022-07-02,2.5726892502719885,2.5341447622347983,2.595472516743447,2.5263430925936508,2.8282264021481884,2.956440486814182,3.1352807374695986,3.0104697793020803,2.9147524672181264,3.0882820846716332,2.8985665369493816
2022-07-03,2.628333452778216,2.527740385137956,2.6136234547039288,2.5340513203573973,2.7727567661024595,2.9184304646696178,3.0838389165418065,3.0197524035197465,2.875392186439368,3.084314244631698,2.981561364183448
2022-07-04,2.616187961249282,2.5496404566683424,2.5675835548670176,2.5454291383872465,2.860167299363615,2.9547171504753056,3.109423114053329,3.014135020824975,2.8876464482266178,3.095011488850626,2.9795825064894794
2022-07-05,2.653334059022562,2.549670567614632,2.546793850629837,2.5194183662328973,2.8239916146800166,2.9328101392894497,3.084694812942212,3.028641107245355,2.9034892376908763,3.0975551315677405,2.9738223982842045
2022-07-06,2.6551233318004437,2.584088760575081,2.5823608426519122,2.5370929074341446,2.812630346880103,3.0032596833260934,3.105197397400281,2.9746182718955856,2.9154905518397767,3.0346394635524527,2.9289026630061303
2022-07-07,2.647743777577166,2.600138132422437,2.6107538960778136,2.527424788832782,2.828495281592685,3.010476832920026,3.152013693903177,3.081350296597954,2.9595528892117633,3.110152601172916,2.9628284407580887
2022-07-08,2.6335178808221746,2.556439986471693,2.5822048804233186,2.602648070545632,2.8686791600595316,2.9436016779859253,3.043985731202096,3.131527286828956,2.897209257831096,3.0741629379122193,2.917070227198279
2022-07-09,2.622460249892654,2.5486566523186083,2.5905670877706024,2.5174881555464674,2.8338118793382763,3.0420500847509184,3.1258179486972755,3.079220031725445,2.925438906693451,3.0646621318326774,2.98555249206592
2022-07-10,2.6634854393523675,2.5420731310218208,2.637751332961958,2.6226022154160518,2.8357921787344016,3.083473767510222,3.1831757242210306,3.037176865139574,2.968812024467296,3.0676449932863075,2.958837408976411
2022-07-11,2.7115396389284476,2.620956680116756,2.634126634972902,2.6369152178591726,2.8585479032244105,3.0164434579646495,3.133262823360112,3.0652570357181044,2.9352825333914767,3.117023636361822,2.951607046820682
2022-07-12,2.7012291580797276,2.5811659018871578,2.644711364251274,2.593583145412552,2.8368002539554835,3.0023362438483963,3.1800079691852248,3.075645583570594,2.9621454670497323,3.1005768583708067,2.9300023151044168
2022-07-13,2.6663850527099133,2.5582227672261335,2.6291068939171423,2.5318721792101955,2.9336348780267048,3.1128007474619763,3.1172990031328727,3.0637523621892253,2.9481981821046603,3.060029917759805,2.895216066663933
2022-07-14,2.717896028560115,2.643002365367414,2.6530773922522184,2.606438909713184,2.8689307952826675,2.9949979845169397,3.1408944275349153,3.1249501444054935,2.964136975867192,3.1280634254970305,2.941210471777095
2022-07-15,2.7331963345185084,2.7146637628621844,2.6403837472237086,2.622659145138207,2.917770137774841,3.0416617924080582,3.148538267898757,3.1283142565834727,2.9536262073630404,3.0737660681784758,3.008575222183385
2022-07-16,2.704050441671327,2.6482139770666273,2.702931996402031,2.6015679767813453,2.905999965544109,3.0529344708690966,3.0866779496203014,3.07420200749746,2.984537404804766,3.1243799606893874,2.96593025673506
2022-07-17,2.7441007188815676,2.682067019156449,2.715393106184311,2.6237257347677465,2.877069595287233,3.0943833756349624,3.1238302726252796,3.135474699233607,2.9222172361173846,3.1305705565491646,2.9757590532852203
2022-07-18,2.7501517858482,2.667877538429113,2.6370541551834092,2.692379913772184,2.9133125499077672,3.071300493815819,3.131636338936227,3.164381237980796,2.9617117645775535,3.1532127040357927,3.003329155711461
2022-07-19,2.7230270381698007,2.670960804139624,2.672653514560224,2.6737093484963252,2.943892963637234,3.052025210014896,3.194868902490802,3.18050635956799,2.9855494869732087,3.1833255435276615,3.040656412907783
2022-07-20,2.7769547596954633,2.709999400880953,2.6637371962449223,2.6333080854788906,2.921603136363949,3.044921412811204,3.202033472105974,3.21423717464064,2.996703606400856,3.0921643941962635,3.0290607911279532
2022-07-21,2.791944338296351,2.682213559739974,2.6972220715937563,2.6203968016587584,2.9699191586824814,3.0696721092598964,3.191249844269135,3.1060709586253017,3.029521303911871,3.134760496668023,2.9629656557957587
2022-07-22,2.816506976185942,2.707433630687761,2.7223051445468145,2.665790608862072,2.9716430125487414,3.056186152311852,3.2119099047957187,3.222706275431744,2.9770417673837613,3.1312752932882426,2.9366846573713676
2022-07-23,2.8245194085209864,2.717548532704425,2.689400493486194,2.676470649813847,2.9754340503927152,3.0942936159051113,3.1879188770471276,3.1322016708907277,3.0371968185190275,3.1558093593592407,3.06857754811202
2022-07-24,2.76046074252521,2.696336588700448,2.7133119866617967,2.7050307141680876,2.940943514124814,3.082395810643006,3.234556603616639,3.1299016473606693,2.977081853713927,3.1524995891333583,3.0686877531009493
2022-07-25,2.7825374122267155,2.75461853550675,2.7189236454546943,2.681353068433078,2.9292023979731483,3.0609616392043852,3.204416629475009,3.1623353506353515,3.0407527749283245,3.138687198492856,3.009102295264318
2022-07-26,2.835000717088005,2.7280829841665257,2.7633319145449997,2.720023117515173,2.9500526198890764,3.1498967394968505,3.2115425228596917,3.1399089970053846,3.029459086420412,3.139272242552421,2.968166778638935
2022-07-27,2.843837179313758,2.7191307710546413,2.767262981003549,2.7699963222003365,2.9812084542715658,3.103770575401728,3.2074920222127954,3.174190175536132,2.981574144033839,3.122243425873353,3.038013272598727
2022-07-28,2.852745707125133,2.766366892945796,2.751596792141299,2.7436685916202084,2.998554483455583,3.0871140990030854,3.2416463596869023,3.1274651719311537,3.022233306886292,3.1886126194463964,3.0087145824965553
2022-07-29,2.961743916635778,2.7317834361651694,2.7866176054858474,2.72502133150727,2.923892348287144,3.126567220098095,3.214130037039862,3.164754430881875,3.0155309412833398,3.17599514920282,3.0114050937644
2022-07-30,2.8721536854114365,2.7680464754464627,2.772974708822519,2.728228738498032,2.9956539272160256,3.1401225408781555,3.2617124764845626,3.215335143468965,3.0398833555178593,3.192997004910958,3.0444717949050055
2022-07-31,2.8979565209370524,2.775389001535837,2.7892859378289097,2.7302814365203507,3.007497327008971,3.092133668185432,3.2041092351383784,3.17990791002398,3.0184676405209716,3.1593999434867617,3.030516089690754
2022-08-01,2.9013700478654494,2.8166992106724305,2.855698255143269,2.7836586172815365,3.0012854109553353,3.1609335173954043,3.210761297213445,3.190721355931147,3.0200007930327577,3.152257813215436,2.98776077868265
2022-08-02,2.9011503128290914,2.8068215778612244,2.853766518013445,2.7366773942510108,3.055207068384935,3.1260261817386583,3.2700078226229774,3.205586889280518,3.0743460797916997,3.1428679014797534,3.0164471510110795
2022-08-03,2.8810074882248977,2.8002868949219666,2.7826224046967063,2.764110799314958,3.0359796583926975,3.215229258561107,3.252386344088318,3.2313067956457626,3.0343695961729877,3.1892430267593026,3.048882225227136
2022-08-04,2.922090312517398,2.834026819115663,2.8545583969130846,2.77154754990725,3.069489964330298,3.1860756166872286,3.247085247314441,3.1513904369074606,3.0661850364730046,3.1505437584855134,3.0472177161305654
2022-08-05,2.8849910972060773,2.8596555019640055,2.862064593979517,2.762216015262986,3.030564147288106,3.164819385046616,3.2930649604267233,3.223445793710145,3.03869637130626,3.240463651629146,3.0426376786421856
2022-08-06,2.909925125078226,2.8431386113709434,2.8113310224177703,2.7433541924437477,3.0720271025554395,3.1609223635706725,3.2538087920575323,3.202731698102784,3.099525007856785,3.1490450704470776,3.0656516554141184
2022-08-07,2.9113220799843944,2.835169748355632,2.8783986824140406,2.801476954892051,3.0998158949604093,3.1865910552387384,3.2716864155187624,3.2206439566892544,3.033247147631961,3.199759356770527,3.0296742269006978
2022-08-08,2.937192245891179,2.8039590478922425,2.908030205568282,2.7972183551665593,3.0969773909535583,3.214588422876035,3.325337765436987,3.2523156583340387,3.0392490736100672,3.2418352470702123,3.0487678122635287
2022-08-09,3.0130288017962696,2.8198160412389153,2.836273513278957,2.82131788421961,3.031726828668763,3.201906658949181,3.335206565851281,3.1895675086048296,3.1074894362508862,3.2160874262655477,2.9450277668174176
2022-08-10,2.8964243524849893,2.8510686280378974,2.850483345443905,2.7975665426927487,3.0637473304654477,3.202625909483409,3.3418787418172156,3.1998935840774037,3.05249064740543,3.206675372318632,3.0356987160343896
2022-08-11,2.9818838672904686,2.850396770418245,2.9165980553921202,2.857465000158787,3.067871494934693,3.2173636197265143,3.291920887501541,3.1770939118257253,3.1179611896096526,3.1756466008234447,3.075004272393362
2022-08-12,2.921769074911871,2.8715308583451065,2.9022743031465486,2.801805123159641,3.0997754190353946,3.2039714614331056,3.3429872092939656,3.223570246665736,3.100779125080711,3.1665497248100527,3.0432804128406787
2022-08-13,2.9648480637759818,2.88729869092949,2.9187366548726748,2.8867399220018486,3.11256249356466,3.218268882541844,3.283282822379898,3.284850724410146,3.0734846097477804,3.2344119510779565,3.0439167994918273
2022-08-14,3.0205312254046395,2.9099507442635577,2.920474892262109,2.7902226287497216,3.073682197961035,3.1724724591518947,3.290233654351858,3.2462176332137913,3.0278309529819563,3.259808682640194,3.0295779310009396
2022-08-15,2.9986492513454044,2.9004075740455018,2.9300451016298528,2.8629706991681823,3.1077644392637174,3.270742757386514,3.2526206681116796,3.2145339700502342,3.08576154102119,3.204778963664467,3.0938471267754206
2022-08-16,2.9732483393563767,2.9255822010074333,2.886599456841707,2.8714694791636206,3.0520152077215292,3.256983430094258,3.379018480738344,3.245075010340919,3.0935072122809566,3.187099403443246,3.0831316158763453
2022-08-17,2.992983321673894,2.9213882648352865,2.9658851630289162,2.8406221186706246,3.1627587803221977,3.2313083542664276,3.308615832993727,3.2199225762398695,3.129598158222298,3.150859742185275,3.094378862475728
2022-08-18,3.0436942602321047,2.8686594068797873,2.9776281797495763,2.884506450325251,3.1110204810754585,3.317970833842756,3.3364469592223656,3.23572150577552,3.146364656327336,3.1985224479429353,3.0207760505004138
2022-08-19,3.0102615908793195,2.908215425202306,2.943736661880864,2.917449738667779,3.1349629939563437,3.270120467358816,3.318646037061266,3.286066128999096,3.0822977406889422,3.2278834451603533,3.0707025463233912
2022-08-20,3.047535195971947,2.9405478724950513,2.957395251554496,2.819853116632713,3.130897251275905,3.2429314964185028,3.3725288827920865,3.2441158473174245,3.1310256217906742,3.2826219878605545,3.070074021285164
2022-08-21,3.0512802438412576,2.9170578117747126,2.920850994399077,2.908737694532077,3.181471742973558,3.3062286037830715,3.3461286021490424,3.3176477719582658,3.1341019383141715,3.258205015232365,3.073029418683222
2022-08-22,3.0392397423418163,2.97982802369448,2.990300213499733,2.8261592642585023,3.0688746046510866,3.2989836534128893,3.32398251825383,3.287078234291115,3.1474990421375457,3.2505340412556416,3.0659430618275034
2022-08-23,3.131983961498364,3.0162377537519585,3.0001265419961163,2.879294054565082,3.1604152783640447,3.305400578161392,3.3821122354485347,3.2967293795673753,3.1344214157391925,3.2327563084621787,3.0770263601108563
2022-08-24,3.095564521868675,3.01536691325201,2.989195433693067,2.964450368153985,3.1646579209839802,3.2873169220713194,3.331591902470471,3.2907668271904518,3.0653572984937463,3.2306514707088314,3.115892892209665
2022-08-25,3.0246776129306614,2.9808935613308365,3.032892405183212,2.905438257242041,3.1611475835444054,3.320136503813851,3.355229374197752,3.3272668949702346,3.1231487006947964,3.2937107154525744,3.0360207038552547
2022-08-26,3.099914283041916,3.0405155772495456,2.997244615759863,2.8949968128474177,3.2334731476939687,3.3053067421634807,3.3228990965217577,3.3325468456842766,3.0973271008938856,3.2609667634545714,3.1497365898179464
2022-08-27,3.083359839374466,3.008755109704839,3.032314916436842,2.9316019121330084,3.1620018129081333,3.3363815928944396,3.3491479113216522,3.3240815905874608,3.130115092185069,3.1952785499574956,3.1139534571371783
2022-08-28,3.137683418729833,3.0026883341931496,2.992901477806672,3.0069095873938294,3.2187167772067364,3.269105052910092,3.402990250903514,3.335959038270617,3.169796481458892,3.241571154219446,3.101197881427302
2022-08-29,3.097236172597933,3.002909378647942,3.0309045578312004,2.897259982547759,3.2131976974283782,3.3197935736810775,3.344473024033878,3.317645742685866,3.1537622854662404,3.239460607043355,3.132711776190948
2022-08-30,3.1264756493242998,3.020752810497165,3.034505431878226,2.928015079313133,3.247309112761881,3.391037346643563,3.3647566390176693,3.345275418010595,3.1832703708422496,3.252258041622006,3.0650000780657787
2022-08-31,3.1539780575353165,3.026702111790775,3.054625631189349,3.011827298385726,3.1964076525281206,3.3229302785905457,3.4149091891307877,3.3238818777127745,3.163308782960612,3.2889814395099757,3.091672069728001
2022-09-01,3.173716713332274,3.0519856623488657,3.0449164859830318,3.0299916004950247,3.201400581385611,3.3344036176049587,3.4044687959878237,3.3391021878763483,3.11834369736227,3.272328365439371,3.111048567091913
2022-09-02,3.120655874244412,3.0602215657879337,3.06019974838664,2.978520149328785,3.263244763182167,3.345663405704699,3.486342504737681,3.335821252978617,3.0859143150631274,3.2767129228509035,3.1587252760743314
2022-09-03,3.1555556936677527,3.064032472141681,3.097072867474422,2.951820592843572,3.250102173963372,3.3292487114309077,3.487410513476493,3.335377782504381,3.1702593231225396,3.321899976700104,3.119451245220648
2022-09-04,3.1602737515966144,3.085591715312879,3.0673421023923875,3.0592432531418985,3.197981286976366,3.306042443378866,3.4121761113612696,3.3334633498902404,3.163641828409449,3.2650887082844737,3.137445640402674
2022-09-05,3.163859186409049,3.1167513254663923,3.0404074980371836,3.051583830484902,3.2351442821350695,3.3719787144498006,3.4607561826306967,3.3732185048674412,3.1450251772433004,3.3454052828744607,3.109364801056298
2022-09-06,3.2453653674508782,3.1180729672074072,3.149258463172052,3.0315085614821995,3.269916234366496,3.3895851403752255,3.472357040162603,3.403565946644066,3.127598157573564,3.2728469531254163,3.1447760458372955
2022-09-07,3.2134997407041648,3.053599995285171,3.1463872016627144,2.9941647987605395,3.2904664408383906,3.3905550070991652,3.4377990833412557,3.404449798158737,3.1608677325311314,3.2991792647603524,3.1836171516145404
2022-09-08,3.1724783357417436,3.030096218838288,3.07435497054573,3.02446996820086,3.2519729273437634,3.3944124885946674,3.416710596385261,3.3366978794289466,3.1813780919884693,3.2915947256994325,3.1663056328252908
2022-09-09,3.246801432914151,3.1433168338975124,3.142000132775517,3.028541420302469,3.191946205097132,3.406686772974979,3.467069917485879,3.4181582866229796,3.211501853907618,3.3072714173171085,3.1371468257365698
2022-09-10,3.291897270605781,3.0828608578576353,3.114412609808254,3.0506966602926524,3.3021024508409926,3.4427256335301,3.4681242873685454,3.375034170793822,3.201507126518791,3.320455222153337,3.163016821833803
2022-09-11,3.2681799733267223,3.125710966669034,3.1456064584013737,3.0917277115166346,3.2568359608900024,3.412980109226072,3.4661163863260827,3.4077071381208226,3.2484229915128897,3.3236918577316277,3.1632502223828047
2022-09-12,3.200604894135419,3.10594410023711,3.154735712794148,3.082014495967568,3.2399733186946253,3.408132503230531,3.4983474823977874,3.3676145122011394,3.173455846290897,3.291653443863345,3.1643060918377324
2022-09-13,3.2406456170724294,3.095588612870224,3.1470911787273423,3.0307529039057033,3.2225797952049287,3.423591195147018,3.468453844961908,3.40418590406671,3.235309046890627,3.2841406132838915,3.185662041172338
2022-09-14,3.302173405732651,3.1744995313911715,3.1388322578654133,3.1118192779095426,3.3390333885028647,3.456083943777612,3.4623227711334867,3.41447354962372,3.2146599730066265,3.396515321015888,3.1886440766918174
2022-09-15,3.2519363179965235,3.1896451279068976,3.149858312661062,3.0873766506964064,3.3255452811408914,3.487751635117772,3.5060714601374317,3.3656689695348088,3.2384553292814187,3.310503867635307,3.1549127110498083
2022-09-16,3.2954883226037808,3.158197291604776,3.1513257100293237,3.1060611691038944,3.321998367673943,3.4332426107874188,3.5203037534739265,3.433610393421552,3.2089046602676268,3.3496142070601196,3.181213069611476
2022-09-17,3.314427210122956,3.106390874852759,3.1621014324672236,3.1369202346865546,3.3775286948941092,3.461759932713123,3.4793604809793153,3.460905789725526,3.2585460609011543,3.2840343205628004,3.1537046673407327
2022-09-18,3.2724019334658094,3.176371857605386,3.1932931857912883,3.0670598138869782,3.362076305302885,3.4756566315100796,3.5484473134613497,3.4204638436407846,3.239658711641207,3.3275122741733254,3.1407578273208068
2022-09-19,3.3074530511925833,3.2131579595612614,3.1820960672506104,3.106824154612234,3.398552950779833,3.4424516368210587,3.473444597939136,3.471694131046754,3.214835792623877,3.335733215701431,3.163629412074533
2022-09-20,3.2210371513925624,3.1656888305240396,3.232298745551271,3.0994555590243733,3.3153981373927692,3.479573722566795,3.5151798157741956,3.4303944267173505,3.2392865226387846,3.3573937075892726,3.1727019169318793
2022-09-21,3.296587383265599,3.224217087594643,3.264730952156987,3.0758723397272263,3.363268881265212,3.4417324617592087,3.5307569763848243,3.4667793233934314,3.2368996666852015,3.2652072732148376,3.1284307452648963
2022-09-22,3.3287933712261975,3.2269249609900448,3.210996499921376,3.1408270778851093,3.322938218005764,3.4393819508392647,3.5253944299663735,3.379951723761883,3.263211854654034,3.355548403921735,3.2073880030091293
2022-09-23,3.3079959625007826,3.253438897219788,3.2438729815198446,3.21329893159537,3.3717014593642003,3.51021601582866,3.5335231979294113,3.524299734059405,3.2176044867428204,3.3197669341070735,3.1018701093620655
2022-09-24,3.4034685501841713,3.248331459024235,3.2599824381864866,3.090285226353401,3.378276919981161,3.4944669902598253,3.6126111407801678,3.5018383274793883,3.256589702869804,3.367696299080298,3.2696582728346284
2022-09-25,3.3206665011326177,3.2242439415393727,3.2674613451877814,3.152063393317485,3.4116954880612442,3.5188307584663714,3.5369663581553343,3.4536846502876566,3.273813167583513,3.330594608687654,3.2366061259010714
2022-09-26,3.3594517803494264,3.29803324414588,3.2638977412790386,3.1798013395850173,3.401434952112641,3.519014170513743,3.64175363978937,3.408320285607117,3.2674396239134413,3.339750412111102,3.1870676154093096
2022-09-27,3.385665603981144,3.266088485648824,3.2922258315674977,3.171839677420535,3.4259505316963192,3.4970573022650804,3.5876650794710696,3.481394099482447,3.311363458119096,3.360948364829772,3.1985409701355563
2022-09-28,3.4340798098193166,3.2787417470790934,3.29274762396187,3.172324858040094,3.4355411757267915,3.531799614790753,3.583357442203159,3.4347165659057026,3.298693559774163,3.3413415366980526,3.210719849110825
2022-09-29,3.3568719727842367,3.260287639251638,3.2494936460582293,3.1443227092331,3.486284901162183,3.5029818423944565,3.6009377735549597,3.496671850488481,3.2797775018679616,3.3624115737765505,3.187340636243157
2022-09-30,3.443957022032194,3.2837203326192204,3.321050172774065,3.1978724745054317,3.419386663246063,3.5885314243321096,3.668613467444467,3.500975987916677,3.291043070641519,3.3446545060351296,3.2141910442064576
2022-10-01,3.4184914590816358,3.279216206655917,3.3299548340204024,3.175784831243273,3.407832890359435,3.512960281859303,3.56898324373851,3.4657005804377436,3.297964283703615,3.3292508452595446,3.207501780305133
2022-10-02,3.397869686170367,3.309321793792077,3.288806822352398,3.1403982141043465,3.45067360360117,3.5546127669005947,3.5712642472375093,3.5328962552899807,3.305756692482503,3.4185868757063274,3.2124152125044922
2022-10-03,3.4503166794523032,3.3746197462818674,3.321221543594217,3.249551008452584,3.4264597576761773,3.536074927502138,3.588326922552781,3.5287699828405072,3.243462835192767,3.3529809475843706,3.2241211569266994
2022-10-04,3.4515721724659842,3.2908782272208077,3.3489700112030496,3.2500914758339143,3.5022336042017175,3.5913222962594133,3.6180437152874627,3.5392238808171186,3.2937731516453175,3.390328273710095,3.1827177462976826
2022-10-05,3.4367488796691354,3.2924036625041935,3.3305862083097124,3.2305256891158187,3.456534437098526,3.571143155585035,3.5714231998922963,3.515572301659934,3.2628836354172575,3.4221137768210674,3.2267692545568605
2022-10-06,3.4660126674724183,3.3937293458484374,3.377459208557522,3.243493369972535,3.4553294693910557,3.572412389939551,3.629993830909568,3.4782091939244215,3.35037460655744,3.3849291172599965,3.233956503834914
2022-10-07,3.4615306424425403,3.352106756694014,3.4245990585073285,3.2765052573705677,3.4654326620147446,3.620464596661002,3.6862677976322193,3.5553903851164974,3.314821564670429,3.3824849065985045,3.2364017888917256
2022-10-08,3.4856752499492893,3.347115021392936,3.338525096534666,3.2586698151390197,3.508409622100807,3.6026574911079665,3.6461517429983457,3.523333327227491,3.3154791886331383,3.4179015077055124,3.2295569163433866
2022-10-09,3.511321565625649,3.4071935878510287,3.329103910973662,3.286733379389372,3.489419245088716,3.6241897898028688,3.6389874963337885,3.4951522594855238,3.3528271874205577,3.448538885819632,3.2736754062560274
2022-10-10,3.548234300381159,3.3666457288442273,3.388089152044015,3.2583709264287224,3.482205786990561,3.5861764126384834,3.6353921755525684,3.582818968271376,3.343248329494712,3.3838199258976904,3.232450206343373
2022-10-11,3.4727237097285277,3.4484207308158648,3.409069579279365,3.314346745715046,3.5587300558026573,3.58040725467225,3.6870716435588693,3.610663047469645,3.3013863158554404,3.418305445758541,3.2534119226398834
2022-10-12,3.5830617720406694,3.4228129443728847,3.3889535744490904,3.2923119323058643,3.4904076627397567,3.632713394252539,3.641530967057645,3.551877301248861,3.3377963791058676,3.3747574969961196,3.2890556582946315
2022-10-13,3.4697289347092988,3.3966810226085795,3.4479429809105593,3.2962203116350577,3.524492531705848,3.6268869549779934,3.727897815576767,3.6233331649128413,3.334558113393905,3.4188706847961847,3.251312226864018
2022-10-14,3.532966995468345,3.4848892544925985,3.3726612938781577,3.260016554758936,3.5503370317438248,3.6622103471443572,3.7367170189526115,3.566754587929964,3.2969780789638836,3.4356391257086494,3.2636963429717545
2022-10-15,3.564407201298048,3.4108586245858215,3.4420900181392824,3.3144559094222066,3.4891795676530544,3.6479947545581015,3.692639306442654,3.558067879702632,3.3333180441753285,3.412932366264615,3.2579519536002315
2022-10-16,3.5644327060111283,3.4601613883863713,3.4116182798503405,3.288626611442302,3.5598886512563275,3.6635286736382033,3.690822115312894,3.5560449688236577,3.353243667282757,3.428831276422523,3.301557702491203
2022-10-17,3.5465753238046265,3.4557541157163563,3.4898757043952986,3.3021839432230586,3.521198223659417,3.615669006930511,3.7283283348858296,3.629559070688199,3.360036128313496,3.404275911018862,3.2603100061254136
2022-10-18,3.5682740578477037,3.4947127051007176,3.50657866807413,3.3046274207502657,3.5849149140851013,3.728027279908841,3.7365036089078965,3.5625408195201067,3.323763675372084,3.452828458544512,3.3101594785820456
2022-10-19,3.5689971273737267,3.511399203951002,3.432320883051401,3.3048669579993337,3.5387411882344457,3.673460171676759,3.685741104567347,3.613512361069789,3.4075376745333723,3.486191959779852,3.2721802081096505
2022-10-20,3.575383609997882,3.4744156197398075,3.4473597237522045,3.408371465043223,3.595802336469806,3.706337817186143,3.700395439205119,3.5801990632706966,3.374692771678982,3.4256234324758643,3.253144899427164
2022-10-21,3.627837928897475,3.4597627596532003,3.498168362149722,3.3923517569534627,3.6156020068593935,3.6673596945407057,3.6828028811602787,3.5886949608770298,3.3836616156075605,3.443885729864655,3.302962507755192
2022-10-22,3.6223535042179775,3.5050823771548614,3.4693094666006647,3.4178147576140008,3.6156870015463185,3.7087243760715167,3.741036373610341,3.6389522627347293,3.3993443675211608,3.481681852219914,3.277105603041281
2022-10-23,3.600156725847971,3.479877724482105,3.4881120209055796,3.3313178505946346,3.6048093724973223,3.6674497020133145,3.755064225160519,3.602194627005886,3.368483788515212,3.5070191414497596,3.3085366187119303
2022-10-24,3.657240720179832,3.5695447660053086,3.498795225858458,3.3779520350648626,3.5977658189423196,3.7271573070406765,3.7008783520823987,3.607013109160978,3.410628499062918,3.42992297482802,3.211726962309251
2022-10-25,3.6487880873432608,3.5221810922284953,3.449010768189134,3.344827595277041,3.594856167322169,3.7099854626596893,3.7340405792048803,3.658712548422709,3.3907480292850196,3.4737285877011876,3.297464218259565
2022-10-26,3.673278937860888,3.5160751163519817,3.514761319104144,3.37058898236231,3.6637325579983604,3.7286189209875404,3.7136089655332842,3.678231879048624,3.3796957712238105,3.4913706393040633,3.2872302442673793
2022-10-27,3.677113429875911,3.5415326714917197,3.5030681267914177,3.3717515459059837,3.6060781965010205,3.755769971707523,3.7334021518914438,3.655242235692424,3.428640361789698,3.4839106406653086,3.2728422694858055
2022-10-28,3.6426936411293798,3.5045436596486654,3.5175577205400783,3.4443268391603468,3.6034212936375147,3.70495102338552,3.7832456582839464,3.6218599669634677,3.461041189751269,3.416775125735931,3.2918756145645642
2022-10-29,3.660104338219635,3.5247818134057027,3.584259659800566,3.4031047396244047,3.6619731631539203,3.72849780832003,3.7510690285090225,3.6317961658013997,3.4429002322558584,3.5102289816015033,3.2950056521289386
2022-10-30,3.708682117165687,3.598922947729107,3.5118625451411822,3.4549035749379504,3.6256153123103196,3.7698663663173035,3.7704163021613013,3.655132981712042,3.453719293711624,3.5449045002477,3.3145320573482486
2022-10-31,3.713935124578078,3.55219141316792,3.58256862206149,3.448844542990682,3.628493236301031,3.8262160103834053,3.7369984641525593,3.6679941676927243,3.4152957974820617,3.506963018057992,3.278717596606347
2022-11-01,3.704364746761562,3.5494859395868215,3.558425855644119,3.5077068550908024,3.6211910391493594,3.7662581714614007,3.7978132967665714,3.634370562144224,3.3878808965469496,3.476679255796761,3.333002125290174
2022-11-02,3.717886362737872,3.605995093016411,3.5670316745877013,3.402099091352351,3.65752409206471,3.795274439988227,3.7972700952591367,3.691347371445838,3.4854182973254044,3.496378292675447,3.3682875228245335
2022-11-03,3.7620780978169797,3.6344759836865626,3.6077727240315705,3.492151980550314,3.677050240743161,3.781479255467647,3.7831330382690984,3.6778806318659725,3.507264094865618,3.5690394564198344,3.3395266274019475
2022-11-04,3.715389372446882,3.6294898036655057,3.6029074334162177,3.496668501158365,3.6943527171097617,3.850112023356226,3.8057436070502564,3.6295121668887793,3.496837000128207,3.5474210536081268,3.359176525892777
2022-11-05,3.758944438701355,3.646825862482739,3.6184757364674622,3.440981810694686,3.7231352778067923,3.7465923551111606,3.8232436808198433,3.6587928692155387,3.445412914804589,3.543513120810133,3.3715621105393274
2022-11-06,3.745867263501493,3.6032705708032746,3.6390613436621937,3.5083125647121,3.7179468827137274,3.809019956729683,3.79981804169402,3.677222986723448,3.4257905775428292,3.5392047459824236,3.379648434227766
2022-11-07,3.754810534297899,3.592356736919749,3.6087418919537932,3.4961056653946554,3.703965236444561,3.7645951685515833,3.786413786292968,3.6958561050023655,3.4334115277875865,3.5128880684110206,3.4024964290886777
2022-11-08,3.8037184798783987,3.689094216013801,3.6089861365562577,3.4871270150655946,3.711304464709159,3.7453522200208025,3.8913146643902157,3.7604238595474375,3.4198315829266033,3.530924488808058,3.3352645964158074
2022-11-09,3.80493801668746,3.6434233473419027,3.603477442999781,3.47717032676605,3.7401213317320123,3.8366686855474397,3.8246030753912925,3.716602828295484,3.4720927631376886,3.5388328721983298,3.3325442510032
2022-11-10,3.814007182868449,3.654634541363863,3.619954854027231,3.488259162521293,3.77056718902171,3.839132656087362,3.847160195245501,3.689955117782317,3.528463889359919,3.561896056237548,3.3814704342744415
2022-11-11,3.8381985053146663,3.7110672619203315,3.7418815669889463,3.5792776902329084,3.7437600499086505,3.833612812356712,3.886857705669235,3.727526030877488,3.4810318209217526,3.594923859835574,3.3830915761621125
2022-11-12,3.8091022438922,3.696976219797439,3.699446897809726,3.5257613767007507,3.7334841573779163,3.8461894511752384,3.96888131124795,3.7160814049416233,3.4993481061200926,3.5874629449578426,3.3890002507147226
2022-11-13,3.8383743025178756,3.703039666634648,3.6302781225791327,3.5571688937976615,3.7253663338123246,3.949548616960201,3.8321596806277434,3.74213166149676,3.5365514634262256,3.5155966640095637,3.4263039884041255
2022-11-14,3.818056746091504,3.7633925024722776,3.639846376758876,3.51794850068303,3.7193970075366267,3.8560855946639885,3.889481031888601,3.755558612759748,3.4881740894655824,3.56917216455946,3.3738710960923206
2022-11-15,3.8465440755026097,3.6882218177314376,3.7026916262092824,3.526256615400849,3.7903485736636893,3.886372494054771,3.8612587540882166,3.780178801493528,3.566384385208168,3.588837901291388,3.390227977440622
2022-11-16,3.8423742768421225,3.7444528806661217,3.713374729095556,3.590094546152778,3.7953134659349974,3.858832273987926,3.8728277261401045,3.748941057108368,3.5701107009044555,3.589591895284934,3.3519535461866226
2022-11-17,3.858652921730301,3.7274236048968863,3.72214989457895,3.5251364299117904,3.8029147903809903,3.8944210302484623,3.8738980291059493,3.8046135423030556,3.511451723053554,3.556448387051254,3.44935520204161
2022-11-18,3.883067058700316,3.74287157520734,3.7067665919390658,3.5611617705169856,3.7893598590678157,3.8856740911109426,3.868254370137061,3.7884676168556313,3.5031038268674366,3.6670560490695308,3.379137883864441
2022-11-19,3.8501397003198794,3.789773352702654,3.719388651203586,3.5826390595226285,3.8430592586606087,3.887768640895359,3.9073114127105004,3.7457929254064632,3.546399211329327,3.5456354912544734,3.383934529372977
2022-11-20,3.946936413406173,3.768264595905643,3.7417306370230805,3.5929648855161904,3.793964880704789,3.9619201195896885,3.870847539174922,3.8391077459215115,3.520115783836182,3.5557753348744554,3.386733219625535
2022-11-21,3.863467080063616,3.7782931888984153,3.7432178017340454,3.592261623031397,3.844789203716416,3.949943380514049,3.950025468650512,3.788424487089895,3.500911405216409,3.5996093242029135,3.3817513010240545
2022-11-22,3.8667089091242355,3.803438696687479,3.6828133744460776,3.617524797182016,3.8226168259597695,3.9260104212917506,3.9298159280714104,3.7593699229918767,3.579118635837369,3.66044338600123,3.3831850919472024
2022-11-23,3.9473688439256143,3.769438275203382,3.751254207541469,3.634456547871371,3.813181691625513,3.86006719585663,3.9473892818601044,3.839826302948085,3.5822550117675966,3.5761984233662716,3.393334479769767
2022-11-24,3.9458701546274657,3.7643379789003104,3.741366071004575,3.643735380619969,3.8568661585876245,3.9256539677824174,3.9272865763454137,3.858393552483559,3.5555135632643173,3.5976613544058065,3.3720563226455904
2022-11-25,3.9503422490796787,3.7673012542093103,3.780928748059024,3.600152042155387,3.859042115437769,4.024870734271229,3.936817540236378,3.800896651274797,3.5180552174981927,3.6423137212241627,3.393462248887622
2022-11-26,3.9599708412689942,3.7487897579071294,3.873998205263856,3.629235741442576,3.8651295567557913,3.9441605035759357,3.963027229924834,3.792610764153233,3.524154443622666,3.613824325707243,3.479489063294647
2022-11-27,3.95025814814103,3.878605071927106,3.804236614695584,3.68164166399258,3.864530437500416,3.9914819187027994,3.926050485973932,3.8083873696274133,3.569362110408515,3.608693729524949,3.447094806172558
2022-11-28,3.933216059998239,3.79296429613778,3.7925815124908766,3.6806805306364976,3.868631178524393,4.0089530990010935,3.956808825843349,3.8408442026345138,3.5562598317070653,3.6400786617320517,3.4568136559438987
2022-11-29,3.971918840137328,3.8285677212685916,3.838420001620132,3.620701426185679,3.949098996100873,3.979577380375088,3.9483413106523524,3.8635866688889187,3.5661394344430524,3.6356690152834856,3.468370365783754
2022-11-30,3.958843542125117,3.836048612230531,3.8340282656001943,3.68048126150792,3.9206591816099574,3.9550714510547467,3.953998271206498,3.848219190963572,3.612152701202901,3.662796205633642,3.4921016967521283
2022-12-01,4.0179281562913784,3.8627255939113914,3.8409350563789473,3.6186431215606927,3.9145035145797755,3.9145881664649966,3.92401004657626,3.8400145474257275,3.6086158880707973,3.6750222325966266,3.3879643180696237
2022-12-02,3.993781294887151,3.887128391298385,3.855325051308668,3.6874540977539905,3.9038632840282728,4.015497464130431,4.0340788827365435,3.887765955341259,3.6330963998270365,3.649888728392251,3.4082454017234856
2022-12-03,3.9829486318248195,3.897625659057121,3.9076056680289497,3.75103818494191,3.9384177971351644,3.9778583077102923,3.9799006385558537,3.839307520314389,3.5671697311600847,3.6538362229782195,3.425070438067764
2022-12-04,4.0075943790653765,3.8634764033303943,3.820774845600181,3.673730261486879,3.9314396584691873,4.01491710090657,4.041999413349837,3.8854912561909285,3.5917334733243105,3.6559180941984866,3.4391356430077105
2022-12-05,4.0391479733327715,3.8851142325912638,3.8777047006095535,3.685201755541168,3.92438544378949,3.979472545318942,4.045766633749158,3.8517966887574966,3.6299437321725447,3.668583906608926,3.4482607624922434
2022-12-06,4.0193738287702585,3.9077661161614485,3.844500436039775,3.741219067971248,3.922194397058506,4.0163473528947975,3.981730792498251,3.879247777018914,3.6257657430938153,3.6599848165844144,3.44792352315651
2022-12-07,4.02114573876718,3.9009902822334666,3.8977550607940414,3.680082966717085,3.9365781574282948,4.032655914590008,3.994269336642392,3.8687921275384634,3.663447746729407,3.6627354115517106,3.4719715988001414
2022-12-08,4.062650789239602,3.9658349329939813,3.862328363187335,3.7154550932724373,3.8515993649111824,4.047044337237389,4.110350404223802,3.876408535600618,3.6352489878943954,3.703080485979162,3.470514926895237
2022-12-09,4.072217814671525,3.9415083999269758,3.8861684808092414,3.7604033870239753,3.9607385119150167,4.012886154955081,4.092679266512597,3.872650560410045,3.683236096736208,3.717096976702822,3.4518387812763884
2022-12-10,4.05918977282611,3.9579908893674145,3.8986383460574596,3.7315554434512657,3.947476224177313,4.089584322742141,4.045824414276809,3.9302085660094237,3.6491564545230495,3.630822307529704,3.4123289202577562
2022-12-11,4.069796557087572,3.964996997967605,3.945567915139385,3.751580021245636,4.017622074461912,4.043117984622929,4.06111172866033,3.873768461627474,3.669986973501311,3.68078829192879,3.4518844498666734
2022-12-12,4.100419010142525,3.9894811587046264,3.95265000725661,3.78906080716433,3.978134988937503,4.018140013957823,4.041087567599547,3.8794448540280424,3.6335852351175113,3.6642687124342297,3.4692718167964802
2022-12-13,4.059544733450323,3.9688741293405267,3.8965281801701974,3.7874585217380297,3.9495994555300564,4.072453874401374,4.079607596194633,3.9711792595123208,3.648890506661832,3.680045184079075,3.4824181638535983
2022-12-14,4.070292824762195,3.93370499625372,3.944351194721296,3.7908941566779695,3.9914864168641677,4.0841072974577095,4.05174701456305,3.9427843319221605,3.6809636704955224,3.705897258070206,3.4600249646977344
2022-12-15,4.100492383474428,3.993766772341413,3.930219161823191,3.7807937364412285,3.969314195944286,4.095245935168147,4.018918486597706,3.8477965359195307,3.707200139351777,3.7183547927339236,3.483277871269589
2022-12-16,4.125170539246109,3.9714010860806197,3.9225544846710245,3.810147143643172,4.022615371753386,4.138644960489476,4.046869992977411,3.9082945825902486,3.6858651314397024,3.6993599078458588,3.4681619185965413
2022-12-17,4.150428468388928,3.984248203211129,3.9626016543935245,3.8034111099885295,4.02485697356434,4.098040549774713,4.093777721797573,3.8767961837204608,3.666671635174551,3.6497775027761725,3.50240859451404
2022-12-18,4.1948880305601195,4.0268615570162885,3.9686594452019643,3.828934681957418,4.052578994994895,4.108898509732588,4.065841666202578,3.9085395472692044,3.715666903761518,3.682682070262388,3.478083990230798
2022-12-19,4.185881820226364,4.055581852540791,4.059516183855626,3.8083693862466785,4.0078322221168605,4.086744473298183,4.104384338522727,3.8488098802180684,3.613768618251651,3.7429856257810097,3.488904824851369
2022-12-20,4.164876916645049,4.028232790781976,4.008503009176658,3.825876287056335,4.040293170110508,4.151809103246244,4.080791808848505,3.944761094572558,3.6420428887300544,3.638336272986097,3.4792081126534136
2022-12-21,4.178625748463005,4.04601924298671,3.962983745494771,3.80972957255815,4.006035670380568,4.1400736140743675,4.096189760294276,3.92051815921181,3.7103414763140132,3.760631299971734,3.5179614824628374
2022-12-22,4.1586394036624075,4.096978402031823,3.996165402658862,3.8464517326662517,4.075743473515405,4.1292944673300624,4.151883596523732,3.9624791332176783,3.6954985643838274,3.745105551598018,3.5006718878713348
2022-12-23,4.1976765938417655,4.062290107099746,4.052544534371524,3.83124405718688,4.077975742302502,4.092104889878886,4.140340594699158,3.917833588090582,3.7184236829778863,3.773414603477166,3.5579683728250804
2022-12-24,4.199086350311323,4.142271184234148,4.093348555324644,3.8302230412933027,4.084993166758798,4.199925963309433,4.139252827477997,3.974979278372176,3.70737331110959,3.7324331724898205,3.547040337426845
2022-12-25,4.226938970123846,4.090336543701039,3.9919055959833427,3.87947261182292,4.077875189346356,4.127110060490355,4.1725370606529335,3.965948335153981,3.727751876372484,3.681009024850458,3.536869472544025
2022-12-26,4.201948734456082,4.029696082169852,3.9918745355722294,3.8861610647658784,4.097975360395686,4.153547135572806,4.167210338018065,4.02935727353705,3.6913732043153447,3.760222772554083,3.519140630570449
2022-12-27,4.251851015962442,4.1142638333153405,4.113185504090354,3.9113286891716514,4.141365614519449,4.189378740749468,4.202811232448722,4.0325409678575435,3.738100772881558,3.7900117123143113,3.5585806918996465
2022-12-28,4.291754216179511,4.112239626580519,4.077526126599765,3.8829695866805887,4.092383352301184,4.150072268398546,4.152238880876796,4.019660679325763,3.755998399570886,3.7839732703792652,3.5719854691389243
2022-12-29,4.252006904754432,4.148635179640232,4.048566702871072,3.9162028458516898,4.112793503767502,4.148501742718219,4.159763762329212,3.992200173884426,3.7679608810414242,3.740809394038071,3.559643678718374
2022-12-30,4.276814714738049,4.13927195179417,4.0994285320207355,3.928539882967254,4.083745315004593,4.1369238246800055,4.140235270531267,4.0674562567427985,3.7969277700864326,3.767750269872833,3.6075716414539523
2022-12-31,4.294957091102609,4.124052698533468,4.013087552584181,3.933410412393046,4.097972976011854,4.229604320148678,4.173012203443747,3.9671977800331364,3.7490190050768137,3.7536181771117554,3.5773459914191035
2023-01-01,4.271701080594754,4.100603010381343,4.101027485386634,3.903345135142044,4.134643407137602,4.198947683721708,4.221434893329961,3.9775735630513664,3.75508617998108,3.749479378887373,3.5950598520587898
2023-01-02,4.2999406682741474,4.140182311684087,4.119522760170792,3.9406392606192973,4.172511478135051,4.310446690091025,4.2380984396503525,4.023055556651478,3.706344106888598,3.8071711691148717,3.5757515900283874
2023-01-03,4.303070901031219,4.130053680030378,4.146173562491683,3.955121996484968,4.139385527524672,4.2001194649321825,4.234511601241491,4.099075918764304,3.7412647627602986,3.7470334647542773,3.5961055323388322
2023-01-04,4.315093443705327,4.147264866530233,4.096781100731112,3.952448151858151,4.147672711247061,4.20962408569907,4.15847667895648,4.031267086297885,3.756579609834814,3.760592397688589,3.556020862901475
2023-01-05,4.298437456020329,4.191443950493783,4.1385160620284385,3.897668815085548,4.150215436326721,4.227619053378462,4.25139289651719,4.037718880491432,3.799043522006345,3.7587308640842263,3.570258531017186
2023-01-06,4.331821961225221,4.2329842737921375,4.116924882543951,3.9731032753732274,4.1540463691928355,4.259183591636463,4.170334958612431,4.005834171955524,3.754362414244474,3.751585987596476,3.5985748025640616
2023-01-07,4.355479589710554,4.203822097030346,4.161085773968352,4.042684812804971,4.1866003354567844,4.245087401784427,4.259021641996588,4.083340630155961,3.801737563515246,3.8051244120029906,3.6024372778569003
2023-01-08,4.393520773824793,4.165194304423804,4.135294737307888,3.9735226103039034,4.140490389705172,4.284862416174524,4.227627575345153,4.089425060160001,3.782949782409053,3.8400121867602492,3.611479780688005
2023-01-09,4.388205016124784,4.223491515024809,4.158636953439375,3.9704907529504743,4.231487796822113,4.244428501458428,4.266315239848056,4.090364583743991,3.7828303715205025,3.80405219955854,3.6333368326502367
2023-01-10,4.433456153883572,4.2551285731273865,4.149724115054102,4.011536930428733,4.1807427530632975,4.239626618823065,4.211838816679719,4.053673543670716,3.8007548796697175,3.768853523318377,3.5616457705506313
2023-01-11,4.355267167598827,4.2100056516360365,4.207844770300478,4.017705117920066,4.230002420449363,4.234410417984097,4.293514977707854,4.05720183423578,3.7866914346796863,3.843647550599832,3.5792271822594133
2023-01-12,4.4138770164629735,4.233341213116616,4.222769592371955,4.0521067753456474,4.177879093216789,4.22892615685594,4.22099280102181,4.045457037403708,3.7906882489839777,3.873439080558707,3.619409537925337
2023-01-13,4.402620112661602,4.246857805518992,4.198675849766061,3.9865730365628473,4.243671592344167,4.287361625031195,4.251444662665182,4.0926090994189375,3.7575439615677375,3.807894883392374,3.5948485513503345
2023-01-14,4.472218812311098,4.231918247894419,4.215552810108006,4.054228023781092,4.251385427410595,4.301138152776682,4.2481056692600445,4.063517234159396,3.8063717737625518,3.8173347179254935,3.7219648661380242
2023-01-15,4.391672829536927,4.283954018621344,4.179631690675469,4.057969749968913,4.250366977799991,4.298481632323766,4.2319638525804795,4.066437558024568,3.804528663814478,3.8515651821183345,3.6401507792993835
2023-01-16,4.40011912472455,4.269909705730317,4.222775220946923,4.043955864676064,4.216614775328863,4.3619771750970475,4.29396556860624,4.094873760468419,3.8085597926924186,3.8891501752035955,3.626371407500716
2023-01-17,4.416709717744756,4.295148570873979,4.23892755949421,4.066336518440498,4.2615334450394835,4.368759006088478,4.351842974232728,4.098727816339479,3.841650894370092,3.8292918790180193,3.6172939256459538
2023-01-18,4.380346825877715,4.264953949941156,4.327717525674327,4.095007492727797,4.226147100406024,4.32910971399293,4.3841909956222835,4.103074518424443,3.854002868209235,3.8093004515319917,3.6223840941343566
2023-01-19,4.437654500103845,4.287462523014504,4.224386382520922,4.098233097234879,4.261639859451079,4.292564244978146,4.313614794526371,4.1390117013588705,3.8463024411328104,3.872597406721592,3.6417181896428144
2023-01-20,4.44000764715634,4.3312564784078535,4.310313765505663,4.045704690321017,4.307681073381958,4.336600937781716,4.350709350615533,4.1331871677681535,3.8742850107572684,3.882001418578192,3.6481922450326305
2023-01-21,4.47663871165889,4.30738978878998,4.304928431844837,4.112523184819786,4.308267382317373,4.342819567975868,4.330672819507494,4.127961070030563,3.866768379297066,3.8625812356114704,3.6351442030457375
2023-01-22,4.491715416254982,4.379364197065634,4.292066918210301,4.093892257018551,4.2923809479927035,4.348303955395114,4.345169589200431,4.147878570300659,3.8457215858510736,3.8500143628494485,3.64465633779054
2023-01-23,4.547074043375961,4.324537220503757,4.34502230847076,4.105924692630792,4.270231660285352,4.3542816783188,4.326423561647351,4.11841698569345,3.8457518841005776,3.9009437103471916,3.697178273547178
2023-01-24,4.528617932783463,4.352228174105201,4.312033211205613,4.113830786146982,4.32638492247692,4.362795818934712,4.34901684295866,4.157087723302797,3.874078861078037,3.891300103500995,3.7023765869388496
2023-01-25,4.49210430309239,4.3824167621642065,4.321141437523803,4.11501462088132,4.315130972121961,4.377980910959838,4.365756769466468,4.164205732005116,3.8869559194083374,3.8567450894956785,3.6723867988465813
2023-01-26,4.4917548425137745,4.320829327227751,4.316459696186732,4.163150573813503,4.252462897514894,4.3776791490588565,4.338737623280067,4.120346042488664,3.9167188106033657,3.8856023564546236,3.628564739259868
2023-01-27,4.542750183226874,4.319486934203333,4.363336855516392,4.132755431210511,4.353064455276559,4.410153826226908,4.360216502933505,4.201049325523558,3.915550885202803,3.8479016488560145,3.688926559997002
2023-01-28,4.497660175357785,4.335461827777911,4.368089939875949,4.109538170303345,4.336361914785359,4.421864306925204,4.367229033171353,4.150467616877684,3.868595129132497,3.9133447243140678,3.72336082951587
2023-01-29,4.601474520438726,4.4280185620693295,4.324981001845047,4.1391659877976785,4.380655702419681,4.390873093868133,4.40020510901036,4.185342866473475,3.886793947100301,3.8892076914294704,3.7217784130732463
2023-01-30,4.591166355629451,4.3824838051309545,4.312718531169681,4.16416958351179,4.3192070239421065,4.463453496787518,4.349853366858309,4.223279479223028,3.914990456154334,3.88830139203509,3.7066618900908384
2023-01-31,4.550948873842709,4.484672815063488,4.35474011045916,4.2035113592851205,4.264236494447918,4.40303843287617,4.386699421848337,4.221821377013161,3.9318963937986937,3.9046756120775306,3.731237228378268
2023-02-01,4.522859486016274,4.399875261650261,4.345350700399038,4.1925430333213995,4.375371876244274,4.391014509800441,4.45200702772845,4.2007752007559,3.9330126186019463,3.9111511009626767,3.694092565878124
2023-02-02,4.62408725100914,4.43120343973776,4.37595698426106,4.15673830485245,4.383197094372991,4.458069347071155,4.435959451223123,4.194554318274424,3.9079045950912876,3.941060473638536,3.715251481744252
2023-02-03,4.589240416221826,4.480782562114672,4.423485059536389,4.264602916912691,4.33116972254236,4.429210279296353,4.4478931987119035,4.2395284884189675,3.8771677555053046,3.9362064549343754,3.6798931239630934
2023-02-04,4.6390044033483315,4.50354236112012,4.381130185308963,4.205771815263343,4.359963230044224,4.470446621029163,4.41452015308422,4.237007368185575,3.8897777485363867,3.918032882432408,3.7129827849670827
2023-02-05,4.563217956255001,4.51403273922608,4.402039776395795,4.243859891791423,4.479391547871205,4.395761803434747,4.429775480194655,4.20386829449906,3.932871942346276,3.9498766732245745,3.7479895019602756
2023-02-06,4.602237778340365,4.497254223640261,4.413528126460206,4.208804426795613,4.394971749071804,4.516697953434398,4.45655977557797,4.204214296553808,3.9398962887335642,3.9432200543485583,3.6942994420866913
2023-02-07,4.6295317577897315,4.500528067887107,4.4456908638935,4.237102205397659,4.433461942662359,4.502133720926861,4.479636075200732,4.171521244493078,3.901595009370081,3.9226208921136854,3.690007323632915
2023-02-08,4.639926263398637,4.4963721123084,4.361269082059495,4.254018733707925,4.39939434199799,4.443979298590821,4.380604424172563,4.243932383302894,3.9408074328724036,3.935887716291969,3.7226333874564443
2023-02-09,4.634144070048669,4.51072421244592,4.418899717285838,4.273101259417175,4.363573677066827,4.4516467962849084,4.40600156272455,4.2424385615212445,3.963310916516699,3.939382191078001,3.71675635759945
2023-02-10,4.675447321995436,4.479601660494301,4.451851150711686,4.275984505022941,4.428531116416862,4.553182248902811,4.491048410740256,4.284601644855744,3.9147299198095453,3.963175375748277,3.7468673750443093
2023-02-11,4.633835416268207,4.480341706351268,4.489913685250996,4.278124513968884,4.433014110862365,4.487884494270262,4.449746498110643,4.2668721189966226,3.987297669654849,3.941184362567573,3.717620898935064
2023-02-12,4.670681081807165,4.513523285325237,4.4475394983121435,4.250188075181032,4.4363163826465675,4.491959237034402,4.4441772641981645,4.301699869080613,3.947691164178164,3.944648928421836,3.786586445172329
2023-02-13,4.687635824172561,4.5172420509504745,4.414371642849985,4.250157111582596,4.452190902181105,4.455969198826836,4.432967200851484,4.246312372433904,4.001602961458725,4.019578556174482,3.700146188357649
2023-02-14,4.708520483172208,4.517459865012742,4.497617438213658,4.284943096828629,4.470862308010386,4.520380302035085,4.460191923841037,4.306925711500615,3.9527164048825374,3.9928508193924555,3.780240186868749
2023-02-15,4.723481826794228,4.560643317871139,4.4683091367785455,4.310600478605297,4.465721441893327,4.531011675981745,4.441008813915854,4.262449029037181,3.942754383915547,3.9459717564610695,3.7234626135404567
2023-02-16,4.67742570762679,4.577091537502882,4.460009792336897,4.2835529928139895,4.439581839662706,4.566234228468051,4.5520370854746215,4.3071669608740955,3.9646297910527566,3.990036952293954,3.6962966513020072
2023-02-17,4.674158494083161,4.559750804240218,4.485284914406298,4.32980379196159,4.499350855183248,4.509709637037087,4.494842265215669,4.245585951891629,3.9803276168676938,3.9805659194221326,3.761068350589175
2023-02-18,4.767514365902488,4.610076079923136,4.506780533007747,4.3490270285938974,4.4335334898155825,4.5129721549539825,4.499974474960208,4.301899282685963,3.9763230589937217,3.992856223946558,3.7500375653542832
2023-02-19,4.748140654299776,4.540136284284901,4.502460341541279,4.28554450144226,4.437739129064454,4.578994455594793,4.52553932434357,4.2407878333821944,3.986279876515414,3.9893116064365977,3.7281188094310718
2023-02-20,4.724688681796325,4.57719899463675,4.462707297224291,4.2954976588676175,4.528646195344673,4.602538183162561,4.542937637147987,4.29778415853598,4.00754823864876,4.024949564567273,3.71468447897338
2023-02-21,4.802634596189224,4.570110813322991,4.564042914865216,4.323950569226496,4.5288878751752435,4.532058142495174,4.548600249760403,4.324465116915156,3.99715000803998,4.0036848915084695,3.76858090356831
2023-02-22,4.768511597148,4.5442108193751185,4.583618728893769,4.344931977237278,4.5191472960074766,4.618480139316787,4.558574494581216,4.301067899263249,4.005044703517816,3.995496533926141,3.801799861389381
2023-02-23,4.809346007405553,4.606302512598116,4.57314443420334,4.327493446629661,4.486182843189779,4.593988394866793,4.51356845567798,4.290612375918543,3.960480395384661,4.032654587249746,3.793753316022607
2023-02-24,4.784902646427367,4.613690956834551,4.527679102074292,4.391308332755024,4.513971214269773,4.632428992763222,4.529671408644249,4.352923547073805,4.028223513677213,4.012403704631507,3.7815726429650356
2023-02-25,4.853593653350036,4.671291613623623,4.563960281030717,4.370960844340262,4.534473341786896,4.604366039094747,4.567777411049109,4.329836389135998,4.018497985346222,4.01305225310241,3.7978902286418537
2023-02-26,4.853309548650588,4.653341361592594,4.577989059277727,4.366903485539153,4.501610942713366,4.53758711192461,4.5349691529573795,4.323639080752967,4.074170364935693,4.022817628953109,3.7863482145858494
2023-02-27,4.80204235499313,4.612204310212242,4.6043123821235925,4.330108535709912,4.534433597179886,4.615464070945719,4.5567071644436155,4.344954512028292,4.0023479503652775,4.014563905671137,3.747899084575834
2023-02-28,4.847504080031384,4.707049477191903,4.614546663562544,4.341161471806425,4.5832756051436725,4.658579758257635,4.574877854028489,4.428154512752359,3.9809450760372536,4.02161024308035,3.751776362432907
2023-03-01,4.846547489309413,4.696538248510723,4.580603050504713,4.396500595622732,4.613610505866059,4.606699991187976,4.592509977876009,4.389001564546354,4.058380587517019,4.007679748682471,3.7919065572988915
2023-03-02,4.877057879041783,4.685834332819788,4.6132037378080515,4.331510941130831,4.565278236735635,4.628594799648083,4.521648258644033,4.394600836360605,4.0548643756641916,4.0066784873259165,3.7967663747235667
2023-03-03,4.815847290751228,4.670024547568463,4.632561558637743,4.4332704207192615,4.60761002502475,4.641655445254065,4.602429971787917,4.378102143791673,4.018830915536622,4.003174946488737,3.83068561440374
2023-03-04,4.874155823677004,4.656466948832853,4.670600641656468,4.405533048775909,4.534531708046961,4.566643939826037,4.579969326601554,4.375327298629433,4.007791963917009,3.995276626078233,3.831431097452894
2023-03-05,4.894089408894618,4.6824982502240005,4.656127428917875,4.5149405802449785,4.618759107607547,4.710443776854264,4.614182639351075,4.303731997809234,4.104391926813678,4.014534062485616,3.8304073530169225
2023-03-06,4.818319883049015,4.7347244012195535,4.6667135182364134,4.494239055107071,4.581862990133483,4.639920047165112,4.622229018306111,4.360511407115011,4.105263879200547,4.039572306421774,3.8073717110501866
2023-03-07,4.844312598216754,4.766980075686678,4.6535894182584325,4.42689541316695,4.6221913866575255,4.688775214042383,4.653104868725597,4.371714450319772,3.9927722457784856,4.051753741836862,3.7778727821721017
2023-03-08,4.82734446434358,4.765103288064704,4.701404309112801,4.436469529761069,4.612511619829972,4.677627710832874,4.651401459426269,4.335120193156518,4.058189369280562,4.04436626834414,3.8351518518907066
2023-03-09,4.8891329922637965,4.712486848064884,4.6793823480185965,4.476831176402551,4.666513284697343,4.7245665695159484,4.657109414546154,4.36186405780406,4.1263865599967176,3.985663960492057,3.8420272780150824
2023-03-10,4.927417829476403,4.701892913911491,4.649238674712593,4.505346240530617,4.607607867890515,4.705612496121193,4.665920672238614,4.342365218751223,4.066688186360842,4.107387404042324,3.7580837445427604
2023-03-11,4.959621144057697,4.748019797055658,4.725137085905585,4.41238066938576,4.659592507189201,4.692959367270223,4.637234019267343,4.405828488958955,4.0707453913160885,4.096543716330611,3.8081619441999264
2023-03-12,4.92541456607804,4.699034380814217,4.711920499072928,4.415183815167424,4.639285694344822,4.679761304583795,4.635323988201787,4.436713092947453,4.081459012224415,4.081106265821119,3.815897678078443
2023-03-13,4.980673815991406,4.770059441602846,4.685622150096483,4.457350547669775,4.64981148804915,4.737045233983939,4.666392346543894,4.450509190713342,4.060777167047637,4.128726917543348,3.843601763953488
2023-03-14,4.899018190981125,4.764195598165436,4.692441327759243,4.500713126330085,4.655917823066917,4.66343264176988,4.668003191485158,4.434889178858193,4.0477072547226225,4.045934485578602,3.819357037146967
2023-03-15,4.897907830224271,4.762884188449288,4.7236185299599684,4.505339431521793,4.64291901077215,4.74552189661566,4.642585157106056,4.398667214173065,4.134857483931883,4.1356217784294405,3.845704967846331
2023-03-16,4.955913054217846,4.7372480705061095,4.736494383721511,4.529711338191736,4.674704902904389,4.699666206674312,4.669801606163944,4.3747143038228335,4.0524075060697395,4.053758545633391,3.843908597064687
2023-03-17,4.977653677186831,4.8087032492272,4.736377546310502,4.46879491711352,4.680069928612282,4.776681417446093,4.662387078206769,4.385060975851175,4.119512245019397,4.093583303837788,3.8488102142443723
2023-03-18,4.973685084361774,4.7855024462013285,4.7476402761810625,4.442451789261889,4.695990857189746,4.750410180604015,4.643588296243511,4.404771895352855,4.143073846626399,4.051896431262822,3.835437266792416
2023-03-19,4.92115880340752,4.774556275074235,4.797124215119663,4.544809347215091,4.69807578946364,4.771336061865186,4.7136695985446275,4.421233412835921,4.077305842283612,4.0942268815906315,3.8410882208391284
2023-03-20,4.989006477500566,4.731638251623862,4.78607845192572,4.501338347842439,4.726250111856124,4.76089597911886,4.682344370652744,4.4481480171098156,4.097464498644433,4.109029624334959,3.8311626569379493
2023-03-21,4.961025828984248,4.8251149878093695,4.767440023660336,4.472727361913717,4.736767777288292,4.712271726914136,4.747865329422323,4.427540197070539,4.165921541189086,4.096446497526293,3.8782697516390394
2023-03-22,5.028711703403283,4.887224233029108,4.797731160742674,4.544714072079697,4.684278618236714,4.745410601180322,4.643338024357454,4.4731423856547625,4.149830176832792,4.126130064929952,3.8872819786556225
2023-03-23,5.028062823718219,4.891992603376012,4.746269060438013,4.571219949398923,4.748577804374348,4.797776260089229,4.68108111798411,4.460996177293951,4.119625712380092,4.111294618279601,3.850295596895486
2023-03-24,4.997293531691365,4.836521935368535,4.7969175323494655,4.5508078024572995,4.69362432139258,4.788958986511609,4.704428272661416,4.4732552744827965,4.178496168801277,4.0962460524189925,3.9222825949357683
2023-03-25,5.018480633619752,4.8402302786462705,4.846975830266389,4.547761186823465,4.753532314370342,4.825726334202652,4.743218068606892,4.512104150892704,4.182892704650739,4.098492232047583,3.8704585874756634
2023-03-26,5.010508589904343,4.880403478031174,4.793854128275064,4.563725147748283,4.761153433041658,4.808714761179599,4.726711115042372,4.447430591414119,4.159019633806425,4.143385975770249,3.9290193860935863
2023-03-27,5.04877459157369,4.84441406510177,4.782647274204381,4.564380136761997,4.691868776669679,4.773917890484008,4.729654457401578,4.500322739695995,4.1281781230820815,4.10299199659515,3.867051106059945
2023-03-28,5.087660797802657,4.891426511083027,4.796176313331474,4.542030018432706,4.758627035087615,4.785321959460936,4.692118421617576,4.4922495903415625,4.146997777893335,4.153595779913682,3.828702583401974
2023-03-29,5.03776788983033,4.913344020298396,4.790694561553043,4.567987013816519,4.748394491451881,4.818558837294847,4.696806955115184,4.487554490055894,4.172194562256563,4.166328195175778,3.904734716864649
2023-03-30,5.0907757779527625,4.935140187060863,4.807467140957609,4.612004011066068,4.746280464034697,4.752299907649863,4.746751985152775,4.528990150684269,4.162130231898077,4.083082276616331,3.9032778534973915
2023-03-31,5.068042926665301,4.903279859811472,4.827503066037566,4.612936319015355,4.816145359584427,4.878156873121542,4.701698090517094,4.533659348747147,4.200125293236275,4.170612023287053,3.8999898724166453
2023-04-01,5.068442302005177,4.908108271889653,4.8040414712415185,4.615230270839711,4.762568099863498,4.847420873595862,4.732192133839684,4.48373373731254,4.130215233632741,4.201901131833191,3.882811473948445
2023-04-02,5.097276968863687,4.895794721114814,4.854249067791186,4.587218701427471,4.764528167064717,4.8771768319049125,4.768685951976396,4.511486252698456,4.13541580245258,4.151096459270998,3.904145498725553
2023-04-03,5.077671569860159,4.90522522030321,4.888402737529672,4.618494910235336,4.797513644691225,4.799127469658464,4.729681442497769,4.530193103926927,4.189788469577211,4.164940444574916,3.892932926671652
2023-04-04,5.100341898016675,4.931116424455764,4.841637519844122,4.5654770819266846,4.8223161397446415,4.890044816202067,4.812787368333703,4.518355315093611,4.173718013191522,4.181493333408243,3.902272100722936
2023-04-05,5.089219170754868,4.956792659330632,4.921966398429014,4.6429745538235485,4.8039869829202955,4.925797594425045,4.806803090608576,4.5488680134373,4.173738288214961,4.145517650387748,3.9396472741096846
2023-04-06,5.192283003866767,4.981021897339772,4.899211229882103,4.687299415807682,4.849697909616852,4.825353551258954,4.728383519317124,4.544508097151581,4.14357685238604,4.162633178014408,3.922964396867674
2023-04-07,5.142566534397113,4.937343439202957,4.922286405177495,4.607005383418323,4.837088797123915,4.894231760997512,4.752978929625751,4.595787263902703,4.20125716180678,4.121105160344954,3.9387598677390123
2023-04-08,5.1286659041259774,5.014025726275761,4.879097432432632,4.640429438531103,4.762248328979912,4.877215366753695,4.717783550760666,4.499623293700061,4.203123814220373,4.168040317998749,3.9165126117852815
2023-04-09,5.164207804073162,4.968899466874535,4.931913699872487,4.6746406827311455,4.818128238619307,4.836924000231747,4.768268811112104,4.546563008605479,4.228329994065805,4.182158520785942,3.9161994086971395
2023-04-10,5.162531035116652,4.9841621422182705,4.880947428478209,4.709095293405585,4.823557035833555,4.9041011024110075,4.820110806435315,4.527668645675468,4.214795473897155,4.1860177494740105,3.894830667300903
2023-04-11,5.167366031878737,4.9701387178089185,4.9478224415270695,4.6647881746502105,4.861175690060717,4.920362905921575,4.790057858145449,4.577717826714107,4.212736377340961,4.2057971380333425,3.9212932462669894
2023-04-12,5.20049618276264,4.927561733358852,4.9336618807665475,4.66417470950617,4.774415467098626,4.883343941615486,4.821637174315435,4.515733619116993,4.255994313733474,4.153875748097103,3.8357041361791966
2023-04-13,5.212854343134216,5.03452619104722,4.952478083079524,4.632564286854682,4.9359779897122875,4.942360911382004,4.767464820873079,4.579275666375461,4.185263700612442,4.164410951662877,3.9205582126975043
2023-04-14,5.182253929472199,5.037808102508361,4.907968769121917,4.701407394560052,4.881768855222708,4.8633689918672784,4.8423787950985595,4.554605727910798,4.244666500806821,4.240507688011282,3.9387200640108895
2023-04-15,5.188916248839368,5.0149430414898655,4.923722845079819,4.766221365841839,4.876617460899762,4.874500544533446,4.807074096378495,4.556086661522123,4.182361246851302,4.182369954871661,3.960982087857382
2023-04-16,5.205943119745607,5.033054860475706,4.975812453805365,4.7199172977143125,4.91389404364675,4.929395402320643,4.8293635075190755,4.539304407541976,4.21124943384578,4.196102240462782,3.938891358816468
2023-04-17,5.153123019358606,5.054167840617235,4.936748233744826,4.717548324066917,4.955035324812247,4.931996271352475,4.831466497542393,4.57331847376903,4.203909057747238,4.19129649004506,3.9602460073496046
2023-04-18,5.184693085936343,4.999440138330115,4.9863803990341,4.734482072062961,4.917109698312015,4.915657790556053,4.801343932050834,4.624360796055155,4.26761944867881,4.171846140294928,3.887270601476785
2023-04-19,5.27910546421857,5.038054183152101,4.938738156555938,4.731072585185799,4.92569626547566,4.967346232937924,4.810118924461086,4.595608848461905,4.246055256514438,4.248376494403565,3.9537920397878574
2023-04-20,5.295381020103538,5.085345431634364,5.012448220172919,4.7135835677195335,4.907380202168477,4.964871833408234,4.878949843146278,4.619717426706827,4.251452921927222,4.186997982001811,3.9079294431192366
2023-04-21,5.246476077512664,5.031463097683496,4.957260702614738,4.769224042886562,4.905424494494442,4.980559060902689,4.867073896858157,4.655332630150532,4.222480629218099,4.1721532964972114,3.9248673784178587
2023-04-22,5.279141542623133,5.085455456006378,5.018021600481684,4.75783321666449,4.901590391960909,4.956974046530407,4.891777379457417,4.617796344375329,4.250500640572504,4.195577005751246,3.9582881319443324
2023-04-23,5.279062610088092,5.043490941390708,5.027420613616415,4.7581066633202935,4.897258196088472,4.984582253956884,4.875171173137857,4.597594019066159,4.240380627284005,4.152159986486762,4.004962376252359
2023-04-24,5.369954493869966,5.10570380771163,4.994930592308054,4.734818443287227,4.907591839736906,4.958955592259307,4.874860497639116,4.632834022294955,4.27856578352973,4.19576918637924,3.9805668518551545
2023-04-25,5.319021073397494,5.098147111171166,5.040459682238265,4.809669182355033,4.8938297950523335,5.039743564270855,4.82391374417952,4.60693023752136,4.241091447022107,4.189345382317753,3.9727186997530697
2023-04-26,5.289424950897918,5.058250886776036,5.037960471764068,4.796973011445774,4.938198148176089,4.959540281203839,4.872690378626383,4.612553424252021,4.314464660928808,4.239978414122193,3.974312006121221
2023-04-27,5.272407922056769,5.149118653251411,5.0211135542748275,4.766895859525418,4.896045794672559,5.052847082216014,4.8850713044059795,4.586500724715349,4.228034769901023,4.204304430888778,3.9562003286223537
2023-04-28,5.260675518228388,5.099593613960512,5.014137174170506,4.819973467159928,4.958408670702119,4.996490266818828,4.949561751210999,4.66428116685203,4.257822754002477,4.254177373900217,3.96398620686001
2023-04-29,5.322750821245836,5.104762049574676,4.992613562450219,4.781410629079418,4.957670546504993,4.959917848574488,4.9166372952550885,4.6292939400532225,4.336035453652266,4.272519379175939,3.9958088512632717
2023-04-30,5.30171774568841,5.14250845221739,5.069063985972974,4.779280596285698,4.969231868266151,5.047949298082731,4.947154969526404,4.650702297956639,4.276351404650346,4.2570070436848795,3.944094076296439
2023-05-01,5.289485487845413,5.178355865910594,5.0186963085812595,4.786336590786491,4.955207383504688,5.016392018551526,4.924028400665297,4.618510704219033,4.253630494733878,4.230102498588986,4.006099415057668
2023-05-02,5.320484346428539,5.120811202677282,5.075550507520693,4.762366773526448,5.069208965515324,5.0438412016521355,4.889777030473882,4.667003204755467,4.303305571321771,4.243775507928446,3.979291185304531
2023-05-03,5.315147260758545,5.1605092382597295,5.071820538179137,4.836000539868777,5.023722887358954,5.060700229807135,4.919628562529979,4.635386882696057,4.2861136363683,4.196756139225041,4.018337541572763
2023-05-04,5.405903987061247,5.178880331788922,5.107116218812085,4.773259786738658,4.951583956856201,5.039784997253027,4.928185237556472,4.658299464057358,4.278926815579732,4.241441739612512,4.025014023275046
2023-05-05,5.389418975985091,5.194150146060796,5.0846828074245,4.79766524660381,5.001891798730883,5.017525725329985,4.897892672713837,4.693176509876718,4.274739993748169,4.222577353162713,3.948585181395839
2023-05-06,5.370394800038392,5.185975654881751,5.0908474035785645,4.778560054787708,4.982635939717488,5.070195954281228,4.91948978954445,4.6948410481003,4.39426633479319,4.272141775949977,3.983912990564225
2023-05-07,5.422680796462116,5.176981438691282,5.129658196560797,4.844539587785153,4.976397088336023,5.046563946929249,4.929787875032028,4.674719585803565,4.307253534110282,4.331402265929872,3.978263665182685
2023-05-08,5.388236461474612,5.170459017722685,5.124709777311633,4.84889104682488,4.972569810596281,5.0727190193852145,4.989054503997841,4.626584602233613,4.2606041365987535,4.27210843068188,3.952103254747435
2023-05-09,5.3676944265950635,5.205150229321349,5.13108355174049,4.84986390701951,5.0316642543329255,4.993118796591451,4.8833744184335615,4.773646871687204,4.366739767745645,4.200260190896934,3.9780513572743392
2023-05-10,5.4468289728392625,5.177665825689437,5.142602769271092,4.834636901792383,5.004167571108244,5.076713175198458,4.9868677673653075,4.740458474907682,4.3438043240084685,4.252024782123383,4.084794108796608
2023-05-11,5.424889767776022,5.129438619722663,5.089368638293307,4.836982124910459,5.0595405859963325,5.049704898283245,4.927471951512852,4.71396938883232,4.306008486679116,4.26939054289498,4.032357779782139
2023-05-12,5.385177379859505,5.237410285179823,5.165035878020497,4.892300766658872,5.0662018637541815,5.124006412999418,4.919282201397562,4.673885916699509,4.304525910618241,4.271177659168221,4.074094302034379
2023-05-13,5.418142151685524,5.258651278869429,5.167588219066065,4.868059440512027,5.083474351628437,5.098630462117579,5.000697948799685,4.697253763265096,4.356227555218527,4.249460820783141,4.043939089360767
2023-05-14,5.405126732282446,5.167850559379926,5.12558129115108,4.900259039778843,5.022539939712726,5.092650527632621,4.9920982424585585,4.688525192612615,4.332106760805612,4.281559568033788,3.9992887734866174
2023-05-15,5.397439850249411,5.215637640135547,5.155612866165123,4.87038925798863,5.068213405991621,5.105547456569871,5.012605156037807,4.74689671133627,4.285213136807032,4.239728884449811,4.012556492755675
2023-05-16,5.474223502728013,5.271681125023981,5.168595599456757,4.908543342152241,5.078753407260138,5.066494876066328,5.003805801862518,4.720996471945228,4.400075225941334,4.251447407106164,4.044116075085687
2023-05-17,5.511220962080028,5.321994384574687,5.172565674568696,4.948361034455052,5.051368405699862,5.150622509286235,5.046382273857338,4.693724123289243,4.336891440408382,4.301947198757795,4.042029513231287
2023-05-18,5.4194678584349125,5.268042625832078,5.1934285425512,4.932985575470584,5.0482413716893415,5.167129571915963,5.006138032376446,4.707241522199024,4.398219185171896,4.254869994055685,4.014013559463158
2023-05-19,5.4857867086498855,5.2527144778870944,5.233152504153703,4.909152955301872,5.125467924396443,5.12462664431441,4.989458786863868,4.759102621574257,4.39513389518573,4.3042410637611255,3.98845185505378
2023-05-20,5.456837613451708,5.276190071456737,5.229450040684589,4.935353156294123,5.089782137619927,5.165989442569694,5.0092052751611655,4.777560567575181,4.3301674941651225,4.249754015588965,4.13479083861483
2023-05-21,5.4691890940357055,5.330032495525677,5.164402974550874,4.926516289923079,5.107798625082922,5.106628494003978,5.040973708619703,4.779486276479079,4.394598720310555,4.346514495698583,4.034318576417132
2023-05-22,5.473463904817905,5.276503551142809,5.2291913301972,4.94005914397181,5.069807212047604,5.105202839387167,4.985028494559062,4.760414224211433,4.347453493706852,4.273062180473589,4.031164865321707
2023-05-23,5.472735967250188,5.278990223696126,5.2571442770367485,4.936128532996335,5.0636286241201764,5.135745194132762,4.993581381305056,4.734179879827022,4.3143781953970874,4.292289802957206,4.046710127583521
2023-05-24,5.5075186094429025,5.295554620777648,5.235615147902337,4.947028767782202,5.088849296562551,5.152954986786904,5.008585886875032,4.648557204230198,4.361012605686511,4.31161688017699,4.038390590503498
2023-05-25,5.488529234300162,5.288495650053302,5.263462691565213,4.964371620418999,5.107925948713643,5.133464760406619,4.959422417898092,4.758750243592438,4.389040108948619,4.287426026337436,4.051706162652204
2023-05-26,5.528953933861247,5.327822045820754,5.297811756964991,4.934246297112626,5.085422165148622,5.1667835183172555,5.0313962393648435,4.75380243885311,4.3665786166846585,4.311366309462804,4.088974256467216
2023-05-27,5.5267035010596235,5.379916773858498,5.274853482248934,4.939597382578653,5.122744178890154,5.165196983373182,4.975352989315075,4.762067864845873,4.374588503251107,4.326992206737091,4.048960826372209
2023-05-28,5.528400754613927,5.347891549937372,5.2583084053371145,4.9344328223008675,5.078063918997719,5.131399847105013,5.038200781199665,4.763485873670623,4.421435886055426,4.341207253130614,4.020137518699648
2023-05-29,5.515689189267434,5.337639800897886,5.288857367017211,4.934085193325543,5.10078621061955,5.182245730650191,5.067229246476683,4.726071302600135,4.3936426005332985,4.3387813178697705,4.052481387789215
2023-05-30,5.532948431250038,5.343456001881286,5.268515743723324,4.9515681655271315,5.1601727525237155,5.19791003113272,5.031615427601088,4.786561515689267,4.368457847208512,4.312520020196309,4.0457010494497565
2023-05-31,5.580237568832897,5.312303469061806,5.271539645885837,4.998853152320577,5.163806353989371,5.182460079173329,5.100876198280388,4.792775934124901,4.41811707694313,4.315903936540966,4.104643219144262
2023-06-01,5.579916619715986,5.392670481379317,5.266922844971138,4.973257814533088,5.139573221013886,5.217197051050991,5.01137874892588,4.798240107325518,4.40627637882765,4.39339553651507,4.099343935694094
2023-06-02,5.54286495449495,5.37080943254658,5.3309998858399865,5.02141179223807,5.126423365656886,5.1513871177423445,5.095552925232323,4.8101182881266835,4.327978707211736,4.354029396539191,4.069711411122695
2023-06-03,5.582463551295151,5.374687103608853,5.266166559922611,5.012996670132044,5.131751070007985,5.20722960810202,5.084681044898868,4.803784320322906,4.419749196156998,4.300479736822844,4.030390289752171
2023-06-04,5.609306857657582,5.482841501467911,5.343302336649045,4.958842239457832,5.15698234895887,5.163355005621343,5.017548490316197,4.777294666371622,4.421916470901545,4.3337273155353,4.034233933195271
2023-06-05,5.5439546699711695,5.40294768675039,5.31892929430624,5.043479180309897,5.193113738627213,5.170304014225471,5.154946826132898,4.791394433913416,4.414019715427543,4.323258329565989,4.07371459267148
2023-06-06,5.61759937438044,5.378358477548206,5.268546664249024,5.054077089744874,5.207214141559472,5.190052486249028,5.0762953335800844,4.8001687190468445,4.44341327134537,4.33182950777963,4.085592864318982
2023-06-07,5.588671986903788,5.395039110007926,5.3281384549057655,5.005851372314837,5.170050438717353,5.185963723496514,5.056459284782932,4.804573065364659,4.399728550805525,4.301573780047937,4.0664990884213275
2023-06-08,5.632911418659051,5.449191594016306,5.260682191650003,5.054178261444695,5.155912506517448,5.203022168873904,5.045138955870912,4.835187629671877,4.433225621935645,4.328662459517734,4.065559833162243
2023-06-09,5.600129309543224,5.425035714455354,5.349013360543874,5.021774208716111,5.204114982874099,5.2182656823164955,5.0853106866074835,4.8284423258273925,4.379344517901141,4.397921008031422,4.064400875739968
2023-06-10,5.576105354177718,5.385379877059072,5.363361560109203,5.056287525343862,5.176927764133575,5.255024847053233,5.09264080471347,4.8753361124941454,4.44178131923089,4.36349369517707,4.083695986554426
2023-06-11,5.588641626648551,5.462987175603612,5.325582036678105,5.021302578701638,5.1916323595257605,5.225487575311735,5.104086527891718,4.883086046994687,4.491368584026964,4.273926766478843,4.015121145942506
2023-06-12,5.646118124339844,5.422239796694397,5.353599093459798,5.011316555646221,5.252476575255934,5.192758064660299,5.096610037817796,4.823150496624059,4.406132405212743,4.387696887202836,4.05576392688537
2023-06-13,5.659666766211461,5.505348829985985,5.415049425251611,5.059489797629997,5.243062581715001,5.279725959792525,5.129070294780407,4.709523480102456,4.416378693675888,4.386411254402081,4.072185648891027
2023-06-14,5.631937193677098,5.488409328552359,5.347776679603753,5.0731196006447465,5.228511892551224,5.22560115332592,5.102967350655854,4.865583607920949,4.421060558951764,4.345464851410698,4.1294097005391395
2023-06-15,5.6854084019177895,5.449438680151756,5.337698818276872,5.0707510728142315,5.1911316024563385,5.2541352685436316,5.0610633755736565,4.81611642665536,4.44944308133312,4.3802764586066685,4.070951851902355
2023-06-16,5.623581546213776,5.508131988337153,5.420425748962233,5.053003628948188,5.2411407921222395,5.274469339709595,5.119141098438395,4.812126124459462,4.416828252735291,4.335486063402897,4.102956433385605
2023-06-17,5.678614109276544,5.478573284026804,5.441356349901923,5.082363993272103,5.27218179933468,5.272231508638156,5.057101097434911,4.828054299736465,4.464527310296911,4.349664448398228,4.106509517889166
2023-06-18,5.651428459849643,5.508950162895413,5.389085829596413,5.108269815616861,5.234529969865703,5.3042323730635434,5.1432361191631015,4.830439722430382,4.480460225797356,4.411227431851837,4.1408165430007955
2023-06-19,5.675359646022671,5.50473173686952,5.425808666506886,5.10466803072886,5.2918232674260866,5.2909349621222175,5.107735907099856,4.866033054499395,4.474245422787747,4.360613151375942,4.141917397874907
2023-06-20,5.703486068029978,5.4716155723191555,5.442192713513204,5.117307795122047,5.2955572869680125,5.255877804969949,5.146502231165128,4.80470267530066,4.408317614062096,4.31516245512938,4.104471480002578
2023-06-21,5.683394936180527,5.484510271642465,5.386151669108781,5.097541599017192,5.312166469468066,5.352220779196454,5.1855050223683286,4.822970009494728,4.494375520769121,4.371840253076809,4.094084236997509
2023-06-22,5.704808006980684,5.541520316834125,5.400339136244768,5.158603486745514,5.276886062099082,5.297835591202402,5.122096764442439,4.869407619924626,4.495787523724538,4.373862487507722,4.090581965209495
2023-06-23,5.753665157813762,5.507377445953699,5.458291273691104,5.093968502958952,5.290819786429342,5.292722161016083,5.186868720329224,4.881608018245393,4.495713203262516,4.414648083932463,4.105409462556853
2023-06-24,5.7132959396458665,5.512105211172402,5.4783770627690185,5.149677381996568,5.321088161072001,5.331192274451836,5.146496763435787,4.885968638460655,4.485131595248452,4.381600359130252,4.101761235173373
2023-06-25,5.762794661843217,5.502349950700422,5.451169783485774,5.176299549668623,5.297544364591533,5.314885804457007,5.2165575793403525,4.846910106109666,4.483686333103099,4.370992643533017,4.133528664756614
2023-06-26,5.710949035350909,5.550495825848669,5.414341036166031,5.161057935334013,5.274541282208068,5.32450276412018,5.157466565716509,4.8449684004149205,4.511183277617153,4.417458505810752,4.131663728868599
2023-06-27,5.767846108339864,5.606443349516719,5.506795054227427,5.146338731938537,5.281573792591665,5.39241121658254,5.147662144933357,4.862909127358958,4.541044814874737,4.392194355095705,4.13894030279204
2023-06-28,5.802306443342661,5.519317144763577,5.4376977527251285,5.142345463196161,5.307634770677543,5.314508226684961,5.197946517981034,4.889093041974279,4.457873140441354,4.36853116883189,4.161094108090227
2023-06-29,5.692013371743367,5.558841288660748,5.450012569738801,5.195053329132091,5.267205855155696,5.31834186920694,5.168705000565511,4.930247009959156,4.521930447181581,4.428140608550745,4.181328753589881
2023-06-30,5.749355352319554,5.607249197548905,5.476773086823904,5.1270544458369125,5.307066297036609,5.336481790760683,5.160981691781985,4.828042803438279,4.490120147876724,4.401757255557998,4.131307675327495
2023-07-01,5.797670319394516,5.56925777910974,5.519560698736566,5.146409888839755,5.349698895466062,5.370236825254596,5.176333882202073,4.886624945550457,4.491934347234371,4.398490048331633,4.16267504774113
2023-07-02,5.7813594432618425,5.591979439772345,5.504985046223142,5.169353996045265,5.256500594516779,5.297999670187747,5.193772457211411,4.857045262029585,4.452844656632322,4.406192791169574,4.12126321495392
2023-07-03,5.805674795374108,5.553294831286171,5.498238820099043,5.224174903728762,5.373705972014846,5.289331050174323,5.23981556677118,4.851235318428446,4.493511352378806,4.3711874194369855,4.169483898044582
2023-07-04,5.783507704376465,5.6047715486446155,5.506116067382376,5.2042005920609515,5.3667738652912655,5.335784256362012,5.145965233617721,4.933586716842744,4.475250220244239,4.389928707198834,4.1678986709499055
2023-07-05,5.811309282228278,5.593061314810024,5.499945136975535,5.169526432473065,5.324738920909527,5.309478224768734,5.209116441621164,4.924690867399772,4.494364605591754,4.408315824844056,4.168424880043433
2023-07-06,5.811123349196997,5.634998719040528,5.52180415751706,5.195017046742705,5.360261155651778,5.350847643301228,5.231605997389364,4.925608200850906,4.47844590968189,4.4048178961672395,4.1431130551651
2023-07-07,5.857907215784987,5.647797707236433,5.435591695112959,5.191653546629493,5.349480044513869,5.3837629753448555,5.223096185219325,4.943528246670095,4.501034963367369,4.451279809979852,4.122358585329926
2023-07-08,5.837584737636261,5.696610732021613,5.50899730941279,5.194545284265538,5.391710375509534,5.347059908973636,5.261021750810869,4.905277649672539,4.5054293267124805,4.422078233852652,4.102691915558707
2023-07-09,5.847157081666267,5.643059165660414,5.531550997171507,5.250960363200699,5.38971533938709,5.336071216460547,5.223927991191224,4.910461562913965,4.5236256732771265,4.443652480723047,4.145445415478319
2023-07-10,5.831748373251221,5.6421893179362135,5.496195752134017,5.186195373172403,5.323656291558671,5.3860492743094746,5.225054108600142,4.992784062775105,4.475391140812394,4.420736989726114,4.194756251560168
2023-07-11,5.8365512262921975,5.6449913848591775,5.548729998143689,5.281364609876343,5.388699499405722,5.414938374337736,5.252792841804651,4.923586709361433,4.48357918215183,4.454594266691542,4.1415907079357215
2023-07-12,5.845276707302608,5.635308722336871,5.537419832675604,5.263701376378716,5.370335908247875,5.343305798885669,5.242434932857697,4.956809998168769,4.54091397926705,4.43728290021032,4.176561123260922
2023-07-13,5.8771606244050245,5.662801767545028,5.602631715298144,5.277333678681795,5.384412997786728,5.423855184727866,5.232176334845277,4.938720427437594,4.509246221911596,4.428212364200356,4.180448483761772
2023-07-14,5.859770957570518,5.650528694004088,5.603571572377838,5.236473283886902,5.365506556531698,5.428861143986075,5.263806767687782,4.8868551792241055,4.5685193174596215,4.429865419710219,4.148743570064308
2023-07-15,5.888167250806461,5.671188248934675,5.5488206671200615,5.251617441715269,5.445220189908286,5.438059045446378,5.233181472679217,4.884739280455715,4.546157071324241,4.404086649969098,4.19887056843043
2023-07-16,5.948809879096991,5.712406483762153,5.564684128903198,5.218876110927028,5.429403222516131,5.451086476921489,5.23885816102733,4.9324853541022815,4.560719150319241,4.450385162529709,4.074248571147488
2023-07-17,5.919756037941666,5.649427127969377,5.573406086048567,5.251886856982918,5.381434702364784,5.485689363112814,5.24579134089816,4.985316415279331,4.587956363519961,4.436431668049346,4.126956409812344
2023-07-18,5.890916877932419,5.720565571625748,5.568491061401511,5.28819375290444,5.369017420162261,5.414044607805419,5.306662705857828,4.981062642540762,4.53946583027633,4.425040657613936,4.138303078423041
2023-07-19,5.94381038656536,5.732629691643122,5.594309259866254,5.318024943643818,5.402915143583524,5.433114740637678,5.173881644000738,4.988618991051995,4.534646616407753,4.475759612139569,4.143316579051668
2023-07-20,5.902609442062663,5.6963226747678695,5.572129295835267,5.251689108046405,5.43295191925751,5.422436714201623,5.286823886890536,4.935370591128144,4.581159108712781,4.407527605016559,4.180135001653272
2023-07-21,5.86078730105278,5.6429592905897366,5.567380377963747,5.2797014608060735,5.432556714685896,5.440093745162063,5.280430395149153,5.017246216330573,4.5734232494485525,4.434830766571446,4.180890677977915
2023-07-22,5.898769629963614,5.695132449536538,5.626403335724614,5.291892802117101,5.468380653325358,5.491127759109635,5.233425224379872,4.943614318867893,4.555650988295316,4.4808122397698105,4.186155284329909
2023-07-23,5.879971739600224,5.759031328925143,5.633033375352276,5.260325802354469,5.45992306538298,5.409901034496945,5.297595262983568,4.982740182164209,4.60615117980741,4.461925119620961,4.194367871514639
2023-07-24,5.932635712366016,5.726192291542301,5.596446077145478,5.325710460236051,5.470754270279897,5.4295329258663525,5.307031408834288,4.979842713430131,4.561180385880186,4.453506380393822,4.1501362276730465
2023-07-25,5.95082187405506,5.70365880900471,5.6538670921906204,5.292023825903834,5.45691775116861,5.501796070539618,5.314906925973572,4.978738641011781,4.571675171336261,4.464959175092461,4.144252340087922
2023-07-26,6.0076534767844185,5.72525711514394,5.614493036270452,5.313658668339353,5.4108814223329595,5.496201484810977,5.222125558441818,5.027918175211286,4.574477101316696,4.465302857652385,4.194850028345782
2023-07-27,5.974262283438607,5.772384635513883,5.647472564352951,5.311742271040583,5.452141368756596,5.459829947779554,5.347138724525828,4.970416871551344,4.548955515295497,4.416916600740001,4.16622108741225
2023-07-28,5.964978860621392,5.77033713796986,5.670928705740354,5.307404739066713,5.495270840873724,5.501483463148246,5.288485810850402,4.954896263195911,4.582478491428182,4.454439582059473,4.140186441697034
2023-07-29,6.003535005189867,5.753539925738776,5.65175456273226,5.336661692027965,5.467382404696147,5.491219618786152,5.335690277832996,4.9998032119356015,4.625216254590373,4.51591920082284,4.218618930683178
2023-07-30,5.919423522431836,5.756479811165235,5.6728537327015145,5.3361971416154494,5.489485101848806,5.531127590877728,5.3418054896633755,4.991032397849519,4.59983017297461,4.450155323105218,4.233515066161207
2023-07-31,5.999934778786313,5.762512584345628,5.6501714262742,5.337306552670239,5.4702988264551,5.493495550501172,5.297757323665562,5.108177697354391,4.590586086121649,4.462903126454323,4.240565970342297
2023-08-01,6.023105306284753,5.753378170523873,5.666227604146671,5.332410004180471,5.45444062296531,5.527175067428427,5.348362153764166,5.030985830668186,4.5879798391213855,4.458726485838448,4.201656465972649
2023-08-02,5.962739249204475,5.8363014852931965,5.672407809713946,5.369656088826332,5.487113404812704,5.580817462080109,5.321479063600446,5.002250399633745,4.6059433838049815,4.4748936723157335,4.217025469925709
2023-08-03,6.048531649112462,5.784965157599619,5.66265316513946,5.415490521309849,5.505569170405765,5.524656465625917,5.27540366331376,4.986693119337705,4.621700952987406,4.462545756912414,4.241551232412707
2023-08-04,6.0315010416300305,5.837949127871076,5.6862193701939505,5.375895657754823,5.482116632026918,5.51335533142572,5.377084189899934,4.965819725499261,4.620681988425242,4.497183514245518,4.183427018321186
2023-08-05,6.016019786862513,5.853878720578603,5.651541504796411,5.407405229692443,5.500211160640802,5.538716722284525,5.323313593320194,4.995329999121343,4.595652255321593,4.491049233027746,4.238210975922055
2023-08-06,6.054599529005946,5.844998919294561,5.6897484992632235,5.34164349257761,5.484599772399998,5.511258763240826,5.325449423759529,5.033399519449171,4.618561752774427,4.510891772059064,4.215380749957513
2023-08-07,6.110880099537549,5.808917040788599,5.702425721735775,5.393917502449125,5.551868343163958,5.5990363631695015,5.343518028696105,5.076642537018497,4.62643354243855,4.458719787951879,4.2367657088745485
2023-08-08,6.055364349964015,5.840799530650406,5.709781500993493,5.362104375255315,5.514971017724853,5.5379860872114195,5.368309589096454,5.071351692864363,4.58504370022301,4.482607866618424,4.217180137359236
2023-08-09,6.064510049289071,5.834789870389113,5.716723122085496,5.35656491139722,5.572907632457741,5.529589273377969,5.36296377442163,5.048459345457242,4.6235380305049185,4.488624049082601,4.252735736204184
2023-08-10,6.050443905530016,5.815239136589553,5.7286227263108875,5.384545429873388,5.58071446750862,5.517906821737025,5.385670419419309,5.035784301497486,4.556891134669957,4.511650578352153,4.222812343820976
2023-08-11,6.0458971415641924,5.85892197554237,5.751373167075892,5.448344350450889,5.537954715919416,5.581101425051847,5.333597587192967,5.057444087766364,4.639453177253808,4.4767779789281335,4.173853967502908
2023-08-12,6.1034769317576325,5.82066776382138,5.769746570075021,5.4469557333008725,5.515673896759232,5.579415081415354,5.356072068507339,5.037728720285462,4.648042352436619,4.530645875517227,4.264206160653789
2023-08-13,6.060065573963038,5.8985240576191185,5.730546306384793,5.43162057930181,5.488899088533145,5.543700980947691,5.379432874370405,5.108754880862904,4.653921519213518,4.541378777605389,4.194505974885667
2023-08-14,6.095083353747097,5.85581703271818,5.720478710982076,5.384232089860286,5.512871179472796,5.58114501702389,5.444426465463213,5.055452511258433,4.622915181144832,4.478738786294086,4.262815888037088
2023-08-15,6.085802164177779,5.8826595706713105,5.731856342042224,5.430215041696664,5.521381309905735,5.523832569020702,5.38866065874346,5.062470685977255,4.647318013604162,4.496306208535419,4.224818002353409
2023-08-16,6.121704240058985,5.892000193656688,5.755052182098168,5.451052694448489,5.609522495228993,5.579884235881053,5.429225210986129,5.002527294773081,4.684054007337358,4.49771087116978,4.265115858198186
2023-08-17,6.124555293593503,5.882618922434595,5.765669073322045,5.4531740821655434,5.577223374105817,5.593171968262133,5.402427215185006,5.06708879714744,4.687046214413506,4.595285993526738,4.266198107043239
2023-08-18,6.15289002897652,5.914879324845851,5.759693308968479,5.398508743755598,5.591025367135589,5.636071805852415,5.39137151274813,5.102005156315823,4.647064811505696,4.506072349631874,4.247388322170382
2023-08-19,6.113689738468213,5.8899319495627545,5.75048438816151,5.433036010303563,5.51832174430368,5.56699863931745,5.4030991283310295,5.048846841398457,4.6554357652866525,4.5719625972846005,4.252078722376307
2023-08-20,6.128128563066361,5.937226817062729,5.782267360328638,5.463754826256102,5.554601253317896,5.557052754344195,5.410076915875099,5.0623340712288805,4.687909189633399,4.486309069465868,4.251849974848694
2023-08-21,6.114104839361703,5.877625814918947,5.807985458420944,5.487706296085394,5.622767416584442,5.573829638954478,5.437876758933404,5.112623626278944,4.612893144271421,4.497302584726707,4.181114825514382
2023-08-22,6.137390426600362,5.928722542828947,5.826993970457532,5.411683113929286,5.610382102973671,5.565893755632655,5.465653010749219,5.0485388180961985,4.651570124601248,4.509088123005932,4.247448096568235
2023-08-23,6.169298418133851,5.9900337897554685,5.799029744631684,5.478661749842967,5.602995827188009,5.651398222722561,5.439861960302809,5.128578597980905,4.70468471430318,4.50701995417611,4.212795224678563
2023-08-24,6.187958114296027,5.908799726535558,5.80998094208648,5.493784760801269,5.629999778939961,5.663074897509738,5.469350469975386,5.084896243862056,4.697238997771909,4.527068440450727,4.25380222726491
2023-08-25,6.144861586760544,5.925430210300336,5.801197623080871,5.5209589578621925,5.667780545320988,5.6315491214055875,5.409470957798649,5.093229629173219,4.682436614977868,4.5165673814271425,4.2167784640475
2023-08-26,6.2059020142656935,5.9681419957365165,5.8346925087197326,5.522243258526552,5.617737180677543,5.663918226538435,5.430662310071912,5.075206720351018,4.629569947513319,4.515986519059654,4.217929132189134
2023-08-27,6.2277796198286905,5.965083879746195,5.816829509485748,5.524931392522667,5.632121289261609,5.636644888822739,5.4260689458260325,5.1243112941120295,4.676644483754888,4.578067835087253,4.304047652469135
2023-08-28,6.206819689966973,5.977196614481533,5.866132614533627,5.489462702201462,5.641499893597523,5.635129705237625,5.461938529661023,5.190823488751787,4.663852004579535,4.5827854124085565,4.290416094009951
2023-08-29,6.25803633803111,5.988344380157743,5.8020290740942375,5.4622376099364525,5.713177265707317,5.63335915067643,5.446454132890553,5.1445404068276455,4.694899261926235,4.577319594990869,4.260652725090232
2023-08-30,6.1858444173718015,5.999711381309571,5.8514924909869555,5.513713086264307,5.584135624951387,5.639416227050441,5.483844432718414,5.099245974564792,4.664117419694782,4.567341076721778,4.268775811469529
2023-08-31,6.179054034082017,6.020971762787179,5.878001080051375,5.5615909993261425,5.673325827360681,5.607682182574877,5.438760362609437,5.163333216217417,4.661067081497697,4.557195260014583,4.258262579616038
2023-09-01,6.170377741206678,6.006996556086814,5.881179679573789,5.579393575320156,5.655108519736804,5.667442877812951,5.4727314595146765,5.123865439347319,4.633345162805146,4.542305495825986,4.285275355530503
2023-09-02,6.275976578907858,5.9944958296955155,5.963162879024377,5.564964961715676,5.681289950203157,5.663715090882099,5.496807465060669,5.178712896714906,4.735409107363159,4.531436861212985,4.250388265130064
2023-09-03,6.258092479473293,6.028952799152863,5.89958366718793,5.562598047803165,5.650310724833382,5.6927068015096705,5.419015053204337,5.165802585188707,4.690237334448705,4.573748477563199,4.302984892680367
2023-09-04,6.24417071729287,6.0728246686523875,5.865696525885619,5.567187259613154,5.674319072421168,5.678583681425428,5.5494068221228705,5.057443542309508,4.710432069155431,4.530488690238646,4.268094949969974
2023-09-05,6.2616246754715865,6.018912538406401,5.8996935575010925,5.545205790742713,5.702897604645387,5.676340110330235,5.482058533062684,5.119762568852201,4.709149682578397,4.538731066429134,4.2656192185453445
2023-09-06,6.226859036438556,6.0007298496351495,5.856020359689036,5.564089982721943,5.780721118477627,5.660540042463844,5.434608677789309,5.182375473720176,4.680704940881822,4.605999398392303,4.281405412178465
2023-09-07,6.341405206673711,6.070263280747569,5.9136510815738115,5.624177586595011,5.717364799886036,5.69430652469238,5.504921171312539,5.162764499287091,4.678479260546802,4.631307105909418,4.26557144314374
2023-09-08,6.279329182778984,6.040535623708506,5.8978498882244805,5.551953852375522,5.67348313591575,5.719766732088538,5.506011941818024,5.131684981962367,4.689627229228462,4.588974559768149,4.295730687415436
2023-09-09,6.2861653601382725,5.98607434440263,5.957087053532782,5.634810537953125,5.692025298254073,5.668808833465165,5.507394000776357,5.14758497566457,4.701639436930354,4.613270033629926,4.272326355864611
2023-09-10,6.312098657236306,6.0837957315392215,5.91993429569221,5.582854504706043,5.696960348794654,5.711234407361957,5.544440773550064,5.113612786970312,4.737892918394137,4.575614126871133,4.305092707184382
2023-09-11,6.312209351146953,6.049443264386666,5.93972416826186,5.638438180549434,5.662529957868113,5.7211145773633305,5.541994709501123,5.172368233273383,4.706595973534421,4.545785349398274,4.330119806918682
2023-09-12,6.311960380168853,6.069928614445938,5.9309786311475134,5.562642423053887,5.712344921062353,5.698106436779431,5.5333861729678615,5.245572085966786,4.786447620083318,4.607219556643203,4.274675510954983
2023-09-13,6.289005872576131,6.089757091771556,6.009040798025083,5.628607534734414,5.750092856769123,5.707549870782226,5.542845380177857,5.207643864111419,4.768465544696236,4.608884844547535,4.294966476745573
2023-09-14,6.3343519531329315,6.092677394801791,5.95407962341445,5.595122806298694,5.695753448794387,5.737653239819244,5.531113164852252,5.253465432350182,4.765512712783636,4.596920986889207,4.315365353653431
2023-09-15,6.3841680665189875,6.11542241853582,6.025547107722938,5.580975445454661,5.771319473140816,5.702293895457433,5.592424316277238,5.21849456828756,4.741295953313491,4.590477521438357,4.291104596928981
2023-09-16,6.375581074683903,6.088262548818514,6.001860359435513,5.636209161117006,5.760395051113563,5.75236818457487,5.499711925839367,5.227129519963392,4.7939508950071374,4.629606123565667,4.320778089669391
2023-09-17,6.390537001457606,6.123920481111639,5.99877521349435,5.666169174348033,5.729643925538954,5.720596198496242,5.553218188948359,5.259822808370097,4.745632087819977,4.5741720747666506,4.3261919360969605
2023-09-18,6.3349397203784745,6.107953036156274,6.002264676715697,5.616780930763128,5.753346530613178,5.784941276336691,5.555932896106119,5.216226546575484,4.754897297995352,4.58354821467802,4.34472273114595
2023-09-19,6.32813475943322,6.145127908818744,6.009918203689749,5.603415186631793,5.811476010025918,5.828801878509478,5.583346839032051,5.203612987907189,4.764610424447158,4.57954937375415,4.296753557925558
2023-09-20,6.361607997582242,6.148660867631976,5.947187903657571,5.651899213960599,5.791479229222177,5.7384683286923,5.538611892273316,5.244543709947431,4.784255151517779,4.615386125033261,4.289371916873625
2023-09-21,6.3746240995892824,6.109385079500132,6.003577627077798,5.658312845720704,5.775695303571812,5.785953918136957,5.516609280875519,5.2615264427427695,4.7860102546809005,4.5832579986292314,4.311163355646447
2023-09-22,6.413360944500325,6.177288303829599,6.044237220878028,5.683679353365434,5.774272906428119,5.753774790188639,5.578629020614347,5.207872673646335,4.756365137370664,4.598438913104847,4.294107249732041
2023-09-23,6.337356255937708,6.135902788378199,6.024366273129866,5.70202401957996,5.789685951455043,5.8124678014578945,5.5873790848154545,5.204998091383631,4.7583583460759895,4.600878484596888,4.342837594487596
2023-09-24,6.441623894575462,6.183508573598774,5.990640598904927,5.67807274818825,5.77803175154685,5.748956360671258,5.628661004544635,5.235197612551522,4.797287929610548,4.617331500243358,4.293826665866778
2023-09-25,6.398616573241516,6.177582944073331,6.038199705626374,5.741851967532337,5.736251897389345,5.807019499786153,5.55090606458838,5.260376920930895,4.8033040813844945,4.58364077942045,4.401460019832556
2023-09-26,6.398182074750124,6.22901969330225,6.097883024635913,5.699258253784008,5.866682224913842,5.77211289474097,5.628714729048854,5.263787999806901,4.77381608690207,4.634004122707575,4.37315148494352
2023-09-27,6.388269375703606,6.174492466988209,6.091167137423359,5.6884954697730175,5.81611195442716,5.797806606276181,5.670166453865852,5.201546873935317,4.741784138846498,4.671946769452698,4.337468872518721
2023-09-28,6.376643138017383,6.178051638614118,6.05891332654099,5.656911034697501,5.829444777748569,5.7788119058647816,5.592894326142141,5.306060063428329,4.786977007184795,4.6417458398831615,4.365945237827905
2023-09-29,6.458652641247461,6.195295705989144,6.096342542914692,5.70376081986781,5.82182414341816,5.8401526604785134,5.5705954206411885,5.233930280218425,4.815712542939452,4.687087944193061,4.29366502435687
2023-09-30,6.443838121489938,6.194142526634731,6.06384204715419,5.707944324693844,5.807581766679912,5.796125197713936,5.602224052646868,5.249680009022356,4.854993139612552,4.684049255087213,4.421329847098365
2023-10-01,6.410633201864052,6.234608291673336,6.030771892769065,5.753253195779892,5.8301443232217744,5.843558991188984,5.619976223947752,5.235032455644557,4.768729359091553,4.6705561608967905,4.330795676872131
2023-10-02,6.418185509754494,6.169505329250671,6.06121744244725,5.7447394799878735,5.793839902987404,5.82245557959273,5.64160570586554,5.347555483868177,4.7957220303798795,4.652673292418636,4.347774569309915
2023-10-03,6.4546825793121,6.193781291658504,6.1429140712302335,5.701917622410193,5.916246934942861,5.835135812789389,5.612099429932397,5.27837467982036,4.800701740750143,4.654330147127451,4.298612780806526
2023-10-04,6.522557417968449,6.200767298196902,6.094896207023909,5.748912858340141,5.817024480429648,5.848807131238834,5.681659637310271,5.250103656134424,4.856936296006837,4.67980535626381,4.371794595869649
2023-10-05,6.472442084957843,6.268732736734769,6.102915673071123,5.770350494557868,5.829239254367392,5.827337186209854,5.606743323862999,5.306084366765737,4.819105782206728,4.648391275888987,4.326944752938608
2023-10-06,6.442890983987183,6.298976527040011,6.108335833256136,5.8025176264896725,5.8531417628582725,5.862333405677919,5.593191944270164,5.307787878778305,4.796839715181491,4.60692959598229,4.366127744655123
2023-10-07,6.488380809557275,6.251971747786762,6.1815814448931095,5.789786711954407,5.911155987540589,5.907775875588683,5.683771397112737,5.283642519402785,4.844739434323902,4.681442943185401,4.3497067114376105
2023-10-08,6.495351588733986,6.257500136165254,6.180375047356352,5.792484663593909,5.879126025976981,5.844379404458657,5.587546601166526,5.3190664175552875,4.819772044639632,4.636042125411884,4.336673358296561
2023-10-09,6.430419235574831,6.272138360367559,6.205311163088692,5.777972257145872,5.847796564037587,5.908745902827801,5.654889626685573,5.273676682148996,4.7991257439953525,4.644415046572548,4.347859398976466
2023-10-10,6.517501847456893,6.3123775709387235,6.141140393956528,5.794342167247333,5.9287134863154,5.9244167929053635,5.759785354593071,5.288248429284452,4.813033835130745,4.676604809605004,4.381762260595747
2023-10-11,6.520019806179548,6.2571974433015285,6.161956967231096,5.826713770072742,5.919228837096559,5.86088436386359,5.6711480974285084,5.247343294863198,4.895811443615733,4.677076829139325,4.339556041521302
2023-10-12,6.55566343783785,6.299678277303364,6.11477789226657,5.75579376868055,5.919680100249305,5.8476253743079685,5.643153904795543,5.272558323645589,4.859303054677405,4.640914431694199,4.358562310680833
2023-10-13,6.598087552504239,6.329304623833957,6.21178655300864,5.791854990977794,5.931240023314034,5.906256648368667,5.680335548019122,5.371146046672058,4.8550095747347255,4.691601170564355,4.403964450362902
2023-10-14,6.58426961870306,6.322615281044327,6.139658857537597,5.785734757871956,5.98785246548162,5.8867091709106445,5.685826949194071,5.370813407943334,4.8482933132963115,4.718993891455511,4.465193886005413
2023-10-15,6.550271933779555,6.3208158922752125,6.188421559971179,5.826872585182182,5.987840687752531,5.965135786757386,5.6974768869551875,5.32821074676616,4.868581251132354,4.659546237322915,4.404513998298527
2023-10-16,6.533020821245084,6.352717989842685,6.156237539795024,5.859003298010207,5.9079651810089215,5.916080876072352,5.71784455643882,5.3808046275064,4.872263779587454,4.734971218249516,4.365748877617072
2023-10-17,6.651307418469018,6.249159921362618,6.178741151131507,5.81079845889418,5.983574503061218,5.896942236816901,5.672135415569069,5.330807047583996,4.8766748785906096,4.653405220552635,4.385347185985437
2023-10-18,6.583785165357246,6.358175492692304,6.178551980944452,5.763621964390991,5.952656761877407,5.892577551623854,5.75928002015044,5.33301251095543,4.8754214142799315,4.767157027441858,4.400415594064873
2023-10-19,6.590340377154243,6.325811301247763,6.192708387266043,5.8296001694250466,5.962450739604644,5.965686087237967,5.7213645136858835,5.346728551298134,4.9021193286827955,4.694739712308588,4.392105850048752
2023-10-20,6.597124461697919,6.29812085073361,6.20205777987292,5.876018919584079,5.903038206002342,5.9218624350572,5.741185022327949,5.3460167997323556,4.880840824628252,4.714899450809206,4.432814309234593
2023-10-21,6.608662723451678,6.373056258614391,6.206272116780891,5.868849077717139,5.952608607666997,5.944035044612456,5.703875698635974,5.346264290921837,4.8533820155620635,4.655959173454073,4.41424438511907
2023-10-22,6.598676384745186,6.399216953457793,6.248007214456314,5.865852784537223,5.933622489392808,5.97168127945628,5.761598661212772,5.387309140317391,4.864634510375879,4.711143115108825,4.435242768650201
2023-10-23,6.586098278352447,6.354184683120023,6.190162254766979,5.84490833950262,5.983149903005653,5.928780388000929,5.7155965662944626,5.357812208177539,4.823937577754163,4.720162603890399,4.398874824849925
2023-10-24,6.587217147583829,6.387209152237128,6.230239158631457,5.815251993734448,5.9907553308331245,5.942245050958836,5.731949491225847,5.374997368754054,4.944427429302312,4.711038052698055,4.448387922412678
2023-10-25,6.602968837507687,6.4073197833538265,6.260490210183335,5.8694102652629025,5.896716845083678,5.943454383319493,5.695958253298555,5.384892851372487,4.909834073372748,4.697059003302597,4.4039568680857215
2023-10-26,6.58799085745672,6.398741034198254,6.208897709655332,5.829265146289695,5.958632554670605,5.964793335936216,5.69438565179867,5.365939174460375,4.859391485736856,4.685896665034899,4.380157904516594
2023-10-27,6.583263935879553,6.40884824524101,6.20311174263744,5.920172211361282,5.9933051545036955,5.962371639425179,5.745295468553455,5.32554116958262,4.876193963877955,4.748565107945987,4.4749689207911345
2023-10-28,6.608211363348144,6.3822822812495446,6.218102717761981,5.872133672768024,5.954418087647984,5.9384150445797435,5.7117102516111675,5.314432479848467,4.865912162291195,4.715942670567326,4.355269124108555
2023-10-29,6.5977516161543965,6.36266394184407,6.260792688927845,5.837981483600404,5.982272842027093,5.947310404521918,5.699786240051892,5.359864351721241,4.931677349018246,4.761623503972526,4.388238770917875
2023-10-30,6.650916414160312,6.312737650145916,6.231619853431433,5.837455067081174,5.971331588531644,5.934643254157128,5.706501124242021,5.350658935358084,4.843200309574704,4.700002153858984,4.39198578894792
2023-10-31,6.5266763204909966,6.353823540098889,6.21026898590456,5.853417088544381,5.971455221701366,5.901877042535205,5.74717400689431,5.35882715761039,4.889639696507351,4.703161573941622,4.486454602934486
2023-11-01,6.639372387821194,6.336329784404033,6.241143481799162,5.849442124602867,5.953487732921471,5.954355207985464,5.707756046427412,5.356145561086062,4.883371346986574,4.741095009601405,4.465832948787916
2023-11-02,6.644444357861138,6.427190083611144,6.193993037591117,5.890566815352109,5.925564377962138,6.003827554911203,5.7235321541381445,5.434569011891206,4.911866961007483,4.668372553226103,4.4568796463954765
2023-11-03,6.5453074384513785,6.357232571050653,6.247949930736913,5.863101630515945,5.928863241000872,5.920997571202892,5.727959977932237,5.3176023577543825,4.884388868591882,4.681105244619036,4.402589385552333
2023-11-04,6.5976884518958645,6.366665223921809,6.240227298949329,5.83602012755102,5.9842496551519355,5.924778188430195,5.670448613137967,5.2982706916236415,4.835222813418612,4.75089362885887,4.485754419833529
2023-11-05,6.597298242701836,6.379986029962923,6.219207214547544,5.915154689236384,5.9640252163472764,5.922319635532398,5.684307676520505,5.3684127736872975,4.880907933642437,4.683283450805014,4.424492028796939
2023-11-06,6.566700821493344,6.365234245726053,6.203768598381463,5.860405422280487,5.959770804996663,5.970663925696574,5.739014509012307,5.347633495697234,4.85976130579658,4.664354641875803,4.4432440734439735
2023-11-07,6.586088546421905,6.4152745782625535,6.202822619381129,5.882488237328699,5.951706345779961,5.962877610675525,5.707312166215051,5.36890508314153,4.891810433446328,4.775478862691824,4.419813908482818
2023-11-08,6.576614670227291,6.346252464739232,6.245976465681643,5.8416851503679235,5.955776280226843,5.945175814818772,5.761633692929679,5.377448436259785,4.932957256686875,4.67811741615504,4.4134479484515685
2023-11-09,6.663020830464869,6.371290940819278,6.267322132236833,5.871346185994497,5.996860070996805,5.922912145312992,5.759456930289677,5.398975858017527,4.838269959835192,4.725976299112006,4.40789935694437
2023-11-10,6.639055559240884,6.3437110898755185,6.211865975035598,5.870318507180757,5.95592788499042,5.9537565111956585,5.752560267437125,5.315768432834942,4.8669785253844635,4.723057763228189,4.409696007643886
2023-11-11,6.649675911505628,6.326928583319181,6.245280859762348,5.8048397798929185,5.926297317256756,5.904590594835729,5.786122412275182,5.344827721720088,4.874948470042298,4.637210409157261,4.434784008116146
2023-11-12,6.633734871497368,6.348731636848912,6.16947389901801,5.922542962889891,5.989394262842277,5.956387506581796,5.729592029743777,5.374947547342494,4.880635776713675,4.714065198881037,4.428100703539333
2023-11-13,6.578779842478655,6.366540291703719,6.215112863695456,5.901370729442848,5.961505095699231,5.97879712719781,5.752117853392288,5.385765303485788,4.914855165538329,4.736103793099545,4.4167072545090615
2023-11-14,6.597493540863407,6.355350082116282,6.232297380865674,5.851313289367421,5.969171024817784,5.91569317475279,5.71569711955392,5.429032635360452,4.888022816324958,4.733858430297366,4.463514868632766
2023-11-15,6.628499034922042,6.348045168688988,6.20652729557575,5.830749705871529,6.01704514727719,5.907842249780315,5.8073888954712665,5.39248891721862,4.906291879856818,4.750923418599309,4.329815206022983
2023-11-16,6.577753334619152,6.327227644975756,6.206321977642224,5.874844017300019,5.968800352165396,6.001800305636758,5.793926178458992,5.362713511009323,4.875643977573958,4.712792429438748,4.434713786323547
2023-11-17,6.636417036552589,6.367533916468556,6.214993696953352,5.86762801462985,5.978702593840979,5.93667429446228,5.735383496682952,5.338314011059137,4.901924814009956,4.746402216910183,4.441559244847188
2023-11-18,6.608437599694072,6.325505750417886,6.244413143488608,5.876317430095714,5.9352796568998665,5.989725797017131,5.747244948535973,5.348718666057246,4.9189812905651475,4.704967489596414,4.455056247686471
2023-11-19,6.605033194831864,6.39407949796904,6.2306579485061615,5.872025140944175,5.964687735487824,5.951657889102417,5.777056747039297,5.348496734369639,4.874308832566239,4.683963796565969,4.419331675826752
2023-11-20,6.63824706813399,6.374391461675921,6.169771332088137,5.882105498767064,5.990204050444144,5.952059624579646,5.732504083943463,5.386575277943298,4.920359012682081,4.687986417817449,4.4281558711094045
2023-11-21,6.630896421292832,6.328841976964302,6.173947517369199,5.910987692930005,5.925907309933013,5.9707209029331505,5.7178697998242605,5.375278445315825,4.899139705010078,4.6837052082923885,4.452146973447692
2023-11-22,6.607399399980919,6.363952112643995,6.220022429619776,5.885271481109351,5.979253737748962,5.931708419253098,5.7644480774856985,5.328518897830225,4.929592192169959,4.7585159639922265,4.467963377083897
2023-11-23,6.6536775566788835,6.351332970410238,6.252628260159563,5.837407997610658,5.9769213947573006,5.962872576882826,5.7412508399604665,5.355820618505243,4.892855065575647,4.683460457306199,4.414881583022593
2023-11-24,6.587144256666246,6.384151391806818,6.157151011212487,5.910453042075617,5.975814780161866,5.948131474049521,5.745065989983601,5.395902583097786,4.911013496149106,4.737797321713722,4.4325854299880705
2023-11-25,6.638741733860289,6.4154771790326555,6.225271760367414,5.919482102556611,6.006378432611709,5.920648862349811,5.715235525359923,5.380813536301184,4.899045478701606,4.7222859398297885,4.475620884582425
2023-11-26,6.638753024066361,6.319704812237937,6.225172550631788,5.965521688362673,5.985993141772766,5.971084448569102,5.689429821876408,5.388019324807693,4.898073618466093,4.727880529123791,4.362239174050945
2023-11-27,6.612378519006024,6.380115694559866,6.283315045531698,5.837960091188257,6.021007069136138,5.953765677979107,5.7487491844818175,5.383152563487162,4.909432825032215,4.772573131041435,4.405964534191007
2023-11-28,6.632162225008882,6.372574250474619,6.230827579990233,5.879664694736127,5.947570548873798,5.957667489488278,5.7695270955864455,5.421171156379884,4.9184824584183655,4.7192254133251605,4.471353313699708
2023-11-29,6.585566334131525,6.398239943716598,6.2545894109653135,5.810636780327416,5.9821774784396355,5.926794913120661,5.736325538950804,5.3801810333378155,4.865612794065365,4.751447788269576,4.460875876431334
2023-11-30,6.65155003020793,6.385225118478853,6.248066933834347,5.8904236943231,5.981363223223421,6.011571230664607,5.78692210521849,5.362248535695602,4.946838227896259,4.734956120173156,4.444502575959524
2023-12-01,6.619019388714104,6.35700737285523,6.180649458413179,5.858120443862392,5.947488817994742,5.990867878398978,5.723448963044929,5.347093801573387,4.8487765615909,4.7300058856384135,4.4161085466141206
2023-12-02,6.60962953187643,6.370739604422002,6.268357438990954,5.933014596336751,6.009000072554741,5.994235899017161,5.713670088843024,5.3827995062382925,4.884766859199834,4.804310296223595,4.403856667522438
2023-12-03,6.6575335847693164,6.357182532290105,6.2525252031579,5.852824858893653,6.050803507169795,5.95689996692096,5.744046398778327,5.302842187550957,4.903235235871263,4.692823055622749,4.413326839416939
2023-12-04,6.605692175738574,6.414102700612815,6.262070545645095,5.82614699531584,5.981312304220342,5.914946999769755,5.744344709194319,5.371293816399875,4.919193165527435,4.77549644151798,4.478262733079418
2023-12-05,6.585334694022072,6.383227882373137,6.36537566410607,5.863450620691904,5.9977391655611925,6.026176054387665,5.770687594853037,5.371413337115339,4.954873708745221,4.757280729877678,4.413735252238319
2023-12-06,6.581662345166761,6.440396940945067,6.185837832187521,5.819096587235964,5.985896774646938,5.966528295132302,5.725112335650559,5.337427094763959,4.852612475725724,4.723975470533524,4.436403909299668
2023-12-07,6.647320618409753,6.3823204954549455,6.300881219362219,5.901673303504604,5.962732779772169,5.946676325988783,5.790183146973832,5.351292344709704,4.8939094960176925,4.788019875392632,4.4115290905235325
2023-12-08,6.591512719964812,6.363673397532387,6.241302174957691,5.817973109152012,5.930302792205641,5.982429647774195,5.80893310941495,5.404215326444148,4.846120595905723,4.684482297168045,4.460208821442672
2023-12-09,6.68336065514735,6.340305397909434,6.2593366968199105,5.8815705571233154,5.964543625194959,6.005730453327919,5.74954250887877,5.387638182160068,4.911665488905127,4.725063829968848,4.419555041277427
2023-12-10,6.569055890618954,6.332419582567788,6.25014840549643,5.819179418259781,5.944755021426914,5.9708222561729025,5.789005085460996,5.384567422866685,4.919664280390467,4.705259306727394,4.433585956150834
2023-12-11,6.683209884939882,6.339792115601016,6.239589103889241,5.8727072597550825,6.038439256232954,6.010673448929363,5.720621281772424,5.3915066199091415,4.960040066156319,4.754678697837325,4.386814729899896
2023-12-12,6.639454379036373,6.396137654550638,6.2360288671731325,5.932425199694431,5.984670564202597,6.0056138531758005,5.785380501255752,5.385902682658761,4.916742897847098,4.709731931984679,4.389722807934146
2023-12-13,6.631035123559269,6.404198267612279,6.263821778982572,5.894755953658456,5.9785589370439665,5.94164508129332,5.785354809172166,5.421222393801131,4.945257270798653,4.756928435317621,4.439166712715027
2023-12-14,6.618406366162916,6.342318217706221,6.209238727867035,5.858849130618237,6.01642855351082,5.954540235597401,5.780657057172882,5.388456814218294,4.932269051213357,4.739160846292538,4.399999224111252
2023-12-15,6.647549961786531,6.417427027778252,6.2780932533816225,5.884639773687797,5.956923345270292,6.004301993254362,5.755108985689861,5.341829484941406,4.902518432445814,4.731195260076286,4.503728477536004
2023-12-16,6.635273051050548,6.3769102605727905,6.2439162599767375,5.886942598284628,5.968396170983158,5.895023715208982,5.667774623886034,5.4353059910695265,4.874133269719533,4.7580615095042935,4.379556398759927
2023-12-17,6.670331391704686,6.396636125603756,6.22333025507298,5.901411245619493,5.994274503321649,5.972748664449241,5.737980520934627,5.3983425432640555,4.925482404192945,4.7391736865260485,4.418227076284267
2023-12-18,6.6414931911595625,6.441432980547364,6.244565975959828,5.847060610801278,6.023929431442406,5.935141425650962,5.7392888811691645,5.37038874977585,4.873303301185341,4.715407316407931,4.443567387717729
2023-12-19,6.643412977193647,6.420809103825757,6.296618400855669,5.906680942565212,6.008954475704855,5.9646073103067865,5.729556276207978,5.351301872800941,4.957760136529881,4.832945114038841,4.432949936215919
2023-12-20,6.6288364086401526,6.3866888555693935,6.2436847223960825,5.808613026058486,6.002194529282045,5.970780172335693,5.763412065142981,5.40162220163531,4.9148829119454644,4.7351297595156945,4.411620411306652
2023-12-21,6.638880295796206,6.368852897745379,6.271342273054127,5.871692127936924,5.997932196564919,5.969841333170613,5.748019761142201,5.387073504358606,4.95644398685318,4.6840603921032775,4.41685082932298
2023-12-22,6.650669395857688,6.331880880751046,6.239506654519463,5.87678712751738,6.008442418456729,5.964867505227549,5.7366969824979765,5.438659746371898,4.907028909766954,4.726172382099285,4.416715720465949
2023-12-23,6.590979507187086,6.375709959389512,6.285022214464495,5.911284363748923,6.003334146120663,5.949370249477921,5.730520554519352,5.38190734054678,4.930350082558815,4.714266258315603,4.438682908122184
2023-12-24,6.602690498731165,6.391802154229505,6.283701293558043,5.893814986974643,5.9672368931510285,6.051893399398898,5.74167067182978,5.368014637703862,4.929416527114377,4.777920429875552,4.506693934079859
2023-12-25,6.666287520575713,6.369374211940496,6.319447862753925,5.851822706139344,6.000371974404026,6.040013457879873,5.79763457411053,5.420863484302109,4.922638274214704,4.763639177542779,4.451327716651779
2023-12-26,6.649970878271466,6.395907206114859,6.259577996762652,5.865295121353118,5.967634255360096,5.9499829405199405,5.745014163488804,5.422603371909132,4.91186512972573,4.766806299181338,4.485331929809254
2023-12-27,6.640182259972547,6.40300731655189,6.285761404205865,5.9016621603495505,6.003134236350152,6.0331652626022345,5.75025359887013,5.400761301091433,4.937475440617243,4.74460108608801,4.465911050437972
2023-12-28,6.647112896651845,6.394814199205641,6.269501904846052,5.8941878584039475,5.987140440415237,5.974575913945698,5.752858950209187,5.416850590090131,4.8987749807553875,4.748179371248176,4.484975750599351
2023-12-29,6.657846467799687,6.382918939214133,6.306295170094729,5.880045293349766,6.078600465322324,5.991294640838789,5.77758882205312,5.39628840301657,4.891135956770066,4.746291083530608,4.36842008756103
2023-12-30,6.632086129009582,6.408338559577864,6.246713947790601,5.8838539057335035,6.002082087906311,5.986380700621956,5.781966404074719,5.40529487244914,4.965563726218667,4.755843123894799,4.444145178784416
2023-12-31,6.625790190430139,6.41739755167929,6.2914894915785275,5.920024372106988,5.962012145204361,5.969346872954589,5.677799636014914,5.434089058669126,4.9509543718589715,4.784199335253153,4.4933533948867295
2024-01-01,6.6558753576529295,6.3722880276767135,6.2641590811165,5.884469222813924,6.000974593679692,6.019515570308185,5.800649056414828,5.418759550020645,4.931976748258067,4.77008226237516,4.43784792531752
2024-01-02,6.62150948447934,6.448188639200179,6.268935022494537,5.898217930486919,6.021441430176928,5.9946372637250915,5.813951708835105,5.3957824346578125,4.980814939284104,4.775864052696417,4.50873486275388
2024-01-03,6.663968663252571,6.403763436612609,6.274473655114589,5.966819178223554,6.056921998965713,5.97742453788456,5.740215484460288,5.442291956958921,4.923688115019392,4.776707847828613,4.50123778519417
2024-01-04,6.6015034752340265,6.408146472049507,6.280148195253963,5.859870504254645,5.989897411363001,5.953443300047148,5.743412036019118,5.331635322177417,4.9722620799608315,4.789114256482614,4.443507061877338
2024-01-05,6.684314790459885,6.429686554037812,6.269953250046457,5.847884839392877,5.960967282119407,5.966632270928542,5.759932519706768,5.465002320682774,4.938707343887891,4.772084622586323,4.443345215768725
2024-01-06,6.668476164409263,6.416294723874777,6.280739635431988,5.927805929880831,6.033803350279801,5.94505683646881,5.751618119353175,5.35311946709015,4.90355571743458,4.775063682117239,4.428890064666239
2024-01-07,6.662835976901787,6.438749183889768,6.322498626599238,5.884795793033549,5.968737123695382,5.995521791324827,5.78187289109077,5.386342300129202,4.990596290625497,4.800819272108166,4.441267257916458
2024-01-08,6.6854911317633325,6.419624127201022,6.305573892813425,5.89646327641269,5.997925738999744,5.960110434476436,5.717614643654202,5.404782876189115,4.96573172764369,4.746059024704874,4.4240327303199
2024-01-09,6.706828171939541,6.39349081736645,6.302938576380571,5.883429247261731,6.004135324040334,5.988897123230108,5.743326110364562,5.4024695184838185,4.933233307675376,4.741191661207118,4.474728274018654
2024-01-10,6.688146542983757,6.423560546789396,6.264049255252498,5.899921436810189,6.01062643743421,6.038818496641525,5.823891357038462,5.43790777223401,4.959530578819232,4.732137793057608,4.419034046232821
2024-01-11,6.603338430269123,6.379252870989453,6.251887432362224,5.9565208005719645,6.034239590921303,6.034543644396721,5.7507180581886335,5.376829558650766,4.926453554189136,4.774052094117681,4.481676647694781
2024-01-12,6.62102402649009,6.417668126665458,6.308070352239295,5.933475189250706,5.99390230702357,5.998443028669084,5.81671418383525,5.417234340016654,4.964285806543948,4.7137993682555885,4.48325369639917
2024-01-13,6.64151066766256,6.414258325274097,6.306536628769325,5.9361219303500405,6.007043347428428,5.997642683209136,5.790915370861136,5.392908862046838,4.868522868034912,4.784119847875221,4.415419092837913
2024-01-14,6.6618788071565325,6.409852569932031,6.325276195922738,5.868609263976429,6.015667965061726,6.057492312132839,5.7268180442125605,5.41995030503033,4.91050203563937,4.767820282815191,4.512590633840058
2024-01-15,6.67746340891437,6.413077512957129,6.263814219521221,5.877399026203712,6.021421577025861,6.017556321911059,5.800993514156784,5.409990470506361,4.971311430628906,4.805972829294928,4.482341917132754
2024-01-16,6.640995350361205,6.36131219339088,6.275881205095,5.827595304971247,6.020702479997047,5.992933470959514,5.779237645690024,5.415555734336299,4.935277998609242,4.75261014544186,4.490258605399156
2024-01-17,6.669200910811017,6.402136160644476,6.234413383000943,5.889316483244223,6.031678081133382,5.960817364363092,5.7699338961892135,5.397100162902774,4.949824176723367,4.76749835931418,4.4458379518304225
2024-01-18,6.641762633673431,6.422209468678264,6.272649988462205,5.943125217235601,6.044739306933283,6.016240318188974,5.791772834439191,5.399122203141148,4.904020551780568,4.808090221642832,4.488095495198224
2024-01-19,6.646900527143056,6.425041752992736,6.315143176550198,5.930754456705266,6.032025084702344,6.030125774410301,5.799485065799819,5.423864236653637,5.000682071103878,4.816740130636159,4.504037864724476
2024-01-20,6.623863650179171,6.3902332288568395,6.272068621707773,5.909418085196055,6.034671048789895,5.98711393734921,5.807291237743858,5.444374948257299,4.981779372396148,4.755658912112064,4.468105231114478
2024-01-21,6.639179147596378,6.4598473802056455,6.306090538835731,5.916207136468164,5.974409449977311,6.015612227633847,5.822223730406146,5.398927764953769,4.9408555884284455,4.78232958195732,4.531933818757157
2024-01-22,6.627133267940328,6.396698560662383,6.281968712928885,5.897017239831557,6.024190637083789,5.996776607261368,5.7999278834921695,5.391620779771631,4.935542930402919,4.78651637543934,4.474005745156207
2024-01-23,6.639210029555213,6.452569943160335,6.298207937991181,5.9246289936165875,6.037871453584581,6.002965255168564,5.747217204480943,5.436890032114688,4.979374357987124,4.7896958293131675,4.507709801158108
2024-01-24,6.700892424210415,6.43709900116833,6.254852428617711,5.9422595186965985,6.046151406149294,5.93464850858531,5.775073806582645,5.418308053520449,5.008757283817248,4.771405900532711,4.48307343452994
2024-01-25,6.64159243279534,6.405687580164984,6.292630682949317,5.871597795837985,6.004303876233285,6.003420957348815,5.8783658495183575,5.444989343479877,4.978687207134639,4.818515901404008,4.492640045446005
2024-01-26,6.749831142075736,6.4791190069089,6.201125601003595,5.929849110765736,6.006088501883956,6.039940759202858,5.812594411942068,5.39368576372948,5.016013760152513,4.724168575621969,4.425719712101572
2024-01-27,6.686438316653948,6.390829674674827,6.286031894882663,5.949611825756162,6.009415759369014,5.992696702960526,5.862717398651867,5.368255611864819,4.923968239755664,4.769004872583489,4.487770391773983
2024-01-28,6.677956550797866,6.45498609229532,6.243497269775567,5.90995845841812,6.043503884083761,6.01398725813348,5.834274489552997,5.40642134463223,4.927829862172056,4.7958493890702085,4.455362214049303
2024-01-29,6.647426780139706,6.458194983086432,6.329357349041548,5.944198531908761,6.059193945192869,5.990498992344386,5.800431575691816,5.400186935267191,4.917509280003542,4.796894257903623,4.452785564371812
2024-01-30,6.694945988388059,6.40881808573349,6.317258912588725,6.008376325339967,6.016712888787041,6.024749942294573,5.8029789040992235,5.42157304000338,4.967189511495274,4.824519462924232,4.531259787539769
2024-01-31,6.657419642720865,6.4714627365099275,6.308688906966982,5.9215584937183925,6.05692764691681,6.008193081581914,5.793591376311694,5.4055834210798865,4.959956884002129,4.820635539304037,4.473275670066128
2024-02-01,6.679093841631966,6.422932151754636,6.341063734007387,5.937232758692765,6.034137941467543,5.987256300972145,5.743299408717211,5.447664055732698,4.950875013488446,4.776867298433388,4.450334492263341
2024-02-02,6.75297331651634,6.439831589246673,6.267703284743533,5.904029067858436,6.0274422070534035,6.056147324398231,5.796712197942324,5.417526272495601,4.9804485392119755,4.825166917674195,4.470396831525011
2024-02-03,6.674018461585175,6.439709913740051,6.349321154514382,5.932337793454977,6.025558731682375,6.044768218982882,5.833220495153181,5.431414493540132,4.993870116733355,4.765479006263591,4.442886751709257
2024-02-04,6.712099965446951,6.428592503414264,6.325587512586193,5.94142991440785,6.055020106596445,5.999474562740536,5.7796325658137455,5.432350802411609,4.911851893379776,4.815548387142136,4.525638299704269
2024-02-05,6.657239795060779,6.457659336009349,6.291238429197988,5.93418035802266,6.043102422318168,6.03326873709709,5.810693677786411,5.434183740586921,4.940425926977522,4.842650762167185,4.46246466548956
2024-02-06,6.67799035895778,6.457844675289255,6.333108618088179,5.898449154081424,6.102314776502119,6.035162373757301,5.824587745049486,5.4283161403590405,4.9836443214963815,4.825488336878339,4.499919011691
2024-02-07,6.732860353417102,6.382280375150891,6.266547528975689,5.935927187487802,6.009169595058118,6.039005371398374,5.772445921168664,5.445054355060347,4.94570417383228,4.792909445853762,4.525419535774348
2024-02-08,6.661614831772123,6.474554050792101,6.275688418659927,5.974289721667287,6.050966894566656,5.969596166625904,5.786884757575447,5.406554189490982,4.936477661215012,4.780470480352593,4.4704192630693145
2024-02-09,6.7354757941619505,6.386227577780972,6.282844645724852,5.944561410357479,6.020226307127698,6.051300533653022,5.770564992707729,5.473084875221659,4.991658460251554,4.745244598534264,4.502063010390226
2024-02-10,6.703004173108172,6.4677480011747575,6.285902283802589,5.960631230716665,6.010693005434849,6.004680646156737,5.777106646843827,5.424675493543452,4.923086612952789,4.801087804181934,4.455869033397375
2024-02-11,6.66555747477492,6.471232632156576,6.270734748768942,5.925321118951371,6.0371054639407,6.011696640048512,5.763803319542157,5.393085003914789,4.953384083818015,4.758974961212622,4.56080456512516
2024-02-12,6.702053963083779,6.405352738005657,6.339774222924975,5.955578738094826,6.0422023052943254,6.10221818347992,5.776068277070774,5.438723931621867,4.972941051686258,4.769287691003695,4.516173134950613
2024-02-13,6.7128988144304484,6.426397752303009,6.295956548930553,5.942100216088144,6.12626738759345,6.032778382363278,5.8463058513655835,5.408186766468223,4.946507583524344,4.757999806919547,4.482943987778824
2024-02-14,6.703006937227699,6.406181498306605,6.31492778741189,5.905825316470567,6.033828263890688,6.012762964097768,5.776888327488475,5.45431267439645,4.987847308041578,4.780540868381483,4.4661676264345145
2024-02-15,6.637866174755867,6.4335252854439196,6.287862375360172,5.9445285464965485,6.006067554468041,5.958814085169905,5.8087666929244035,5.501261083633853,4.947906607096661,4.794133833917972,4.486553019767394
2024-02-16,6.663768715839342,6.431341802588515,6.250964732097634,5.905831931210879,6.04877315263892,6.06727575513248,5.79049676850396,5.411985668367352,5.007841415917466,4.80379126854906,4.4803833194435425
2024-02-17,6.678756642848249,6.464572017882875,6.314283922666538,5.9171957936682515,5.978943000788404,5.9858259117905375,5.841548180025904,5.446153371911515,4.962409812989922,4.778167002852376,4.549770538534781
2024-02-18,6.684537848275197,6.481080113531787,6.249403201885607,5.9424507003669715,6.039012147670071,5.9966676840432145,5.8461057200463085,5.384105683487061,4.98690895524936,4.828849362340055,4.4550048094817525
2024-02-19,6.705968767311348,6.484219118708526,6.305289583002264,5.946265932586233,6.042829362853682,6.017408035412193,5.833270703848997,5.450965761268068,4.989729322974313,4.791102446645129,4.4963926470835345
2024-02-20,6.693246320451926,6.426050249626579,6.266865839258944,5.902238316471615,6.066753301912285,6.070407644174938,5.8170993270170115,5.411343876429937,4.949089090341606,4.774283617425962,4.492365148424917
2024-02-21,6.648410410582893,6.4371940851318605,6.368089021321121,5.970090314479684,6.072679408827033,6.05166794094417,5.8015389552389705,5.419725702791162,4.90686614488452,4.8052595093615,4.4899484323338505
2024-02-22,6.700420728083717,6.39351164678691,6.336355674218781,5.956174980902554,6.028907703986308,6.024279667258331,5.773258551427802,5.405976197858344,4.979837465193454,4.857921377559854,4.490756292905389
2024-02-23,6.707864855196354,6.420371180842952,6.312719896575984,5.918405429769513,6.040028862398941,6.038796044747004,5.867853149271506,5.4615118196194805,4.971715933251585,4.809602099833892,4.491065158534225
2024-02-24,6.706861767846664,6.474013603401657,6.347979254738375,5.893940510515259,6.022084429490414,6.012056483622601,5.787277863876158,5.470287185132931,4.9867428352359875,4.789182385587526,4.521260036398697
2024-02-25,6.723000374717007,6.4940444376568145,6.285187473626396,5.936229815577925,6.011735076306137,6.034766563637329,5.830486343361354,5.441278509390123,4.963781128778883,4.7547531122668065,4.513846486345141
2024-02-26,6.716091492301587,6.409043361508722,6.327378209025223,5.927695516249286,6.055370671046539,6.033273930008464,5.842860794843823,5.415141026505048,4.958160996701099,4.794491458035958,4.508641176006304
2024-02-27,6.705333933695143,6.428784603543702,6.317552844329852,5.944952745029881,6.008350964860392,6.060621628188731,5.794900116411131,5.489244222401405,5.031812721647741,4.808606375070934,4.405538850453932
2024-02-28,6.689925948937964,6.446238747572956,6.319951522721735,5.931137420447057,6.034592113264568,6.061046263954893,5.843171296101204,5.419518616449084,4.927860298436401,4.790403493544057,4.506024766506619
2024-02-29,6.642662026570896,6.455895689340965,6.35066145957958,5.882267148754027,6.017635635779399,6.047310176042546,5.835417250676543,5.377629885578553,4.994509368927304,4.752529315429147,4.447821673771275
2024-03-01,6.705826744487767,6.42365009231614,6.334912960997184,5.931287789764755,6.064428693502498,6.022067771187407,5.8647771129752435,5.456689868212501,4.955700142168288,4.777421236228687,4.5173278028078645
2024-03-02,6.699603448351373,6.461094649070402,6.3220345276212315,5.934204244404431,6.1024157207144745,6.055627486568184,5.79929242374368,5.410229577527234,4.963299459204267,4.847008971563112,4.5426077387635955
2024-03-03,6.701941950373073,6.434579404845085,6.264147962170364,5.962804416000434,6.009746945773113,6.0310355312711215,5.775218664738822,5.473452849062188,4.964281500279993,4.8468146153691265,4.471007411879556
2024-03-04,6.655900918222558,6.448769807370819,6.285401986638784,5.923257385258837,5.993612821010241,6.001745944435775,5.799038682833833,5.432769244596965,4.95010034727203,4.77760420042103,4.491349953826887
2024-03-05,6.662167371110729,6.465987594763088,6.3109177993151055,5.994959307524154,6.045852460762475,6.022500433565649,5.820864673599008,5.4627104645393025,4.991735793630064,4.8247817709389595,4.481618396171387
2024-03-06,6.7265761290825985,6.45017421157694,6.317782714710912,5.887632326963059,6.050452477361344,6.037517352996142,5.816727925295164,5.487026553879176,5.01670085136111,4.769624359939506,4.537044496755316
2024-03-07,6.694164036024431,6.437259113924334,6.281444578899914,5.984685715574211,6.05691046984285,6.062657164150075,5.803547553751896,5.409084924701509,4.989451100477531,4.84748017909998,4.503201527198294
2024-03-08,6.716151420330445,6.447418105291491,6.3880566996766195,5.938976830282924,6.037316783952236,6.030200554244552,5.758430475639949,5.428728285482494,4.978807859295629,4.813063474846094,4.5525562808262565
2024-03-09,6.696898115669745,6.44839767560967,6.361540386043439,5.971836110556138,6.045029385421068,5.999772603048643,5.830163054269705,5.443778432206119,4.946455349412854,4.834537809344327,4.513461190474253
2024-03-10,6.697269768363832,6.440276753282495,6.334440633790734,5.948771128700722,6.062402396495178,6.038079334677864,5.875547418551426,5.49250362374999,4.991881842153693,4.754924283763483,4.508650589598034
2024-03-11,6.724840375620426,6.443927979561132,6.318852967279659,5.98087852752191,6.082904788220491,6.040095542642843,5.830619398584837,5.426940379902932,5.041382350393024,4.827020974498892,4.503738064919231
2024-03-12,6.681511461050573,6.499952218012236,6.310626533800061,5.935371943960511,5.993341339787547,6.042567931764178,5.835266868468701,5.429157692018625,4.965571964183242,4.806762580986559,4.526532565874815
2024-03-13,6.700163442679586,6.469107402809594,6.288722265570691,5.914321206616023,6.041211636200413,6.06487596484999,5.834453178556011,5.461624036638031,4.9660003119908005,4.832837691495082,4.450149233423997
2024-03-14,6.683684567153605,6.443688416273882,6.319877241370324,5.99016795443289,6.058967089632989,6.068120523017455,5.82946422591123,5.4302359640434394,4.960720151885328,4.834998859757693,4.505113144480373
2024-03-15,6.684776854506626,6.473720373464917,6.325544317533878,5.944407321953132,6.0252724581912736,6.019985415158145,5.845761720335639,5.452387517816523,4.963129314294762,4.809785282013838,4.500710348017757
2024-03-16,6.688781325489556,6.443041904500935,6.280803671929167,5.954703243402342,6.104991578146634,6.019572185452147,5.829917699629186,5.401510366564571,4.8956975025834435,4.790031600020738,4.524819054008348
2024-03-17,6.7049510100317535,6.488480736010342,6.32831228940009,5.985329554304087,6.03422470047588,6.007081035554078,5.808906681793145,5.51471689515944,4.990438058458413,4.831677882348127,4.497655948706521
2024-03-18,6.684140737442671,6.464592461858517,6.313845424627833,5.917544538829743,6.052264415482357,6.05946766620099,5.794623528792313,5.408071919183293,4.953136630801937,4.806698561110421,4.4723411630676955
2024-03-19,6.7363777065258255,6.4504859584384935,6.2614707960223,5.966569749687799,6.070385685663889,6.082169626008753,5.811235813100201,5.439052441638914,4.9303971291948665,4.782521474152792,4.503925543006212
2024-03-20,6.672054198008698,6.467323924849591,6.2930808667518985,5.931195574381396,6.0361538734112266,6.029439959238015,5.828316301968804,5.44791798600002,5.001488115567259,4.7812878501315526,4.4714072012092325
2024-03-21,6.693459174188739,6.406939038951524,6.306657157510931,5.94510024284425,5.998668132079447,6.03182240657183,5.809582834679891,5.506445967544283,4.946604789962322,4.764750391024209,4.446307457135956
2024-03-22,6.686031759089379,6.42042066677031,6.375854320557811,5.951392059799134,6.041364055030108,6.083227167544574,5.828653851331548,5.409478317409622,4.9690636192210915,4.793914956050712,4.5260373652821695
2024-03-23,6.74277680865031,6.418549721927727,6.336064065855712,5.9043608162762915,6.08525068879751,6.0545342077161495,5.832541976130712,5.508878596184061,5.023360743855356,4.84244823350193,4.521739319300539
2024-03-24,6.705393268049715,6.458784917597279,6.279432177681372,5.926131513469755,6.044389770950813,6.0525836958984,5.844492007692474,5.472211929387428,4.937220150813632,4.814831518745531,4.518509353074175
2024-03-25,6.730566446654955,6.506586560455449,6.334192199153427,5.990143297243291,6.0292180814271275,6.003883615291685,5.858094959536067,5.462123970203594,4.9336331634329635,4.793718079293206,4.5436989631292715
2024-03-26,6.655144084153587,6.521649899730476,6.2732917756765465,5.976296631002241,6.082481061629779,6.06007273742308,5.822051117899063,5.420171884734158,4.987790081031567,4.8338565734901,4.484759938635579
2024-03-27,6.707807457783436,6.47393748285058,6.352276681423971,5.947916762487542,6.044872702926667,6.011921859592066,5.780562652852929,5.4669301870685,5.014280570727669,4.7848216511556565,4.461862525524221
2024-03-28,6.726555172524111,6.469891582903741,6.3057325091008725,5.957159952410795,6.0395614242459015,6.005845643077359,5.809513125750833,5.428161649982814,4.932635997123449,4.812726756885391,4.502765355351166
2024-03-29,6.70239029073604,6.400890039033195,6.317112685395603,5.941094495888684,6.059405453747677,6.029518623754777,5.821243648079976,5.48792160865373,4.992152463162893,4.804532859876012,4.494496762066601
2024-03-30,6.731926911813945,6.438682286569963,6.35973639998825,5.990660002136824,6.078085006850548,6.022388718858524,5.764889437876672,5.420830639688752,4.997392486760835,4.833336419329635,4.4796936290588825
2024-03-31,6.684469771595983,6.431354912541746,6.281373518041467,5.9439778477651695,6.126439831050971,6.033340434267443,5.861648360702069,5.446593670265311,4.918213610588224,4.762671573971409,4.5025929504943605
2024-04-01,6.742279960192376,6.436374109039275,6.27808599143342,5.956954799750855,6.079816620216532,5.996770087951062,5.824270874362123,5.433341344346414,5.003954577124025,4.784493604612369,4.486651382600672
2024-04-02,6.768962776641314,6.449951518375193,6.302487853142357,5.984376737257,6.0897910319243875,6.068760322126767,5.831436417970146,5.420370144059927,5.006294009328002,4.760848463159901,4.449915674432032
2024-04-03,6.689092157221177,6.440814596703453,6.3511286795649475,5.92665616948899,6.039798328064732,6.073807902869861,5.860943107910156,5.472216908541604,4.9706237468366865,4.8021894123800895,4.491742013310555
2024-04-04,6.686578910137229,6.395564991467977,6.2743636035149475,5.996707661314159,6.024167942600167,5.9815237115550275,5.801039700874982,5.46600774820154,5.017514376648192,4.846286810888224,4.4708527307781365
2024-04-05,6.7434973923568,6.477333165726795,6.234931190099953,5.903982015750969,6.056765798531843,6.069249592213266,5.837117115969791,5.4861661640102986,5.013989525273015,4.794732441753664,4.511845300191597
2024-04-06,6.747220109459629,6.422650654315514,6.30629817933544,5.998722209021093,6.058048042545496,6.015517086193061,5.816537021394652,5.396436691841464,4.982926482859225,4.794512426941839,4.4851519023404895
2024-04-07,6.684069464740436,6.461932671478369,6.336307489552363,5.938574998036477,6.0223998833140975,6.065464531664519,5.814232659544558,5.481680386625266,4.966211903845287,4.835906998280559,4.5381042097792665
2024-04-08,6.687057237950494,6.516885322555869,6.355670694955536,5.942381880028613,6.049404006566251,6.037609447683378,5.79649707082924,5.524826309624077,4.9504780056858815,4.841719329217029,4.552778824481407
2024-04-09,6.691102164933857,6.426974165452079,6.305660862337111,5.892855398064184,6.066535231251247,6.0404189701221025,5.869523799610269,5.436006470524363,4.978428797918687,4.806898571181609,4.52493714439003
2024-04-10,6.659100364180588,6.378525253829227,6.307091081298137,5.935790037990286,6.06524568136216,6.033880950028981,5.80816887830935,5.506288337874886,4.996526647102742,4.8299753251331135,4.457903094052117
2024-04-11,6.671737849103665,6.445717280841788,6.353914429525864,5.918103211567385,6.06942604309972,6.075661283625196,5.840281334905064,5.441402569336397,4.969572101666972,4.776988771271853,4.549453287464563
2024-04-12,6.669022104596436,6.487175116648955,6.263054076608137,5.930916937237795,6.062875269503122,6.001958687223248,5.762896105974841,5.407974035472159,4.913221297441138,4.850485557616762,4.551417941110212
2024-04-13,6.67594675762915,6.512731108208892,6.307325061326785,5.944861355608609,6.038770424804173,6.057215894744325,5.854380340472969,5.43981171131007,5.017042101419571,4.873441873400386,4.504544399921513
2024-04-14,6.697759980910014,6.416914039698045,6.324513244229371,5.977534275965806,6.038383508732153,6.071840432478305,5.850366862210331,5.480246646561876,4.984507224186965,4.82443700126728,4.543488312341684
2024-04-15,6.705632351807548,6.468506886528548,6.332082471470004,5.954834010373472,6.017637367891637,6.060096112247666,5.821528933140373,5.423460615361507,4.967217174931148,4.746075961191169,4.487055655690053
2024-04-16,6.744911903935624,6.4394375754478,6.303102688355477,5.957627188753237,6.106940140326755,6.108137856580906,5.811588615167065,5.4303867293810075,5.0041116408039015,4.791649981279269,4.4474095111057155
2024-04-17,6.668222906206043,6.449995076799082,6.319206757779383,5.915307945762841,6.053577038366786,6.022305124546467,5.830173527596615,5.4659797103970025,5.023912685322689,4.826558287078287,4.48036499426956
2024-04-18,6.727465562803662,6.532266191259875,6.243286070246976,5.921513268161283,6.046190299175519,6.066655035527171,5.886599610675774,5.448027694351522,4.893878543764727,4.7952914009343734,4.554814916830708
2024-04-19,6.691264384504756,6.407594939979667,6.297936597461507,6.001645800382062,6.024820287387948,6.03450133077128,5.764786948864418,5.465222738406124,4.990711959329184,4.845850006459025,4.457951652123178
2024-04-20,6.695934167711035,6.460030268845445,6.331023340377243,5.925362047957711,6.140487816070442,6.074420261291189,5.840878900627833,5.454552965223358,4.934618602676298,4.825062796933684,4.502403717458553
2024-04-21,6.717382641934519,6.466168852322483,6.287669236141881,5.99682430473124,6.019938216202834,6.03690738729788,5.7897895381049045,5.461526816756067,4.992111372373489,4.785943792146547,4.503162373969728
2024-04-22,6.663162406667902,6.484417657062951,6.31861359396246,5.939552231348346,6.038978629546589,6.025207793858898,5.81624651542578,5.4338750317404845,4.9806818833860085,4.807812011637909,4.486454839995737
2024-04-23,6.70800848893742,6.454475691156025,6.329942371575981,5.946604834636204,6.06401130164048,6.075718362668048,5.80909979297954,5.45348812481281,4.995607992345115,4.779721199932726,4.4882305485567855
2024-04-24,6.701208102356046,6.460456052294777,6.305938060083922,5.978325490916553,6.069220925081983,6.0214676779390865,5.803364988375722,5.418393345938776,4.9612371076748145,4.800736989757281,4.5033820101367406
2024-04-25,6.710652719223213,6.439129724280315,6.3209930944328665,5.984035953961129,6.07961714295944,5.993497408535953,5.815565227431388,5.48453218997807,4.919681977948395,4.789241384089992,4.484014311044928
2024-04-26,6.704205290821945,6.458604039742063,6.286648254546173,5.942205854696338,6.104758486737788,6.0200248250094965,5.781505097146377,5.426501990000191,4.96201918576701,4.840773085511702,4.457868476589673
2024-04-27,6.7688267943135605,6.439872021851311,6.308969451725353,5.933520498510588,6.065352519780055,6.05373877851389,5.8460432032000735,5.479033214742715,4.987373219170427,4.868648151821164,4.506618748404538
2024-04-28,6.675659765009206,6.468439121232427,6.333098449624423,5.943114351081079,6.018111040537746,6.076553127084359,5.760967659200788,5.437783755707259,5.005253734397002,4.761856314539672,4.5319929620100945
2024-04-29,6.67847295748142,6.438314556050165,6.319112054960528,5.954541591978439,6.041694512377822,6.037736747390371,5.830595801516326,5.450462836454194,4.939247927117298,4.746706377545182,4.525490041691078
2024-04-30,6.675306394405934,6.460313622015742,6.296404672111759,5.97073972080477,6.058235581374094,6.073546522215698,5.80420453462264,5.429151673671956,5.004812423004867,4.796645437543135,4.474708546176982
2024-05-01,6.676921002360658,6.4477074315249165,6.320311808064191,5.943712211705291,6.110632097180641,5.992840068291139,5.778457569121243,5.4131054530004254,4.954149147246071,4.7580328449706055,4.461048478474137
2024-05-02,6.674035492583299,6.48193861392566,6.334595400121595,5.96172369534319,6.006222942049766,6.019859202457959,5.819228607520457,5.390814294774336,4.984030602850331,4.804543454512623,4.489631469937852
2024-05-03,6.7283866044207175,6.446174296779836,6.2512178701301675,5.99186690045562,6.083793403644248,6.024058854972869,5.766007575886298,5.411056383729717,4.957419289901522,4.825184191901669,4.5447498537813615
2024-05-04,6.734877580307348,6.394071478821446,6.34703467481633,5.953701741235597,6.052659883954045,6.028825670043477,5.813453867519242,5.432545187271175,4.977727571699016,4.847086709785657,4.516630395236439
2024-05-05,6.674673885158447,6.484653918992351,6.3017086318105004,5.951145859651076,6.071931190027816,6.034319105618438,5.769109966736586,5.448152649335798,4.99855260300804,4.80783811073239,4.517915214274759
2024-05-06,6.666347042743068,6.4191457409103165,6.324082407933402,5.895750385183494,6.043257868437117,6.052045038657962,5.82515587246573,5.471629089334693,4.934507287617539,4.795523053190708,4.52301341848976
2024-05-07,6.704969369263887,6.426213912412831,6.346744310281653,5.861904998467424,6.020553923668506,6.017482697427181,5.783096182563385,5.42745417877839,4.950429725669891,4.741475355075103,4.508449899447854
2024-05-08,6.673757305987618,6.427454158494742,6.269173786399134,5.951975269192952,6.067850180698088,6.034494857924641,5.796794176805169,5.4138651743880315,4.97587287493631,4.801109551791622,4.498942253744455
2024-05-09,6.708797097721796,6.486042285984254,6.288525913116305,5.936964416250705,6.064442074002299,6.028455456479409,5.8186276248274265,5.396527699609049,5.041856653020041,4.801947761005614,4.51467835008857
2024-05-10,6.695370183379474,6.380212266334574,6.300626031877664,5.923839012506494,6.073444201726127,6.001505795637201,5.786106229398669,5.453684401291058,4.943386801388931,4.818451197180318,4.477897509627395
2024-05-11,6.643271878618434,6.537876658078151,6.2852315964346195,5.946050108193942,6.043345063006993,6.025334201395909,5.807005282078303,5.480240037528231,5.029948218648259,4.777489559022479,4.4513103117273625
2024-05-12,6.734619586679429,6.474876134911509,6.360242527914632,5.936382318763621,6.025199769939932,6.023884644742614,5.762779515602182,5.476184338678215,5.0283271297497825,4.785142852632451,4.514884338678257
2024-05-13,6.741509671569466,6.449330508800474,6.281930178561797,5.971466748895618,5.995869731525885,6.022680924426509,5.826559609484486,5.458931323821017,4.964714006855552,4.753293273717475,4.529765484549078
2024-05-14,6.668677439827897,6.440414280523941,6.290394697157825,5.9396444265902,6.066642298586612,6.028013884239874,5.860008514708953,5.456217400060457,4.9581165247564325,4.728322316335908,4.458514142361749
2024-05-15,6.674846830906244,6.450044499950053,6.312609548652413,5.914070179152219,6.054194562177644,6.028748083922726,5.890244143741623,5.487406591095604,4.945715921744383,4.76322296498042,4.516135522176801
2024-05-16,6.694459807405544,6.456517518535177,6.269819359901516,5.965588832852577,6.011910366697879,6.012914990310578,5.808618890083792,5.445846289526301,4.963837769773817,4.748774071256207,4.541306817085443
2024-05-17,6.695312884204969,6.45963564808386,6.293408759152672,5.9287652482569735,6.02412197030646,6.063460622524497,5.8289253047292755,5.454663070786084,4.9230775975285725,4.805380549367977,4.490211794452645
2024-05-18,6.7044203895245325,6.4563321953244515,6.314187659181854,5.950460161854518,6.025661296985805,5.989579642468258,5.751245291157124,5.4250405454887884,4.96237689082473,4.779120039644343,4.465123995802096
2024-05-19,6.744344806636841,6.441726090911508,6.294052858342376,5.919716349288067,5.994549137514378,6.002409567219754,5.849120700263018,5.393177369348207,5.008945078689376,4.777891556571607,4.492729230679653
2024-05-20,6.678094776385855,6.432483040601456,6.300601587443679,5.913908386645754,6.013872721312523,6.106802101937384,5.8266900483524005,5.412887726195689,4.9450706413363745,4.76387080182542,4.471887174164656
2024-05-21,6.6588089005243,6.433219619350848,6.286877854487003,5.935282864766026,6.003742907156264,5.991618077210777,5.788239814511917,5.432483046704414,4.955536088740782,4.695780854885081,4.469255914561762
2024-05-22,6.640723158821392,6.4312554872512475,6.256668626386406,5.93248759496814,6.02472836530519,5.9814900954205354,5.839218159670499,5.433926296836867,4.911068521433811,4.837352058124255,4.500098257679975
2024-05-23,6.659510239531534,6.470451243635803,6.3110859370699695,5.9458329517907975,6.014277215779905,6.043472443079828,5.793803858430432,5.489226716375454,4.972660003373723,4.761430025046488,4.438326256478895
2024-05-24,6.679770420811952,6.453570931666592,6.353412222147584,5.922704857398875,5.986954082372164,5.958450634384951,5.7870234745077305,5.433202545025898,4.968698680546708,4.7783916279026695,4.4424463623234
2024-05-25,6.733917939066779,6.346869544121317,6.30063325208475,5.8749904096481345,6.09575891007833,6.013022985862073,5.8143412509240715,5.465446506482015,4.961992273954219,4.7464344382025665,4.485659929572464
2024-05-26,6.663860923643538,6.454066285910516,6.30614718613205,5.916406046106972,6.0719654845455,6.083764010366918,5.767488627619715,5.416336945367333,4.952884451107959,4.818547172917842,4.483720006447251
2024-05-27,6.6854022519443825,6.439530699236779,6.319470296048722,5.952503167409531,6.010318030749617,5.9723405357306145,5.8293373563272155,5.419338336822259,4.949905875832043,4.792991481506336,4.493995250706415
2024-05-28,6.677486776238326,6.432418200427132,6.259899548224109,5.9190581807432165,6.041152105020117,5.958520528548348,5.766299768762704,5.388109234003806,4.973036470131529,4.763188504562533,4.539236224775011
2024-05-29,6.712913820130475,6.420606468334365,6.348337461670922,5.919870519851597,6.044785974621671,5.972286585868302,5.765760378232338,5.404992181540735,4.956397523879374,4.775495133586712,4.485397443009307
2024-05-30,6.752344475184304,6.4652598840076765,6.302606366300781,5.956127797585275,6.067269078051301,6.043487289458507,5.769245808755847,5.442345944149008,4.965985658554756,4.836881900071843,4.4994816669181406
2024-05-31,6.659877056363183,6.459228913414478,6.344758826523467,5.904443922733026,6.00624496875099,6.049546421150367,5.818588120676277,5.4260299249626165,4.962252604074429,4.783614036594354,4.451537131482354
2024-06-01,6.660378907396741,6.40687576063758,6.273071100806569,5.878777994125002,6.062825294191761,5.999684426762934,5.776558829826698,5.453350249269205,4.988764909285161,4.779610084543811,4.503100220577784
2024-06-02,6.7056384616675055,6.44152520396917,6.348855493032169,5.91949470176967,6.012876476229226,6.034810007475467,5.75387376182442,5.429751253805785,4.974623458276685,4.756072190771256,4.463521909402114
2024-06-03,6.694014720072482,6.399408273347454,6.316812640204737,5.909032756846232,5.988482103258635,6.055265635209053,5.775387575385619,5.4129843634345605,4.959343830678199,4.726720540869524,4.480700600361126
2024-06-04,6.7281965544475035,6.386406789731755,6.309386537250994,5.893807945082825,6.049519431454858,6.066415727108318,5.791834063555009,5.487244240589031,4.998347995594988,4.777994174468042,4.474529875923348
2024-06-05,6.689543784777303,6.408224422479825,6.299046672848119,5.916764585540564,6.065748691941197,6.004635880782129,5.756596764707593,5.419208832156133,4.964633995089221,4.791790492587262,4.508015166264945
2024-06-06,6.660471254274865,6.45212182116996,6.283794158456245,5.935995186415881,6.103887286204398,5.942205865468378,5.756699583727448,5.456140046089636,4.99039889766219,4.814237550928308,4.436950720367228
2024-06-07,6.68818744286155,6.454061549302063,6.326483747694998,5.920189141093747,5.989476039988075,5.985841430268491,5.853806687963769,5.40843152174444,4.96867607619238,4.713012901905791,4.4069706389023295
2024-06-08,6.70294062125031,6.440072076435742,6.2938903099282655,5.928888946013411,6.045647104385247,5.996875387984766,5.7638625517184074,5.44096749821433,4.894421941464877,4.7459266240221325,4.468276532920186
2024-06-09,6.693499863696118,6.445638271865637,6.229873307152584,5.973287629215661,6.011591360946392,6.001117234362846,5.779194127197009,5.446725868034748,4.988030441159778,4.761463165543504,4.487941335967352
2024-06-10,6.683303907469707,6.438571035149937,6.254570092685278,5.907799320689762,6.046586447852209,6.002449904506227,5.7770685765125105,5.424340445653755,4.952140973776768,4.777981261079292,4.477653767810713
2024-06-11,6.69928085632121,6.403036167776848,6.281705243067755,5.925631074672877,5.9781659290965985,6.040847453571457,5.774639911400424,5.346646127952638,4.945721972506513,4.7729296048876835,4.509246742755954
2024-06-12,6.701549291824596,6.434428100451444,6.295770393606193,5.901194023233252,5.983587330840269,6.044703276911854,5.805110826310299,5.417017997936909,4.954910874535913,4.772819763540608,4.484591604336616
2024-06-13,6.707120121777916,6.444667637803621,6.283957697379795,5.890264560450182,5.997379107351797,6.0005051424290485,5.814099640560953,5.45256915347959,4.935305857188079,4.787898233803889,4.453739902090995
2024-06-14,6.6842969375913635,6.442464380858081,6.321404764657485,5.897288411361142,6.022204562333717,6.037790187245229,5.775657008017728,5.430660065954506,4.951646506775343,4.747736847640302,4.400073036339484
2024-06-15,6.6589979913504544,6.4546789349042,6.225478477838802,5.899648776614311,5.9997790957638095,6.014741374758893,5.74691718516219,5.427386700016838,4.926255251769668,4.802035777026972,4.4618921667341045
2024-06-16,6.667584685229399,6.439432390052431,6.287490912731556,5.923967548562815,6.037954904953803,6.005118453822278,5.821416481471868,5.361515566617674,4.981411442398431,4.786186847887385,4.499022044704135
2024-06-17,6.698546378019296,6.427894555250293,6.227811732262432,5.982823382625069,6.0481579475717835,6.029547433737346,5.779490876288146,5.3907374569037945,4.938943465615415,4.762756141100204,4.455589675544033
2024-06-18,6.637007213381914,6.448619790661023,6.304306652376057,5.890033980423256,6.034502609748891,6.003682844958669,5.833424937957246,5.423856012446073,4.930037768229858,4.819542523268198,4.467364891421864
2024-06-19,6.6717362450381765,6.414880407994517,6.27784228433873,5.898177286603526,6.064239674961816,6.062410381084923,5.713308468845035,5.422987544075596,4.912928271300411,4.817368526839143,4.478316853401191
2024-06-20,6.6480334801198575,6.388377404952847,6.292421943650403,5.907939954096342,6.0273084433733395,5.956681309485842,5.785695741128179,5.4462736478936655,4.947896918164138,4.797820505145493,4.434374873262184
2024-06-21,6.659850673974322,6.409096320367964,6.253071840468586,5.920862294747571,5.977481427976072,5.9835332023135175,5.836546519302565,5.404642326631895,4.94460154229003,4.678431626169244,4.482685406185443
2024-06-22,6.696493906525144,6.390793271302732,6.316524298596659,5.91604687500557,6.054041646053076,5.994344783738307,5.767542426583781,5.4203150732471395,4.949793089057251,4.815508703428465,4.512254004346977
2024-06-23,6.663022931886591,6.3920346115967615,6.30854169976776,5.945812833664438,5.994135272777814,6.010473540559734,5.770525157145955,5.407781187103932,4.90647240322084,4.791132715520152,4.457105559289192
2024-06-24,6.657830505317313,6.407101848751163,6.293943737962986,5.833645646756573,6.0387499638631965,6.034476223485722,5.78530275962034,5.376829126777582,4.888401972908282,4.826629668004017,4.42756547621766
2024-06-25,6.614787266126687,6.386810352726085,6.271697432950182,5.833975054250215,6.057794976852738,5.994850993339001,5.758819075789536,5.337909210423242,4.954350689431282,4.802706888108091,4.458584919545426
2024-06-26,6.677114444471677,6.400487991601689,6.292122556049715,5.889850492330556,6.023427477812772,5.952059948005674,5.765364679529279,5.4176571282547625,4.979266093347156,4.812077117815779,4.392995314232595
2024-06-27,6.673233849395905,6.352060883953059,6.252662546922053,5.936788329587985,5.963984559566734,6.019144740855324,5.763734871135932,5.409087740214058,4.903078715289976,4.790228969467084,4.4689764218809716
2024-06-28,6.7179083055674536,6.414409475089477,6.298677333638912,5.856041222920123,5.980464298872996,6.015659426852549,5.754188041835499,5.384465412605285,4.98069390237514,4.803471459827655,4.471578895197747
2024-06-29,6.642917764601636,6.407187275911093,6.321635538479945,5.811922141459414,6.04683344565678,5.933895351868845,5.809016808156244,5.35357591995475,4.940668443412317,4.821974823872259,4.507420200465593
2024-06-30,6.657865431841275,6.381778263079311,6.303409238810733,5.918426304197934,6.001217241442072,5.991176798001233,5.7851232629802505,5.420183107443619,4.9310790348748315,4.767787564162703,4.450471078234358
2024-07-01,6.657911860355757,6.425207719897406,6.248542275750213,5.907740066555517,6.0078175558927,5.942726094924026,5.777949196807534,5.3924527476185675,4.918503888948061,4.713263433522091,4.467684909988829
2024-07-02,6.696893248548469,6.432696754284361,6.280412169673759,5.866863397951582,6.027334382640473,5.969630117230503,5.793826780362269,5.416275891826609,4.888034109572815,4.750345823155111,4.4287310070839885
2024-07-03,6.6458502120170335,6.355482282057573,6.229914831675884,5.869142889967016,6.024598763851053,5.961624810179759,5.760778402992539,5.454630533900995,4.95834093346638,4.770407445970146,4.443016264372891
2024-07-04,6.656219534122883,6.379967144992786,6.285020597685044,5.868756576760734,6.011212882721337,6.012126829297033,5.744622773799187,5.333605961940182,4.9045806975066455,4.76009551588092,4.407093325249908
2024-07-05,6.665226231423206,6.378915065638091,6.280507438517587,5.900305395655929,5.995729284995096,5.990494241356876,5.748910606993274,5.376001311870639,4.9035951358595815,4.719592477146927,4.446145647493213
2024-07-06,6.651728949733017,6.37293358300506,6.2100361858523625,5.877341217752837,5.9917506226663555,5.947562946015646,5.766184167271465,5.389849407638969,4.955888465334935,4.707198647282477,4.441971401432769
2024-07-07,6.631880154072624,6.4251574077670925,6.23041964719177,5.910095080078406,6.026010127267881,6.011675141397861,5.733496811257954,5.43891794773354,4.868783659108988,4.733038282450095,4.459249155491808
2024-07-08,6.650239749430864,6.39360226548073,6.2559228827416025,5.8087782497567835,6.0160241355759485,5.941402874926063,5.749409219146315,5.34532495906772,4.87870911532387,4.77864923632344,4.430709143233936
2024-07-09,6.6757715436231635,6.390627145888052,6.254536798713146,5.867857035173537,5.990843591108837,5.993466004841499,5.748079091871229,5.451638421897789,4.923018563822128,4.8009727842520595,4.451062951656624
2024-07-10,6.611914581171674,6.337594169221803,6.2264257320914425,5.858928421326675,6.0301734095438,5.95828972007526,5.826446727048877,5.396785717200994,4.931508573024152,4.780207068567337,4.437708638485776
2024-07-11,6.64584873957748,6.415922190259351,6.273529011233641,5.8841694290019,5.992988625899181,5.970889336877159,5.678645201155057,5.388979629501058,4.936401688792142,4.783582467966498,4.436914667704089
2024-07-12,6.620008046265546,6.358833918868117,6.268555878981938,5.874870237959018,5.970461805483691,5.996139793154874,5.755623079071554,5.385069877817155,4.911957715911834,4.748587203518816,4.448422540492613
2024-07-13,6.676017754378066,6.3969643344183105,6.254338281550966,5.914101668907194,5.97239723454322,5.995809837482107,5.811937169294764,5.37707846454492,4.996077445569571,4.697903881779142,4.446382043779831
2024-07-14,6.593628347084496,6.402645262366756,6.23665020922326,5.8335438510782085,5.964961729138717,6.019433026434689,5.762979288151985,5.420767457006084,4.912487177465035,4.735667336801529,4.467159175399559
2024-07-15,6.621717061070321,6.434304474363628,6.289945930280966,5.889849460778392,5.985312415990358,5.976017105498325,5.781087240691102,5.356429093865995,4.911561131925387,4.7407217841322975,4.439865425464574
2024-07-16,6.648965247227888,6.35338427900238,6.307311104368603,5.904398983672305,6.029660619326039,5.986842416864854,5.760643680428947,5.3980113164252685,4.893739290911537,4.732737316370883,4.432152330502263
2024-07-17,6.683782446240629,6.301231360688974,6.242309880848204,5.9425161484604585,5.967663869932684,5.96368460569147,5.736796723927106,5.37529127539239,4.920533929859231,4.748457571324838,4.436392502010983
2024-07-18,6.634015958407849,6.396503952582649,6.237623458725396,5.871535487107235,5.996642739070582,5.981448162718723,5.688730988204773,5.363124462784616,4.934437303201443,4.759231059036828,4.41954854273481
2024-07-19,6.618508373235529,6.44417969448165,6.269900588998685,5.8948981171669015,5.970463678667503,5.98834894047658,5.761328029647415,5.4627436143068415,4.951271700672328,4.77075481468363,4.429367026229325
2024-07-20,6.690779360036426,6.426513038541391,6.243603766560799,5.830228764176338,5.981535376715065,5.971395352529577,5.731076449815137,5.396916169995812,4.8696661200200015,4.736001052022218,4.5002794093454055
2024-07-21,6.587899377854387,6.392720818201025,6.247340360598803,5.809946072241134,5.941494762886879,5.917774725599575,5.728059659689215,5.400650169965833,4.905054825227153,4.685504384960311,4.410328045184685
2024-07-22,6.5590909720912185,6.365625408286553,6.267883431472949,5.901675754326047,5.975035719243593,5.976915336073909,5.732640277635996,5.412381884866815,4.922288375902417,4.7250396221307955,4.426485606758843
2024-07-23,6.6319760608337255,6.398536750486719,6.182589835217856,5.870798599544582,5.970701692215348,5.972997143185636,5.795501031574625,5.331609581527313,4.922956696435654,4.737751172818527,4.420362646266151
2024-07-24,6.59743983632309,6.339070624507791,6.273601627689761,5.900959033528645,5.9875878386010175,5.936749543434765,5.810850968883334,5.422825694779886,4.902004492130872,4.770043364951249,4.4217195263651705
2024-07-25,6.575595910412379,6.376527277642024,6.230420609926254,5.819045406797355,5.972949570499145,5.913723181654344,5.7407783301324455,5.291000675921814,4.914549409632702,4.713249754551288,4.416350460185496
2024-07-26,6.621220851682578,6.371366014863414,6.210088867576368,5.870494229748731,5.925177153639124,5.991637043727623,5.715881156144786,5.339224684210618,4.870482263373634,4.742590992663025,4.4318236386724905
2024-07-27,6.601027508064293,6.381979637890721,6.213956170053711,5.9056174379258675,5.988538704045456,5.957215976065581,5.690075526244409,5.344541076601775,4.937968897795891,4.732854079844599,4.369306043828382
2024-07-28,6.570540752955264,6.426940869249077,6.209711904936741,5.856806104945602,5.957211984105924,5.930718418175992,5.735022966358784,5.371794374870277,4.917497429419304,4.722411514732381,4.44889759911902
2024-07-29,6.542810131904595,6.349907801274246,6.153115341549697,5.847180942609097,5.95175136135085,5.898604627735262,5.770034899019962,5.356941395790573,4.843864130982694,4.745960080962709,4.433937623766398
2024-07-30,6.601155890450111,6.316857422414424,6.244118638593188,5.833815495362205,5.940427502919862,5.903192689252718,5.704715243662487,5.341419334220172,4.848459006165505,4.695175182874313,4.374858431778938
2024-07-31,6.588258093413982,6.325357091483185,6.194736352590787,5.781114665456336,5.920080648527169,5.962063346621145,5.636360279042407,5.342114765473617,4.8458115588566875,4.694708143418033,4.34126368149249
2024-08-01,6.559553874290242,6.267057238020453,6.201019944044053,5.863597798128949,5.937065045213604,5.922261198210687,5.723433560066119,5.309192109132983,4.894072628892563,4.708577234999848,4.377222460271937
2024-08-02,6.611712778651806,6.293300741990988,6.210517096194168,5.799301808189363,5.939723657614658,5.8967668596800635,5.728503397340155,5.289681368468697,4.831713441617268,4.68670781376355,4.396460682226832
2024-08-03,6.518003290368541,6.2958839295579985,6.145584098317649,5.82746660842208,5.867981809333289,5.92373592635346,5.6469830188912775,5.352466875459066,4.856853935448872,4.718138172892884,4.478363130465035
2024-08-04,6.498140106156903,6.286467880879454,6.184679361321396,5.760153518218895,5.899166393828496,5.879181944858336,5.695477759057308,5.347563759989198,4.876963051571309,4.678495493613515,4.414473643226574
2024-08-05,6.516956725439987,6.300797387420064,6.156710282254717,5.766381272491703,5.902629427037456,5.943815900780603,5.69935293780153,5.370376536017414,4.857882274171564,4.703681925885567,4.341177883900397
2024-08-06,6.530162784216309,6.265598642647916,6.184415239788286,5.839546490333276,5.912919862439845,5.934559636228328,5.679264152945976,5.295238610926604,4.86418750112726,4.690897444417094,4.3719538382460765
2024-08-07,6.532655446412503,6.317955161054745,6.089476396526656,5.780812106672846,5.935999483621584,5.875171909409877,5.653383960177779,5.335829500263747,4.821008918818637,4.69736873530678,4.388293561377479
2024-08-08,6.511951788095764,6.27839216207097,6.144610201408159,5.829575455280614,5.872022046853405,5.865511244172354,5.703243628874128,5.302648470900221,4.867399464537021,4.674155752067154,4.39475558083996
2024-08-09,6.523593052335218,6.272177563287382,6.123797135729775,5.778385200595041,5.875218447444013,5.801038489369532,5.656331457914744,5.342997464813111,4.8277372234465314,4.67481129634851,4.344966661856754
2024-08-10,6.469336844427706,6.256699470329565,6.14915748501551,5.720239232650815,5.869773427191687,5.830355312036076,5.619553719644685,5.334074757169092,4.832983852979876,4.684909290594791,4.3776325903871
2024-08-11,6.544056917788836,6.265281087043721,6.144608079010313,5.797031555103846,5.856105086270071,5.82984820758579,5.598310839987059,5.305894130256511,4.846452573839585,4.685145630909872,4.35743560845803
2024-08-12,6.492149909561491,6.279476881904392,6.103604646170798,5.74735563158498,5.864746295315375,5.86932708944946,5.693315842922007,5.285523430724237,4.8390206601723325,4.676021234166861,4.343144023801623
2024-08-13,6.522013491955945,6.22281830177785,6.097804583564772,5.780805646377317,5.8933066398123195,5.8507331533203155,5.669695266229443,5.320698494775309,4.83326511246928,4.7243817650759565,4.3813463550224085
2024-08-14,6.492666447581714,6.223206885948782,6.110196112994977,5.755403786939214,5.833598089482737,5.815418783151867,5.649549441049514,5.307448757194649,4.8066542036989635,4.640582287657342,4.394086403853521
2024-08-15,6.489987440339753,6.227966858522278,6.08097316818656,5.7031664794086065,5.873088253721917,5.842612696213832,5.62942696962312,5.263689587906934,4.81682390887442,4.66547186860269,4.393423016380559
2024-08-16,6.487288290456351,6.190841042155407,6.1274985785333875,5.749211706251379,5.80424769419993,5.86148677334012,5.622500502105043,5.240580289947191,4.822523553497124,4.617292970728941,4.382755329736686
2024-08-17,6.4775474111167215,6.2007884185245565,6.085539938302779,5.805002848580787,5.833526014422937,5.85745133481367,5.601844054862954,5.267960167295748,4.77786359732119,4.672778598676223,4.3479450683219945
2024-08-18,6.477329352536957,6.205239145724373,6.003794227540845,5.74874967225549,5.835553501683298,5.779926174453852,5.616928817922384,5.3182911060991875,4.801908907028902,4.625283704306562,4.381655695431552
2024-08-19,6.491864570252053,6.239927874149025,6.074157741408551,5.727089279276166,5.890766806433313,5.828379316210938,5.562037012930973,5.303446652905692,4.82409484327381,4.647527547985652,4.366854693184641
2024-08-20,6.45183893605021,6.215754447398567,6.048655599472534,5.755940829295246,5.827370764663301,5.7860489170660765,5.599335843909856,5.231916542562479,4.770831881675923,4.641861663170029,4.358976155987873
2024-08-21,6.4611778718691495,6.207877865241644,6.025294302195915,5.724877448134085,5.764682498733587,5.849934072610448,5.607878903723955,5.226499124255738,4.84055411379881,4.658608215567266,4.333993096877301
2024-08-22,6.431191464329309,6.221800984971869,6.031541757909059,5.719731605861431,5.765869422696614,5.841750993341961,5.631304024164879,5.296029160137361,4.840658064422782,4.630766960916242,4.334834915571256
2024-08-23,6.471074308381081,6.186368251404301,6.066390272349959,5.675596489307569,5.821984745201429,5.786641653959981,5.607621903125886,5.219987846161724,4.7619396323030285,4.626672204928384,4.349366597081627
2024-08-24,6.401577919865879,6.196430349753991,6.097422344432039,5.710271991015214,5.834516391243691,5.785968624826449,5.628491104971662,5.26561570192159,4.836758861860767,4.684799397448774,4.41776665286423
2024-08-25,6.469908595233321,6.1758585471762695,6.061425551498442,5.729242954811498,5.822518145566055,5.790491275840537,5.640952975545385,5.228146420968388,4.78847074480361,4.647464831215706,4.351039919422461
2024-08-26,6.408698285915672,6.18116681462502,6.028313762204589,5.668032838704119,5.811444726149178,5.732136740841238,5.628071484913959,5.291443569250945,4.802093497706065,4.619312374786744,4.321111164987933
2024-08-27,6.361014511452818,6.149986026685823,6.054676934167102,5.730796726745009,5.83646066193058,5.8052029411064385,5.606301235120198,5.216135239520325,4.771410495726235,4.625847060931365,4.31193140963443
2024-08-28,6.401827880374202,6.088579357266176,6.021730286795492,5.68027006355289,5.780592631742721,5.7823541560622225,5.588413621003032,5.269876834708965,4.810785581794775,4.679973133721277,4.319618610861061
2024-08-29,6.371612566751165,6.152002967887194,6.009180557955262,5.6513599362387446,5.818827564543078,5.815072726616681,5.554518286441983,5.237462138870946,4.792073652369339,4.620810338011091,4.397171314062467
2024-08-30,6.411335314770492,6.193013780850981,5.989915785188147,5.70290628447705,5.738232204085803,5.748455702564873,5.602036957579436,5.235835138599391,4.752275352208741,4.604452308146405,4.3173682359297505
2024-08-31,6.360621838452009,6.172430450555263,5.966532554942399,5.65937045338667,5.755269276127611,5.758287453325189,5.626140424553202,5.165525606959882,4.738565665715334,4.601858702524369,4.354058133723404
2024-09-01,6.360912392746921,6.167931353127815,6.0019432502400125,5.68576947375481,5.723444318128987,5.7271313350824835,5.581933339706601,5.154925823614347,4.726547216847672,4.603225561167693,4.313093041079955
2024-09-02,6.311721926997044,6.170391705616094,6.012949023696008,5.64925393010364,5.764660965087798,5.737677242239561,5.625123003670166,5.210787521082355,4.7728420226563495,4.599168107763558,4.329738210711245
2024-09-03,6.348962250860395,6.130318905392987,5.9998882047899755,5.651247605037081,5.766782290051264,5.727838403913486,5.517786187006254,5.221215994603139,4.781238429506588,4.575930326155274,4.343199857052291
2024-09-04,6.283951509678984,6.1279432001160785,5.98490056047155,5.662898053272116,5.76687013132494,5.788682136339598,5.524889703262934,5.176470348806305,4.780466932833937,4.577923638394261,4.299848395224431
2024-09-05,6.303300526639048,6.097871996086428,5.963613112734395,5.651880289494677,5.760593819959431,5.733373405516114,5.581145189422783,5.173996225087723,4.754285477775472,4.58411318259453,4.2953433858066274
2024-09-06,6.367793157084726,6.101310575515207,6.004852190742189,5.578362939169328,5.726214336454149,5.753578250716459,5.55940577406996,5.219945334251387,4.7200153492779116,4.624096461092678,4.361927465168365
2024-09-07,6.362731319806921,6.123670595525931,5.941723649419802,5.59968058678617,5.743650819642007,5.733975288843951,5.586891948227763,5.216444409315124,4.731176822931499,4.59228224022483,4.339297291675292
2024-09-08,6.346111234539514,6.135732288976213,5.999164841451635,5.656302799930421,5.699765348503706,5.702873038756676,5.543029343865624,5.191897757626153,4.783136944957014,4.594888131465699,4.331091399874425
2024-09-09,6.2985421103951,6.089864356783509,5.940477584851102,5.619572698481784,5.780930015767762,5.731480484183608,5.513482934932835,5.215920949974194,4.730968742130536,4.636602940556113,4.3286149389571165
2024-09-10,6.3203377306871,6.07498784598056,5.942644919360257,5.602954942507195,5.726282551958142,5.7500888866557345,5.529156894543164,5.1537875280472,4.746765030948738,4.634761621635936,4.316423124341859
2024-09-11,6.315892552789148,6.0829690224720885,5.915902182732446,5.573053627482244,5.716096819113183,5.691483175652718,5.485640547790359,5.174848128894512,4.707161771388925,4.584872647091091,4.360822224525001
2024-09-12,6.275495213900257,6.095463013978213,5.939565404038078,5.576576692674985,5.773817649100889,5.747603479903814,5.493833689857576,5.23148905209261,4.746511529151483,4.571849446335823,4.299273257646947
2024-09-13,6.349607680243389,6.028598845830456,5.97858262319289,5.5434868084878675,5.684282130804337,5.69346665829057,5.552949124120617,5.180642986329445,4.719680303829054,4.5622954495173955,4.312954989067717
2024-09-14,6.325100306335058,5.997530870337539,5.9595220028988445,5.596288461312217,5.683196130766172,5.700111087718815,5.546057950562825,5.178937426194084,4.761823154797485,4.606478769103196,4.249804969467998
2024-09-15,6.286438423269312,6.0444162065031035,5.968149938852342,5.576574075081369,5.679505556256393,5.726177623196401,5.526877185057581,5.24089538109973,4.750653641714202,4.577035620529627,4.266292980441209
2024-09-16,6.2881761093762965,6.018841227122466,5.949219941971341,5.560744160250625,5.70579872122263,5.686024843650461,5.460481734125093,5.126319926165304,4.709615144130382,4.5690776072048065,4.252740949612869
2024-09-17,6.287937545209893,6.034763022925258,5.895218301881979,5.582927029749275,5.7162408492766525,5.702740314050812,5.497503296771773,5.188790650802846,4.717740154749577,4.553772474082304,4.324725486725126
2024-09-18,6.214764944663828,6.0401328512250245,5.913191854132716,5.5911331899341095,5.720953605125055,5.68787188629087,5.467661154640697,5.2114292798407265,4.7020747443912505,4.552616779468113,4.207679837250825
2024-09-19,6.262947059635538,6.025542301103239,5.89451115176318,5.63826780812855,5.771409101949874,5.696907654888912,5.535877356826979,5.1483903659439365,4.67310785236809,4.582847338534785,4.26995366437018
2024-09-20,6.244262758099753,6.077301786026363,5.952650481565968,5.52538768076301,5.622266684176438,5.61733295908931,5.479254417153247,5.18056595367088,4.687064706083927,4.531335779898835,4.189993204248189
2024-09-21,6.229048152788901,6.038132672666155,5.871660246977632,5.600812490954109,5.703526703971161,5.629607758483521,5.46039293490099,5.12197193459278,4.715846192625404,4.598212886892088,4.252661765856329
2024-09-22,6.245052819731001,6.031961738138022,5.929220116863487,5.590525590676499,5.664080305500996,5.698734911691686,5.490073144128157,5.127500644971727,4.716783759449869,4.549933992852767,4.260682542507376
2024-09-23,6.301820148080266,6.036245547617979,5.924057730421839,5.53327589418107,5.6587460029176055,5.707143680575639,5.466203166744925,5.156336354975187,4.708623361645333,4.559057408253795,4.3147824004170685
2024-09-24,6.261533246294348,5.978060850134592,5.947032332931178,5.558076571940634,5.6533042126671145,5.644500658620465,5.526163343455879,5.1654437927664425,4.692270567377724,4.521048986675623,4.282975046808164
2024-09-25,6.219605715116445,6.038060423833996,5.874742457833963,5.53359602893564,5.640207921692989,5.660296146653554,5.455864641095581,5.171829034196715,4.726484907799077,4.558413902283095,4.243936620131958
2024-09-26,6.248366436163194,5.999290111717687,5.903306792692397,5.548255960500036,5.713595135716818,5.672275055857025,5.432204805675699,5.1820186862431035,4.697584260954228,4.546576550719165,4.298779178183078
2024-09-27,6.267632250309784,6.016368195510463,5.945305521870415,5.583334276738429,5.683931455927731,5.6800612539480975,5.405881699987655,5.129650088265768,4.713975479427345,4.552579826180817,4.265219401563425
2024-09-28,6.2478680174088606,5.958803581901076,5.853260340555074,5.551618361783629,5.654976346132214,5.594280440596171,5.465847747615499,5.164240279284685,4.636879256605038,4.595904361463575,4.2637103922447395
2024-09-29,6.216410137209222,5.939066857291719,5.820686807006815,5.544113053950957,5.690443669489148,5.62439038366577,5.446230475980552,5.114936022413983,4.569649948490075,4.5547696857335,4.2244169932872175
2024-09-30,6.189720151327337,6.004951440749619,5.805300946342001,5.511364960461325,5.600184867451363,5.636869851365197,5.416553087266072,5.149055957509801,4.693079851698025,4.523299428039239,4.228725288496884
2024-10-01,6.224596797458094,5.986456982372758,5.878060655995819,5.475186792262541,5.601301936810489,5.663831895207644,5.491443680208529,5.125020747386713,4.639082310919794,4.523514880295333,4.2316161571535105
2024-10-02,6.209991318945409,5.942867911481959,5.795177652600854,5.508903513986254,5.571561229066552,5.713595876273964,5.472145717645051,5.128984101894486,4.6727256150604894,4.560438503179149,4.2557211065262885
2024-10-03,6.219594025965854,5.93861913984649,5.835510263616301,5.546819685689773,5.611609807759864,5.62772287507898,5.44765811635457,5.125151494782764,4.66732495317078,4.5792902689707375,4.254636844970063
2024-10-04,6.206359660364944,5.993266454956417,5.854821712144632,5.460285091054752,5.633149987663073,5.5882886131083,5.485825534515524,5.061152407115441,4.721313385700819,4.546546718469863,4.296610862862542
2024-10-05,6.2133721576216905,5.9186302266753605,5.842294856865548,5.46994092431389,5.62710636999643,5.63851566227377,5.461177715558229,5.072431993388988,4.6830095603416595,4.556525060688534,4.259842340689296
2024-10-06,6.160424366108598,5.998416720542145,5.844554987359043,5.500889892498642,5.624237227232467,5.662041953075944,5.413036621322272,5.106108760540452,4.673318507127988,4.551945087002231,4.165081093981019
2024-10-07,6.210613846332361,5.916956614002728,5.833527143395022,5.463085227533243,5.573176377825511,5.62163171806571,5.402981112874267,5.049305768762418,4.690800299148328,4.574028920267707,4.252219459181965
2024-10-08,6.171645344823159,5.957980428319252,5.8603059588190165,5.464386908743385,5.635368568303874,5.587185783539438,5.455147313964909,5.121766828464512,4.674108050710917,4.470788045661191,4.198886574026559
2024-10-09,6.22261521602293,5.923838251630097,5.788466730538798,5.471007096625904,5.6142432956833135,5.6391337044389385,5.438963727005347,5.1198982294167585,4.646700072755249,4.547125782840826,4.211469502981739
2024-10-10,6.13433645538141,5.946675231104742,5.791837272266691,5.438313640791093,5.624841309608953,5.626323567968101,5.428644668948618,5.100502388992182,4.6899665868098355,4.554469426715656,4.214159779494935
2024-10-11,6.201760332746404,5.907153619025977,5.784092876169234,5.445640245016781,5.541876655513526,5.571672715953315,5.3946514480690295,5.0540036026482715,4.621936360070273,4.482658393598766,4.216715575515421
2024-10-12,6.150302656924604,5.9135052688662935,5.827318533032079,5.491563061435294,5.6038286723233455,5.60995043771318,5.434793541452796,5.126006727864153,4.662347420579579,4.494127404688855,4.193466691075575
2024-10-13,6.119521247195846,5.914543187383669,5.824579394591168,5.426849993107424,5.554689954194344,5.624492703239155,5.3904134193504065,5.142698354671012,4.603658591290408,4.49306585229069,4.238945619670622
2024-10-14,6.119260154044566,5.878191032400051,5.80627334266035,5.413760273060548,5.574256666526152,5.6261129923867585,5.40655654548678,5.082988303962568,4.653654168879268,4.494632001277065,4.1886515656229575
2024-10-15,6.1188936839316685,5.925436862737182,5.823424971578357,5.438435470579803,5.598075196121991,5.5847588091006966,5.449576661145749,5.090900456501838,4.65079014279565,4.499965000408556,4.239824569351198
2024-10-16,6.135970828224643,5.8827855742252995,5.747776886585018,5.474949040455327,5.580659314954571,5.572120254768374,5.382909873853173,5.0786593233450805,4.692773075332361,4.519629773640293,4.294396952947355
2024-10-17,6.133686969608033,5.8863081410834095,5.828347095466787,5.442751185033631,5.548276873456801,5.615805521089261,5.352126095867922,5.085555316403355,4.593023491083423,4.536271414574982,4.185584636848581
2024-10-18,6.095561200158087,5.858334054804413,5.81925403046046,5.430404110998469,5.569922073793894,5.538821399785358,5.364334470651528,5.063108795241686,4.6194536141977105,4.540704409739226,4.215121927642418
2024-10-19,6.106826025468507,5.806307091428681,5.790866199066118,5.441369178986623,5.51971279356005,5.584436669701193,5.422349131686601,5.062724115603066,4.659682391508014,4.481108102788165,4.146159511704028
2024-10-20,6.1666233278833475,5.872472924392972,5.8175062646800955,5.383378154723145,5.596105939731869,5.526345659179972,5.396785472414283,5.088012146599768,4.6425972165687375,4.478893689207699,4.2110552605256695
2024-10-21,6.148994076147532,5.945622886028665,5.709622369485711,5.446315520000828,5.551392472138456,5.595588923226898,5.38191459836998,5.1283029292590685,4.635496640613833,4.541715428945728,4.237598930659952
2024-10-22,6.1050839800359356,5.891837143108202,5.73887031490893,5.438716298990014,5.587074490901112,5.552081371630665,5.367159411990747,5.013039578169137,4.598967133163527,4.519663011365939,4.238184614769645
2024-10-23,6.087974698998202,5.8627896299764535,5.727841184263355,5.4106867272915995,5.533702877616918,5.594089172014552,5.39365816560238,5.049048687274352,4.607504204794355,4.500780393923826,4.217148207291607
2024-10-24,6.085289601693088,5.850562885920401,5.766854939414479,5.4489101928658705,5.52978612676489,5.566996738012863,5.350303107602709,5.013884336385672,4.6601712789995515,4.5105420468297215,4.239780798210952
2024-10-25,6.094961913495273,5.854219402192612,5.709030254315078,5.380687695724332,5.518576026188678,5.511794073980846,5.3816387501317635,5.094207632219549,4.618879711639428,4.493508976186284,4.287773776815003
2024-10-26,6.0407538535717995,5.865068357267679,5.75859679157722,5.444143513464046,5.563808614901902,5.587479382198099,5.347237219740736,5.02597702429487,4.629304260828143,4.508215317004581,4.261064070420952
2024-10-27,6.0586110290078246,5.808353196145712,5.772338920399332,5.410748156996194,5.512275667782934,5.587541215970073,5.338964587367895,4.997488856061477,4.612219740960662,4.480483900877689,4.192335529365025
2024-10-28,6.0111828265190885,5.872343357239716,5.747443151066404,5.391837201696006,5.54894500002904,5.563749089498795,5.343502587004535,5.057119535343209,4.577828075248727,4.4967315040678635,4.162807594104918
2024-10-29,6.06813828168464,5.855524487323734,5.730477038424357,5.397171218361492,5.514195315346476,5.510722711179483,5.34811104344408,5.087505519988921,4.638993419036907,4.441465644451601,4.192498943319487
2024-10-30,6.0705118038827734,5.850771059506726,5.687718849552261,5.390396230892547,5.462464836913921,5.520692879323744,5.354667526964047,5.052299482186472,4.623747641753215,4.464276265460068,4.174629873380106
2024-10-31,6.031547646788699,5.837555177055549,5.687353040141073,5.426082384484519,5.500722139791969,5.530552042581313,5.3599682283796275,5.035763819311904,4.675504316581615,4.462740204624043,4.214948630597268
2024-11-01,6.0882230108243265,5.820177674079802,5.7456635079312415,5.353046099794927,5.478558993611528,5.501406694485829,5.239038580569634,5.039135299842481,4.573565163616401,4.469972436856425,4.164354098093107
2024-11-02,5.999203328818224,5.8349760044004375,5.726984506051732,5.358356195986452,5.511062723484458,5.569629907561024,5.3222577308810015,5.066560204724447,4.626419909701974,4.451575061648843,4.195999654927665
2024-11-03,5.987030534041908,5.827758175263363,5.697875136472716,5.408218750422056,5.470459402392567,5.519543399417502,5.331550447550879,4.995155510376975,4.5601191111021295,4.4615430629143855,4.221731764128087
2024-11-04,6.032693271413691,5.794608568521362,5.681962576469317,5.35517396077218,5.5300893348418345,5.430479713399876,5.385272161956749,5.01530503366131,4.601920989799493,4.430308316882759,4.191989935562888
2024-11-05,6.052382917033682,5.7832600899508915,5.62919208212694,5.395978661005192,5.495728568057135,5.518139693432895,5.304555291163708,5.002371015324848,4.624243267816993,4.490405434801909,4.16505318101011
2024-11-06,6.066510220859061,5.798774356345447,5.653319372299318,5.415880579094638,5.489295897133877,5.493905332444383,5.338686507636425,4.978219204619202,4.530543665099584,4.4696848677596615,4.2271309724268376
2024-11-07,5.997260308216146,5.837451820209113,5.738278167840495,5.3487905035421415,5.510475498046061,5.498505316790924,5.37551278189064,5.000719373940148,4.5843314166194915,4.419231921737547,4.133973101190256
2024-11-08,6.038433580121304,5.749082424600572,5.63802445149194,5.377243951922924,5.515902771899765,5.486109464655743,5.288143953234545,5.041129605516086,4.571366644118984,4.443583002327513,4.178976529719414
2024-11-09,5.999975938762899,5.737516018816953,5.6776367553677645,5.318162760174149,5.4825811500028605,5.517806088995756,5.3362351211567,5.022235096715761,4.564999481198337,4.476977410857267,4.186040151270569
2024-11-10,5.991021972504293,5.781782302871,5.697701482961148,5.3713975349701,5.456258213172974,5.52362354164744,5.297242125535578,5.0219169678196325,4.595421404646941,4.44885173895036,4.18625834322531
2024-11-11,6.017791587992642,5.773675209244891,5.62536768647031,5.350731662732318,5.422396642990518,5.49497411466281,5.3030770841687085,5.004343941429321,4.615303820914734,4.44250858256025,4.189698496367903
2024-11-12,6.0059437097048,5.772669163794459,5.664105118617728,5.354944733861,5.451266983196088,5.472764030803948,5.29103982242139,5.013022641943745,4.5755143480269105,4.459464710195441,4.201110575610917
2024-11-13,5.934185559324755,5.770118912672267,5.682260775561062,5.31740213267614,5.449575920138493,5.478175164094387,5.290105546387645,4.970689540771138,4.583517829269843,4.470307147899847,4.1802599913738705
2024-11-14,6.020887731204717,5.751446547964407,5.650068690151181,5.28296339780797,5.467558718755265,5.476486078553336,5.390657644274224,4.9828171730402335,4.57863392199085,4.41521627546892,4.168816195606295
2024-11-15,6.013119179583327,5.798191539197258,5.731326924789491,5.343930789222558,5.450258017926223,5.448318720244711,5.331283691763391,4.995268536870884,4.5731209091131,4.473129052519528,4.166176714823493
2024-11-16,5.94808502012038,5.700832081081443,5.590808521939467,5.262979003671575,5.477526386677574,5.486263556243241,5.335962431179837,4.995250369632853,4.538259213275179,4.430945292498467,4.158615916155611
2024-11-17,5.973871832605442,5.719378217318766,5.6682303854185445,5.31141881767446,5.434785235763469,5.479211405077258,5.314640742886247,4.993957376848516,4.6020758821722545,4.452755507992782,4.199155048229936
2024-11-18,5.9719746370555935,5.736519592312275,5.626896686644487,5.345243202058251,5.447760014709698,5.508147990558222,5.248674057012133,4.97763870950297,4.5755716363074965,4.450580178341256,4.154710431827342
2024-11-19,5.9601399419166174,5.685715670446691,5.650860545265833,5.318843084375756,5.481297381434887,5.496129857387051,5.305701314766929,4.967913085302151,4.57646544371497,4.434190227146532,4.198096949803388
2024-11-20,5.930986374632158,5.725139605143756,5.636574159856893,5.367624640708004,5.452348825812155,5.434443529894999,5.323041081916318,5.071425748030821,4.538336736727119,4.417661649272359,4.171861122153274
2024-11-21,5.9225322386618755,5.775672854890835,5.5969818742246735,5.336025455153383,5.436618864544251,5.476176752249155,5.262261437230669,5.00136266007777,4.546678050388076,4.438179686322942,4.154260448779004
2024-11-22,5.9371091426379925,5.721878271825374,5.621497481359035,5.281762462753006,5.416696993553477,5.419602637727458,5.313842864052643,4.984029313133907,4.553102687741523,4.4938984477626205,4.187066667371448
2024-11-23,5.968261676707061,5.72360484789938,5.554550791784412,5.298315265918984,5.412102937220531,5.465581856748747,5.3030420092132236,4.962123697168489,4.5103042405082965,4.402685759594933,4.145316407365689
2024-11-24,5.944600867370086,5.674320036565398,5.6240545213260384,5.292200208809206,5.401935049085302,5.425787137499379,5.334510998383235,4.95307746580715,4.503637234436177,4.492711888341897,4.184920135778918
2024-11-25,5.912396300890273,5.689084107589775,5.610579922788777,5.242290303864882,5.407585619769881,5.407178448020202,5.263462992302267,4.960192902822071,4.534214920670927,4.432566161413991,4.170799799160144
2024-11-26,5.941896165475697,5.691777633914413,5.616481651551307,5.25768652133325,5.442856785157993,5.442876491444469,5.240123444031042,4.9704132811426796,4.565880681164118,4.439842843019271,4.145180281001737
2024-11-27,5.8285277951387755,5.688969044212655,5.62476047022562,5.265226939978939,5.409909542407231,5.3508456000590385,5.259266617337815,4.902735241012428,4.52858703235175,4.404612676423435,4.177589468582678
2024-11-28,5.943694099295563,5.732424967681957,5.5997487745855805,5.217122615388503,5.372460563940189,5.3751690143369135,5.31025446245887,4.909594695897611,4.51560127892602,4.412516403448309,4.176796703266737
2024-11-29,5.852294740574949,5.7061895134972715,5.5888740920066935,5.275801468934747,5.4623943714162175,5.418997163848421,5.2094149994108445,4.935105959642387,4.519717117187878,4.419015652758319,4.193801158170984
2024-11-30,5.888875706317124,5.651605925778115,5.553718344313395,5.263079698927657,5.4153515399286105,5.423426567120308,5.199303502512347,4.957970416932649,4.528497420988947,4.401188304410984,4.1867442938366075
2024-12-01,5.861429154850297,5.68784322715883,5.5545102930131875,5.216547763116888,5.359955110257628,5.406512681285067,5.261131766991337,4.942129378442409,4.529549468205938,4.424755362602992,4.1711899540626955
2024-12-02,5.8514564403649185,5.6909004713980185,5.607212791855004,5.275051007821143,5.385326088352167,5.366855401514434,5.242274680305876,4.991209864485223,4.603145739881575,4.417283488174314,4.121323170698823
2024-12-03,5.920406414163803,5.705671118194435,5.6104417457063285,5.280597938868579,5.398333384509052,5.386355074256395,5.252893739308522,4.8999600718960785,4.567840667353271,4.483495555764424,4.227314767632925
2024-12-04,5.866842168406469,5.714402563729008,5.555956168728728,5.262136793556299,5.442576660675405,5.4192883163797365,5.278137667071954,4.919464227219039,4.564974092047854,4.391477920481251,4.110461798405644
2024-12-05,5.886566555802501,5.632059854471655,5.560234003520003,5.241814357597961,5.354634269982376,5.421672337724905,5.230324285974314,4.985186600339437,4.567323740789731,4.428029527115812,4.179767947717736
2024-12-06,5.870068468926367,5.633719704022125,5.527476341174317,5.265496723108072,5.413604023201888,5.400405451159025,5.187840655890372,4.941103096689931,4.5003435770010425,4.430882277669506,4.162954746784732
2024-12-07,5.881098139225008,5.615857023896351,5.585564510277287,5.264383306244514,5.422758733494857,5.432276599372271,5.302500923168108,4.9613066444470935,4.49168531902439,4.389841531525402,4.113524322065998
2024-12-08,5.8644083477334945,5.642108642673734,5.566117290602953,5.249427987874301,5.358371799075728,5.406178886376998,5.20839122194057,4.993896573752327,4.493204151598732,4.44106618009885,4.143757874514165
2024-12-09,5.818936414888933,5.658670582483017,5.600170003978576,5.211702412641694,5.365369021223966,5.368524409806064,5.2036842650345205,4.909148545427901,4.5645051612351635,4.407027466118652,4.143868339552799
2024-12-10,5.882642154678974,5.66985593741805,5.511367961429803,5.240979180360166,5.339073631798435,5.379229599442118,5.2657197651057785,4.924592238209974,4.506119418326896,4.3427269860955136,4.184147908942139
2024-12-11,5.833274661175089,5.633518681975251,5.5221668297285795,5.264791194253088,5.3605327945105135,5.342260498041285,5.2182315171554725,4.917013091787989,4.483064921377933,4.435820803237445,4.122335841880501
2024-12-12,5.796728111050479,5.6217680985170055,5.536244858094798,5.207278521069439,5.362017649801882,5.3778091355248065,5.225027522084264,4.864167339919569,4.505751156456233,4.381048728348515,4.134636560883235
2024-12-13,5.825925082478353,5.631487335468953,5.544495340227425,5.284370951057946,5.379388329220605,5.411127906248935,5.238580708182426,4.911117217136257,4.5096030720858185,4.381660106441407,4.071177325069102
2024-12-14,5.8791388180604,5.5974558978764115,5.514434316382826,5.201923738657577,5.388792331391693,5.3950396903863505,5.253776802106205,4.944489495802206,4.522898349559507,4.432271335003326,4.192071316894203
2024-12-15,5.854974437817356,5.680776209978517,5.490523478387786,5.214929047049046,5.330136217483916,5.413261641973861,5.20844206694828,4.931908099545545,4.520463469459985,4.3997646199135145,4.1066876798691885
2024-12-16,5.814364012087866,5.5654441102700645,5.5389665319148165,5.1900504680939274,5.290055649010841,5.358839208587154,5.261225056005561,4.931899720836779,4.486182538765941,4.436261850125699,4.147386376499833
2024-12-17,5.809705418891317,5.614803834541027,5.529974145203807,5.2131951437116175,5.344938142409007,5.405036946776006,5.148736891785104,4.899702552134532,4.5296944476356975,4.443586673027815,4.133317922428484
2024-12-18,5.805897208579693,5.665561016036169,5.476671175785435,5.15050588670942,5.350885232730603,5.35558654938117,5.232792431969334,4.888929036466703,4.488049286220499,4.386490377109466,4.1322047712587
2024-12-19,5.8732150977250726,5.6006513250878935,5.5406452853171055,5.182670090385133,5.346068546513033,5.402268239892424,5.182004203740492,4.9443370437036736,4.500640426511257,4.428195934556752,4.158228590757075
2024-12-20,5.817740158731718,5.590343697837355,5.530913603885925,5.162569554044826,5.32529576635264,5.354203035077275,5.245552424444034,4.888990318000319,4.524038601951405,4.380297103239774,4.182861574813297
2024-12-21,5.814555570308848,5.580921834121212,5.495664967635367,5.19567797497952,5.3353512634450775,5.372816517581697,5.205842662557303,4.910385541181,4.482290189723691,4.468520061180804,4.139062269677507
2024-12-22,5.827937588135186,5.581836312163549,5.489854976589893,5.217738418188258,5.373587319275748,5.392596324056666,5.178593749371467,4.904118905956455,4.482576279033075,4.379306067808952,4.149966096575994
2024-12-23,5.799569809157831,5.624038668919303,5.499922028104456,5.203574641168357,5.336093560915766,5.339285787281426,5.2158680095134535,4.940728447794458,4.51552113938148,4.429447881703428,4.138979084868411
2024-12-24,5.780013953818367,5.512104543334854,5.453284491048804,5.109336167294229,5.309960077851654,5.348387982709824,5.219982328463221,4.923679413740677,4.470155412675859,4.422551473713961,4.1584388981371845
2024-12-25,5.77727558753829,5.620072378721262,5.475873596728829,5.2380413112848085,5.302676571855624,5.377251693796226,5.209649184068862,4.8533411711061545,4.4824617383611125,4.405294703075568,4.112827861699243
2024-12-26,5.776400437609173,5.526961147679404,5.406239742775947,5.1819324210554765,5.3091098389678315,5.331346701641576,5.156708683093114,4.854235749001482,4.508797383068647,4.374271596607488,4.157780994943795
2024-12-27,5.772815474338311,5.557292060607669,5.492944788900884,5.146075123423197,5.359831785544,5.292462307264991,5.170287540133703,4.904894326486629,4.551868783289824,4.388423063390692,4.157639473169452
2024-12-28,5.791145713166924,5.548027085489732,5.415647212666312,5.170381029391048,5.301755761776409,5.393132585940618,5.181895371671181,4.8832626098452,4.506530056891209,4.326935460841741,4.155606805731441
2024-12-29,5.766260653657315,5.574174568606875,5.50343625879728,5.167250745480805,5.30318691390076,5.311503503736923,5.17799003494885,4.869204057871053,4.500669791140679,4.396854586263761,4.102133242522855
2024-12-30,5.782067439618165,5.504188302365622,5.44427222572358,5.138257958274902,5.285837808275797,5.327113692552452,5.198930966528351,4.91099503002591,4.500537832257134,4.39918983591868,4.115695042581152
2024-12-31,5.753052955151487,5.561611530347421,5.4436682387172475,5.160499543815883,5.329803442329099,5.353786039499592,5.1132025980612985,4.8838172121196015,4.450541518055361,4.3912860044696505,4.126736929371442
